zip,city,ev_2025,ev_2021,station_count,l2_ports,dcfc_ports,total_ports,total_ports_2021,ports_within_radius,evs_within_radius,evs_per_port_nearby,access_class,evs_per_port,vs_state_avg,evs_added,ports_added,service_category
90001,,561,99,0,0,0,0,0,7173.0,138704.0,19.33695803708351,"Fewer than 1,000 EVs",,,462,0,"Fewer than 1,000 EVs"
90002,Los Angeles,566,89,3,5,2,7,1,5615.0,132608.0,23.61674087266251,"Fewer than 1,000 EVs",80.85714285714286,2.4297874870632423,477,6,"Fewer than 1,000 EVs"
90003,Los Angeles,691,81,3,3,0,3,0,7302.0,155087.0,21.238975623116954,"Fewer than 1,000 EVs",230.33333333333334,6.921603106551769,610,3,"Fewer than 1,000 EVs"
90004,Los Angeles,2718,738,15,107,0,107,25,9415.0,192669.0,20.46404673393521,Well served,25.401869158878505,0.7633357010809625,1980,82,At or above average
90005,Los Angeles,1824,327,19,105,0,105,29,9612.0,193529.0,20.134103204327925,Well served,17.37142857142857,0.5220179477506894,1497,76,At or above average
90006,Los Angeles,1203,193,10,39,0,39,20,9489.0,182976.0,19.28295921593424,Well served,30.846153846153847,0.926938499074004,1010,19,At or above average
90007,Los Angeles,714,121,49,157,0,157,46,9006.0,177027.0,19.656562291805464,"Fewer than 1,000 EVs",4.547770700636943,0.13666221624926386,593,111,"Fewer than 1,000 EVs"
90008,Los Angeles,1508,355,10,10,0,10,0,9354.0,184240.0,19.696386572589265,Locally sparse - chargers nearby,150.8,4.531596592480493,1153,10,Severely underserved (>3x state avg)
90009,,24,8,0,0,0,0,0,,,,No location data,,,16,0,"Fewer than 1,000 EVs"
90010,Los Angeles,726,162,8,47,6,53,36,9618.0,191207.0,19.880120607194844,"Fewer than 1,000 EVs",13.69811320754717,0.4116334425380158,564,17,"Fewer than 1,000 EVs"
90011,Los Angeles,899,124,8,20,0,20,0,8003.0,162438.0,20.297138573035113,"Fewer than 1,000 EVs",44.95,1.3507643689124544,775,20,"Fewer than 1,000 EVs"
90012,Los Angeles,2652,977,63,449,40,489,230,7588.0,149909.0,19.75606220347918,Well served,5.423312883435583,0.16297258741732254,1675,259,At or above average
90013,Los Angeles,723,221,14,81,2,83,4,7754.0,155074.0,19.99922620582925,"Fewer than 1,000 EVs",8.710843373493976,0.26176411239361125,502,79,"Fewer than 1,000 EVs"
90014,Los Angeles,483,181,29,76,0,76,5,8278.0,155228.0,18.75187243295482,"Fewer than 1,000 EVs",6.355263157894737,0.19097804290870427,302,71,"Fewer than 1,000 EVs"
90015,Los Angeles,1512,389,76,267,12,279,41,8335.0,172810.0,20.733053389322137,Well served,5.419354838709677,0.16285364668792732,1123,238,At or above average
90016,Los Angeles,2051,434,21,33,3,36,6,9586.0,184127.0,19.207907364907157,Well served,56.97222222222222,1.712036658410236,1617,30,Below average
90017,Los Angeles,1417,375,43,100,1,101,23,8595.0,164592.0,19.149738219895287,Well served,14.029702970297029,0.4215978393482192,1042,78,At or above average
90018,Los Angeles,1360,312,9,14,0,14,0,9806.0,178827.0,18.23648786457271,Locally sparse - chargers nearby,97.14285714285714,2.9191793130795136,1048,14,Below average
90019,Los Angeles,3036,780,11,26,1,27,3,10216.0,196790.0,19.262920908379012,Locally sparse - chargers nearby,112.44444444444444,3.378997753897921,2256,24,Severely underserved (>3x state avg)
90020,Los Angeles,1512,387,8,56,10,66,2,9565.0,190358.0,19.901515943544172,Well served,22.90909090909091,0.6884267791807838,1125,64,At or above average
90021,Los Angeles,381,112,13,48,44,92,30,7546.0,147369.0,19.529419560031805,"Fewer than 1,000 EVs",4.141304347826087,0.12444774980791341,269,62,"Fewer than 1,000 EVs"
90022,Los Angeles,799,135,1,0,6,6,0,5042.0,115894.0,22.98571995239984,"Fewer than 1,000 EVs",133.16666666666666,4.0017083083465,664,6,"Fewer than 1,000 EVs"
90023,Los Angeles,506,112,1,2,0,2,0,6171.0,125144.0,20.27937125263329,"Fewer than 1,000 EVs",253.0,7.602744946270322,394,2,"Fewer than 1,000 EVs"
90024,Los Angeles,3195,1102,19,61,0,61,49,8210.0,181044.0,22.051644336175396,Well served,52.377049180327866,1.5739499840169557,2093,12,Below average
90025,Los Angeles,4128,1247,115,533,27,560,365,7667.0,159638.0,20.82144254597626,Well served,7.371428571428571,0.22151419493368074,2881,195,At or above average
90026,Los Angeles,2891,977,20,46,2,48,13,8092.0,164645.0,20.346638655462183,Well served,60.229166666666664,1.8099090612374424,1914,35,Below average
90027,Los Angeles,3074,1072,20,122,26,148,38,7962.0,174444.0,21.909570459683497,Well served,20.77027027027027,0.6241544163239763,2002,110,At or above average
90028,Los Angeles,1955,431,83,291,36,327,99,9129.0,176040.0,19.28360170883996,Well served,5.978593272171254,0.1796589714853982,1524,228,At or above average
90029,Los Angeles,945,227,17,46,0,46,16,8553.0,176752.0,20.66549748626213,"Fewer than 1,000 EVs",20.543478260869566,0.6173392313305941,718,30,"Fewer than 1,000 EVs"
90030,Los Angeles,0,0,1,7,0,7,0,,,,No location data,0.0,0.0,0,7,"Fewer than 1,000 EVs"
90031,Los Angeles,1261,278,7,5,16,21,1,6967.0,149972.0,21.52605138510119,Well served,60.04761904761905,1.8044534871535622,983,20,Below average
90032,Los Angeles,1437,388,42,120,22,142,0,5994.0,142197.0,23.723223223223226,Well served,10.119718309859154,0.3041013329563673,1049,142,At or above average
90033,Los Angeles,542,103,36,153,14,167,2,6499.0,146052.0,22.472995845514696,"Fewer than 1,000 EVs",3.245508982035928,0.09752876289031064,439,165,"Fewer than 1,000 EVs"
90034,Los Angeles,3692,997,36,82,46,128,35,9210.0,178100.0,19.33767643865364,Well served,28.84375,0.8667655120315597,2695,93,At or above average
90035,Los Angeles,2685,658,24,50,0,50,19,9441.0,191542.0,20.288316915580975,Well served,53.7,1.6137051526273372,2027,31,Below average
90036,Los Angeles,3284,860,29,135,0,135,30,10083.0,203814.0,20.213626896756917,Well served,24.325925925925926,0.731003203148931,2424,105,At or above average
90037,Los Angeles,652,105,9,16,2,18,1,8671.0,159456.0,18.389574443547456,"Fewer than 1,000 EVs",36.22222222222222,1.088491371314943,547,17,"Fewer than 1,000 EVs"
90038,Los Angeles,1325,288,62,403,83,486,207,9403.0,183605.0,19.526215037753907,Well served,2.7263374485596708,0.08192746347377297,1037,279,At or above average
90039,Los Angeles,2409,894,42,88,2,90,5,7721.0,160894.0,20.838492423261236,Well served,26.766666666666666,0.8043483783735268,1515,85,At or above average
90040,Commerce,368,97,3,2,60,62,2,4343.0,102401.0,23.578402026249137,"Fewer than 1,000 EVs",5.935483870967742,0.17836351780106327,271,60,"Fewer than 1,000 EVs"
90041,Los Angeles,1835,611,17,21,0,21,2,6531.0,137952.0,21.12264584290308,Locally sparse - chargers nearby,87.38095238095238,2.625830411520053,1224,19,Below average
90042,Los Angeles,2721,830,19,230,8,238,135,6326.0,145679.0,23.02861207714195,Well served,11.432773109243698,0.34355912244331127,1891,103,At or above average
90043,Los Angeles,1982,440,7,9,0,9,0,9083.0,170098.0,18.727072553121214,Locally sparse - chargers nearby,220.22222222222223,6.617760423147905,1542,9,Severely underserved (>3x state avg)
90044,Los Angeles,1114,158,12,41,5,46,22,6687.0,151081.0,22.59324061612083,Well served,24.217391304347824,0.7277416970394517,956,24,At or above average
90045,Los Angeles,14524,1158,79,424,15,439,160,6318.0,141831.0,22.44871794871795,Well served,33.08428246013668,0.9941951038529011,13366,279,At or above average
90046,West Hollywood,4662,1622,50,359,10,369,132,9443.0,189374.0,20.054431854283596,Well served,12.634146341463415,0.37966083892490377,3040,237,At or above average
90047,Los Angeles,1422,245,8,7,8,15,4,7586.0,153712.0,20.262588979699448,Locally sparse - chargers nearby,94.8,2.848775576705243,1177,11,Below average
90048,Los Angeles,2423,710,44,212,16,228,71,9880.0,200326.0,20.27591093117409,Well served,10.62719298245614,0.31935113731386505,1713,157,At or above average
90049,Los Angeles,5801,2154,35,190,4,194,95,6796.0,149857.0,22.0507651559741,Well served,29.9020618556701,0.8985681804595195,3647,99,At or above average
90050,,2,0,0,0,0,0,0,,,,No location data,,,2,0,"Fewer than 1,000 EVs"
90051,,5,3,0,0,0,0,0,,,,No location data,,,2,0,"Fewer than 1,000 EVs"
90053,,4,1,0,0,0,0,0,,,,No location data,,,3,0,"Fewer than 1,000 EVs"
90054,,3,0,0,0,0,0,0,,,,No location data,,,3,0,"Fewer than 1,000 EVs"
90055,,1,1,0,0,0,0,0,,,,No location data,,,0,0,"Fewer than 1,000 EVs"
90056,Los Angeles,849,266,5,15,0,15,8,8620.0,166842.0,19.35522041763341,"Fewer than 1,000 EVs",56.6,1.7008512409442698,583,7,"Fewer than 1,000 EVs"
90057,Los Angeles,769,183,6,58,0,58,40,8796.0,168677.0,19.176557526148247,"Fewer than 1,000 EVs",13.258620689655173,0.39842652744186163,586,18,"Fewer than 1,000 EVs"
90058,Vernon,223,74,24,4,41,45,0,6051.0,125354.0,20.71624524871922,"Fewer than 1,000 EVs",4.955555555555556,0.14891630417376214,149,45,"Fewer than 1,000 EVs"
90059,Los Angeles,569,89,4,11,8,19,4,5224.0,124728.0,23.875957120980093,"Fewer than 1,000 EVs",29.94736842105263,0.8999296597519894,480,15,"Fewer than 1,000 EVs"
90061,Los Angeles,437,63,5,5,0,5,2,5015.0,124607.0,24.846859421734795,"Fewer than 1,000 EVs",87.4,2.626402799620657,374,3,"Fewer than 1,000 EVs"
90062,Los Angeles,687,110,1,1,0,1,0,9204.0,174975.0,19.010756192959583,"Fewer than 1,000 EVs",687.0,20.644607818528502,577,1,"Fewer than 1,000 EVs"
90063,Los Angeles,1331,326,1,4,0,4,4,6155.0,136906.0,22.243054427294883,Locally sparse - chargers nearby,332.75,9.999262374985967,1005,0,Severely underserved (>3x state avg)
90064,Los Angeles,3716,1149,51,149,22,171,41,8399.0,170829.0,20.33920704845815,Well served,21.730994152046783,0.6530245295134529,2567,130,At or above average
90065,Los Angeles,2858,928,9,23,0,23,2,7110.0,155661.0,21.89324894514768,Locally sparse - chargers nearby,124.26086956521739,3.7340857632652655,1930,21,Severely underserved (>3x state avg)
90066,Los Angeles,4951,1589,22,146,12,158,12,7148.0,153106.0,21.419418019026303,Well served,31.335443037974684,0.9416418229095003,3362,146,At or above average
90067,Los Angeles,925,356,85,348,3,351,30,9041.0,177339.0,19.614976219444753,"Fewer than 1,000 EVs",2.635327635327635,0.07919258443183279,569,321,"Fewer than 1,000 EVs"
90068,Los Angeles,2792,1078,66,167,1,168,31,8576.0,181080.0,21.11473880597015,Well served,16.61904761904762,0.4994086177768384,1714,137,At or above average
90069,West Hollywood,2466,851,35,74,8,82,38,9361.0,205529.0,21.95588078196774,Well served,30.073170731707318,0.9037100663984678,1615,44,At or above average
90070,,1,0,0,0,0,0,0,,,,No location data,,,1,0,"Fewer than 1,000 EVs"
90071,Los Angeles,46,30,53,119,4,123,30,8236.0,164046.0,19.91816415735794,"Fewer than 1,000 EVs",0.37398373983739835,0.011238351731367807,16,93,"Fewer than 1,000 EVs"
90072,,1,0,0,0,0,0,0,,,,No location data,,,1,0,"Fewer than 1,000 EVs"
90073,,5,0,0,0,0,0,0,7296.0,163382.0,22.393366228070175,"Fewer than 1,000 EVs",,,5,0,"Fewer than 1,000 EVs"
90074,,1,0,0,0,0,0,0,,,,No location data,,,1,0,"Fewer than 1,000 EVs"
90075,,3,1,0,0,0,0,0,,,,No location data,,,2,0,"Fewer than 1,000 EVs"
90076,,1,2,0,0,0,0,0,,,,No location data,,,-1,0,"Fewer than 1,000 EVs"
90077,Los Angeles,1867,686,6,85,0,85,5,7653.0,164405.0,21.482425192734876,Well served,21.96470588235294,0.6600476547168886,1181,80,At or above average
90078,,13,5,0,0,0,0,0,,,,No location data,,,8,0,"Fewer than 1,000 EVs"
90079,,0,1,0,0,0,0,0,8313.0,155957.0,18.76061590280284,"Fewer than 1,000 EVs",,,-1,0,"Fewer than 1,000 EVs"
90080,,1,0,0,0,0,0,0,,,,No location data,,,1,0,"Fewer than 1,000 EVs"
90081,,1,0,0,0,0,0,0,,,,No location data,,,1,0,"Fewer than 1,000 EVs"
90082,,1,0,0,0,0,0,0,,,,No location data,,,1,0,"Fewer than 1,000 EVs"
90083,,3,1,0,0,0,0,0,,,,No location data,,,2,0,"Fewer than 1,000 EVs"
90086,,12,2,0,0,0,0,0,,,,No location data,,,10,0,"Fewer than 1,000 EVs"
90089,Los Angeles,26,17,12,59,0,59,0,9135.0,167548.0,18.341324575807334,"Fewer than 1,000 EVs",0.4406779661016949,0.01324253825973259,9,59,"Fewer than 1,000 EVs"
90091,,0,1,0,0,0,0,0,,,,No location data,,,-1,0,"Fewer than 1,000 EVs"
90093,,6,7,0,0,0,0,0,,,,No location data,,,-1,0,"Fewer than 1,000 EVs"
90094,Los Angeles,1572,557,21,37,15,52,25,6854.0,151491.0,22.10256784359498,Well served,30.23076923076923,0.9084459604391111,1015,27,At or above average
90095,Los Angeles,147,42,5,41,6,47,47,7898.0,174161.0,22.0512788047607,"Fewer than 1,000 EVs",3.127659574468085,0.09398734396617082,105,0,"Fewer than 1,000 EVs"
90201,Bell,1316,190,4,0,4,4,0,4554.0,100176.0,21.99736495388669,Locally sparse - chargers nearby,329.0,9.886573467679588,1126,4,Severely underserved (>3x state avg)
90202,,0,1,0,0,0,0,0,,,,No location data,,,-1,0,"Fewer than 1,000 EVs"
90203,,0,1,0,0,0,0,0,,,,No location data,,,-1,0,"Fewer than 1,000 EVs"
90204,,1,0,0,0,0,0,0,,,,No location data,,,1,0,"Fewer than 1,000 EVs"
90209,,36,64,0,0,0,0,0,,,,No location data,,,-28,0,"Fewer than 1,000 EVs"
90210,Beverly Hills,3759,1371,53,100,0,100,37,8851.0,177154.0,20.01513953225624,Well served,37.59,1.1295936068391361,2388,63,Below average
90211,Beverly Hills,1282,382,4,7,0,7,0,9650.0,192492.0,19.947357512953367,Locally sparse - chargers nearby,183.14285714285714,5.503511587305789,900,7,Severely underserved (>3x state avg)
90212,Beverly Hills,1731,513,18,54,0,54,14,9502.0,184405.0,19.406966954325405,Well served,32.05555555555556,0.9632814743078559,1218,40,At or above average
90213,,26,5,0,0,0,0,0,,,,No location data,,,21,0,"Fewer than 1,000 EVs"
90220,Compton,884,157,4,6,4,10,4,3291.0,103202.0,31.35885749012458,"Fewer than 1,000 EVs",88.4,2.656453174902358,727,6,"Fewer than 1,000 EVs"
90221,Compton,655,117,12,20,2,22,0,2760.0,88331.0,32.00398550724638,"Fewer than 1,000 EVs",29.772727272727273,0.8946816277051852,538,22,"Fewer than 1,000 EVs"
90222,,410,63,0,0,0,0,0,4322.0,116905.0,27.048819990745024,"Fewer than 1,000 EVs",,,347,0,"Fewer than 1,000 EVs"
90223,,5,2,0,0,0,0,0,,,,No location data,,,3,0,"Fewer than 1,000 EVs"
90224,,1,2,0,0,0,0,0,,,,No location data,,,-1,0,"Fewer than 1,000 EVs"
90230,Culver City,2458,775,34,71,29,100,45,8395.0,165077.0,19.663728409767717,Well served,24.58,0.7386382244242076,1683,55,At or above average
90231,,14,5,0,0,0,0,0,,,,No location data,,,9,0,"Fewer than 1,000 EVs"
90232,Culver City,1629,571,65,208,17,225,39,8998.0,173254.0,19.254723271838188,Well served,7.24,0.21756471703951435,1058,186,At or above average
90236,,1,0,0,0,0,0,0,,,,No location data,,,1,0,"Fewer than 1,000 EVs"
90237,,1,0,0,0,0,0,0,,,,No location data,,,1,0,"Fewer than 1,000 EVs"
90239,,11,4,0,0,0,0,0,,,,No location data,,,7,0,"Fewer than 1,000 EVs"
90240,Downey,1377,342,3,2,20,22,12,2817.0,93995.0,33.36705715299964,Well served,62.59090909090909,1.8808803074046414,1035,10,Below average
90241,Downey,1770,447,22,43,19,62,42,2686.0,89957.0,33.49106478034252,Well served,28.548387096774192,0.8578897459453314,1323,20,At or above average
90242,Downey,1241,268,8,80,6,86,86,2485.0,87378.0,35.162173038229376,Well served,14.430232558139535,0.4336339037743115,973,0,At or above average
90245,El Segundo,1562,549,61,162,4,166,48,4957.0,125201.0,25.257413758321565,Well served,9.409638554216867,0.2827631698193781,1013,118,At or above average
90247,Gardena,1551,343,8,45,11,56,6,3322.0,108469.0,32.65171583383504,Well served,27.696428571428573,0.8322880725342511,1208,50,At or above average
90248,Carson,672,215,21,35,32,67,0,3382.0,113648.0,33.603784742755764,"Fewer than 1,000 EVs",10.029850746268657,0.30140077894482076,457,67,"Fewer than 1,000 EVs"
90249,Gardena,1115,236,2,30,0,30,2,3730.0,114461.0,30.686595174262735,Well served,37.166666666666664,1.116872281303216,879,28,Below average
90250,Hawthorne,3212,846,21,40,41,81,50,3864.0,126977.0,32.86154244306418,Well served,39.65432098765432,1.1916272272200399,2366,31,Below average
90251,,15,0,0,0,0,0,0,,,,No location data,,,15,0,"Fewer than 1,000 EVs"
90254,Hermosa Beach,2426,997,6,30,28,58,30,2661.0,100601.0,37.80571213829388,Well served,41.827586206896555,1.2569346626449367,1429,28,Below average
90255,Huntington Park,829,154,2,0,18,18,0,5347.0,116359.0,21.76154853188704,"Fewer than 1,000 EVs",46.05555555555556,1.3839867282516682,675,18,"Fewer than 1,000 EVs"
90256,,0,1,0,0,0,0,0,,,,No location data,,,-1,0,"Fewer than 1,000 EVs"
90260,Lawndale,1069,246,2,2,8,10,0,3158.0,115592.0,36.60291323622546,Locally sparse - chargers nearby,106.9,3.212385117613824,823,10,Severely underserved (>3x state avg)
90262,Lynwood,849,149,4,8,0,8,6,4271.0,90117.0,21.09974244907516,"Fewer than 1,000 EVs",106.125,3.1890960767705057,700,2,"Fewer than 1,000 EVs"
90263,Malibu,13,0,6,12,0,12,2,436.0,12860.0,29.495412844036696,"Fewer than 1,000 EVs",1.0833333333333333,0.03255457322184262,13,10,"Fewer than 1,000 EVs"
90264,,23,10,0,0,0,0,0,,,,No location data,,,13,0,"Fewer than 1,000 EVs"
90265,Malibu,1786,874,58,140,40,180,23,525.0,20849.0,39.712380952380954,Well served,9.922222222222222,0.2981665014062098,912,157,At or above average
90266,Manhattan Beach,5316,2437,38,89,38,127,91,3329.0,111519.0,33.49924902373085,Well served,41.85826771653543,1.257856653523794,2879,36,Below average
90267,,21,10,0,0,0,0,0,,,,No location data,,,11,0,"Fewer than 1,000 EVs"
90269,,0,1,0,0,0,0,0,,,,No location data,,,-1,0,"Fewer than 1,000 EVs"
90270,,288,46,0,0,0,0,0,4660.0,108516.0,23.28669527896996,"Fewer than 1,000 EVs",,,242,0,"Fewer than 1,000 EVs"
90272,Pacific Palisades,2424,1703,9,23,10,33,16,4366.0,114836.0,26.302336234539624,Locally sparse - chargers nearby,73.45454545454545,2.2073366570558464,721,17,Below average
90274,Rolling Hills Estates,4128,1669,8,22,5,27,10,1539.0,58839.0,38.23196881091618,Locally sparse - chargers nearby,152.88888888888889,4.594368487513378,2459,17,Severely underserved (>3x state avg)
90275,Rancho Palos Verdes,5706,2033,6,12,0,12,4,1312.0,51399.0,39.176067073170735,Locally sparse - chargers nearby,475.5,14.288953446448767,3673,8,Severely underserved (>3x state avg)
90277,Redondo Beach,3484,1298,8,14,6,20,2,2161.0,82982.0,38.39981490050902,Locally sparse - chargers nearby,174.2,5.234775374072292,2186,18,Severely underserved (>3x state avg)
90278,Redondo Beach,4326,1577,7,7,13,20,9,2752.0,105334.0,38.27543604651163,Locally sparse - chargers nearby,216.3,6.4998961734319005,2749,11,Severely underserved (>3x state avg)
90279,,1,0,0,0,0,0,0,,,,No location data,,,1,0,"Fewer than 1,000 EVs"
90280,South Gate,1488,252,5,6,15,21,5,4358.0,99512.0,22.83432767324461,Locally sparse - chargers nearby,70.85714285714286,2.1292837342462336,1236,16,Below average
90290,Topanga,850,381,1,2,0,2,0,2295.0,64070.0,27.91721132897603,"Fewer than 1,000 EVs",425.0,12.771409494722873,469,2,"Fewer than 1,000 EVs"
90291,Los Angeles,2717,1071,9,42,2,44,32,5746.0,131885.0,22.952488687782804,Well served,61.75,1.855610673645029,1646,12,Below average
90292,Marina Del Rey,3111,1067,19,194,18,212,74,5708.0,134252.0,23.51997196916608,Well served,14.674528301886792,0.44097508255363876,2044,138,At or above average
90293,Los Angeles,1167,413,3,3,0,3,1,5231.0,128661.0,24.59587077040719,Locally sparse - chargers nearby,389.0,11.689595984581642,754,2,Severely underserved (>3x state avg)
90294,,15,13,0,0,0,0,0,,,,No location data,,,2,0,"Fewer than 1,000 EVs"
90295,,24,13,0,0,0,0,0,,,,No location data,,,11,0,"Fewer than 1,000 EVs"
90296,,3,3,0,0,0,0,0,,,,No location data,,,0,0,"Fewer than 1,000 EVs"
90301,Inglewood,5137,150,26,38,64,102,4,8419.0,154458.0,18.34635942510987,Well served,50.36274509803921,1.5134193904127196,4987,98,Below average
90302,,857,197,0,0,0,0,0,8920.0,164694.0,18.463452914798207,"Fewer than 1,000 EVs",,,660,0,"Fewer than 1,000 EVs"
90303,Inglewood,590,79,6,20,52,72,0,6316.0,147250.0,23.313806206459784,"Fewer than 1,000 EVs",8.194444444444445,0.24624613078060442,511,72,"Fewer than 1,000 EVs"
90304,Inglewood,493,86,2,4,0,4,2,6798.0,152372.0,22.41423948220065,"Fewer than 1,000 EVs",123.25,3.703708753469633,407,2,"Fewer than 1,000 EVs"
90305,Inglewood,768,155,10,19,0,19,0,8594.0,159284.0,18.534326274144753,"Fewer than 1,000 EVs",40.421052631578945,1.2146678008603302,613,19,"Fewer than 1,000 EVs"
90308,,3,1,0,0,0,0,0,,,,No location data,,,2,0,"Fewer than 1,000 EVs"
90309,,3,0,0,0,0,0,0,,,,No location data,,,3,0,"Fewer than 1,000 EVs"
90323,,2,2,0,0,0,0,0,,,,No location data,,,0,0,"Fewer than 1,000 EVs"
90401,Santa Monica,1420,281,99,171,57,228,79,4950.0,121955.0,24.63737373737374,Well served,6.228070175438597,0.18715584605269844,1139,149,At or above average
90402,Santa Monica,1986,899,3,5,0,5,5,4986.0,129423.0,25.95728038507822,Locally sparse - chargers nearby,397.2,11.936009061891587,1087,0,Severely underserved (>3x state avg)
90403,Santa Monica,2421,892,17,57,4,61,42,5625.0,131061.0,23.299733333333332,Well served,39.68852459016394,1.1926550583114397,1529,19,Below average
90404,Santa Monica,1601,513,52,111,96,207,29,6246.0,142576.0,22.826769132244635,Well served,7.734299516908212,0.23241860302416958,1088,178,At or above average
90405,Santa Monica,2935,1145,69,203,0,203,30,5948.0,140889.0,23.686785474108945,Well served,14.458128078817735,0.4344721746393699,1790,173,At or above average
90406,,30,9,0,0,0,0,0,,,,No location data,,,21,0,"Fewer than 1,000 EVs"
90408,,14,4,0,0,0,0,0,,,,No location data,,,10,0,"Fewer than 1,000 EVs"
90409,,17,7,0,0,0,0,0,,,,No location data,,,10,0,"Fewer than 1,000 EVs"
90480,,0,1,0,0,0,0,0,,,,No location data,,,-1,0,"Fewer than 1,000 EVs"
90485,,1,0,0,0,0,0,0,,,,No location data,,,1,0,"Fewer than 1,000 EVs"
90501,Torrance,2619,850,60,140,6,146,33,2745.0,96423.0,35.126775956284156,Well served,17.938356164383563,0.5390543346765384,1769,113,At or above average
90502,Torrance,916,223,20,97,0,97,8,2820.0,86026.0,30.50567375886525,"Fewer than 1,000 EVs",9.443298969072165,0.28377467791791755,693,89,"Fewer than 1,000 EVs"
90503,Torrance,3454,1018,49,82,52,134,20,2340.0,90915.0,38.8525641025641,Well served,25.776119402985074,0.774582061365633,2436,114,At or above average
90504,Torrance,1978,593,9,12,6,18,0,2622.0,106018.0,40.43401983218917,Locally sparse - chargers nearby,109.88888888888889,3.3022023504002407,1385,18,Severely underserved (>3x state avg)
90505,Torrance,2826,880,31,63,20,83,9,2310.0,66109.0,28.61861471861472,Well served,34.04819277108434,1.0231609704347793,1946,74,Below average
90506,,2,2,0,0,0,0,0,3101.0,115118.0,37.12286359238955,"Fewer than 1,000 EVs",,,0,0,"Fewer than 1,000 EVs"
90507,,1,0,0,0,0,0,0,,,,No location data,,,1,0,"Fewer than 1,000 EVs"
90508,,2,0,0,0,0,0,0,,,,No location data,,,2,0,"Fewer than 1,000 EVs"
90509,,2,2,0,0,0,0,0,,,,No location data,,,0,0,"Fewer than 1,000 EVs"
90510,,6,5,0,0,0,0,0,,,,No location data,,,1,0,"Fewer than 1,000 EVs"
90601,Whittier,1565,448,13,52,7,59,33,2007.0,104926.0,52.280019930244144,Well served,26.52542372881356,0.7970989375569809,1117,26,At or above average
90602,Whittier,993,193,1,2,0,2,2,2138.0,101911.0,47.6665107577175,"Fewer than 1,000 EVs",496.5,14.920011327364486,800,0,"Fewer than 1,000 EVs"
90603,Whittier,994,268,2,0,26,26,0,2610.0,105390.0,40.37931034482759,"Fewer than 1,000 EVs",38.23076923076923,1.1488489626927183,726,26,"Fewer than 1,000 EVs"
90604,Whittier,1328,326,5,10,0,10,2,2641.0,99738.0,37.76524043922757,Locally sparse - chargers nearby,132.8,3.9906898374098767,1002,8,Severely underserved (>3x state avg)
90605,Whittier,1213,311,1,0,1,1,0,2433.0,98596.0,40.52445540484998,Locally sparse - chargers nearby,1213.0,36.45110521670316,902,1,Severely underserved (>3x state avg)
90606,Whittier,764,192,6,4,20,24,0,2335.0,98073.0,42.00128479657388,"Fewer than 1,000 EVs",31.833333333333332,0.9566036131341445,572,24,"Fewer than 1,000 EVs"
90607,,6,5,0,0,0,0,0,,,,No location data,,,1,0,"Fewer than 1,000 EVs"
90608,,10,3,0,0,0,0,0,,,,No location data,,,7,0,"Fewer than 1,000 EVs"
90609,,8,2,0,0,0,0,0,,,,No location data,,,6,0,"Fewer than 1,000 EVs"
90610,,2,0,0,0,0,0,0,,,,No location data,,,2,0,"Fewer than 1,000 EVs"
90620,Buena Park,2574,633,6,4,36,40,8,2780.0,123819.0,44.53920863309352,Well served,64.35,1.9337416493774513,1941,32,Below average
90621,Buena Park,2568,542,12,23,45,68,36,2682.0,111700.0,41.64802386278896,Well served,37.76470588235294,1.1348435841677627,2026,32,Below average
90622,,2,2,0,0,0,0,0,,,,No location data,,,0,0,"Fewer than 1,000 EVs"
90623,,1370,385,0,0,0,0,0,2811.0,107771.0,38.33902525791533,Locally sparse - chargers nearby,,,985,0,"1,000+ EVs, zero ports"
90626,,0,1,0,0,0,0,0,,,,No location data,,,-1,0,"Fewer than 1,000 EVs"
90630,Cypress,4099,1053,56,91,12,103,0,2900.0,116744.0,40.25655172413793,Well served,39.79611650485437,1.195888235725164,3046,103,Below average
90631,La Habra,3654,857,12,17,4,21,1,2412.0,106031.0,43.95978441127695,Locally sparse - chargers nearby,174.0,5.2287652990159526,2797,20,Severely underserved (>3x state avg)
90632,,6,5,0,0,0,0,0,,,,No location data,,,1,0,"Fewer than 1,000 EVs"
90633,,4,1,0,0,0,0,0,,,,No location data,,,3,0,"Fewer than 1,000 EVs"
90637,,6,3,0,0,0,0,0,,,,No location data,,,3,0,"Fewer than 1,000 EVs"
90638,La Mirada,2719,658,27,50,4,54,7,2653.0,103839.0,39.1402186204297,Well served,50.351851851851855,1.5130920442767535,2061,47,Below average
90639,,6,0,0,0,0,0,0,2669.0,106216.0,39.796178343949045,"Fewer than 1,000 EVs",,,6,0,"Fewer than 1,000 EVs"
90640,Montebello,2069,471,31,76,72,148,23,4209.0,107390.0,25.514373960560704,Well served,13.97972972972973,0.42009612471512914,1598,125,At or above average
90650,Norwalk,2743,653,16,39,22,61,3,2223.0,95512.0,42.96536212325686,Well served,44.967213114754095,1.351281629470582,2090,58,Below average
90651,,2,2,0,0,0,0,0,,,,No location data,,,0,0,"Fewer than 1,000 EVs"
90652,,2,0,0,0,0,0,0,,,,No location data,,,2,0,"Fewer than 1,000 EVs"
90653,,0,1,0,0,0,0,0,,,,No location data,,,-1,0,"Fewer than 1,000 EVs"
90660,Pico Rivera,1447,282,4,71,8,79,0,2877.0,97455.0,33.87382690302398,Well served,18.31645569620253,0.5504163675015338,1165,79,At or above average
90662,,2,1,0,0,0,0,0,,,,No location data,,,1,0,"Fewer than 1,000 EVs"
90670,Santa Fe Springs,859,306,11,21,14,35,0,2259.0,102235.0,45.25675077467906,"Fewer than 1,000 EVs",24.542857142857144,0.7375220676280302,553,35,"Fewer than 1,000 EVs"
90677,,0,1,0,0,0,0,0,,,,No location data,,,-1,0,"Fewer than 1,000 EVs"
90680,Stanton,1267,227,9,6,25,31,0,2822.0,120330.0,42.63997165131113,Well served,40.87096774193548,1.228187918771452,1040,31,Below average
90701,Artesia,752,165,1,12,0,12,0,2521.0,97156.0,38.5386751289171,"Fewer than 1,000 EVs",62.666666666666664,1.8831568509865881,587,12,"Fewer than 1,000 EVs"
90702,,3,0,0,0,0,0,0,,,,No location data,,,3,0,"Fewer than 1,000 EVs"
90703,Cerritos,4971,1518,26,51,24,75,24,2449.0,105819.0,43.20906492445896,Well served,66.28,1.9917388736711341,3453,51,Below average
90704,,39,31,0,0,0,0,0,0.0,39.0,,"Fewer than 1,000 EVs",,,8,0,"Fewer than 1,000 EVs"
90705,,0,1,0,0,0,0,0,,,,No location data,,,-1,0,"Fewer than 1,000 EVs"
90706,Bellflower,2049,461,22,36,19,55,2,2561.0,91336.0,35.66419367434596,Well served,37.25454545454546,1.1195130718582746,1588,53,Below average
90707,,8,1,0,0,0,0,0,,,,No location data,,,7,0,"Fewer than 1,000 EVs"
90710,Los Angeles,1113,258,4,23,0,23,0,2164.0,70483.0,32.57070240295749,Well served,48.391304347826086,1.4541768560231771,855,23,Below average
90712,Lakewood,1586,453,7,19,8,27,5,2484.0,79455.0,31.98671497584541,Well served,58.74074074074074,1.7651813035843553,1133,22,Below average
90713,Lakewood,1263,355,4,4,20,24,0,2266.0,95762.0,42.2603706972639,Well served,52.625,1.5814009991995086,908,24,Below average
90714,,6,1,0,0,0,0,0,,,,No location data,,,5,0,"Fewer than 1,000 EVs"
90715,Hawaiian Gardens,746,172,2,4,0,4,2,2620.0,102463.0,39.108015267175574,"Fewer than 1,000 EVs",186.5,5.604394990037213,574,2,"Fewer than 1,000 EVs"
90716,Hawaiian Gardens,234,47,3,3,44,47,3,2732.0,99218.0,36.31698389458273,"Fewer than 1,000 EVs",4.9787234042553195,0.14961250672165968,187,44,"Fewer than 1,000 EVs"
90717,Lomita,894,287,5,17,0,17,0,1956.0,68789.0,35.168200408997954,"Fewer than 1,000 EVs",52.588235294117645,1.5802962059906225,607,17,"Fewer than 1,000 EVs"
90720,Los Alamitos,2110,776,12,25,20,45,0,2655.0,102446.0,38.58606403013183,Well served,46.888888888888886,1.4090287076530854,1334,45,Below average
90721,,1,0,0,0,0,0,0,,,,No location data,,,1,0,"Fewer than 1,000 EVs"
90723,Paramount,892,199,20,93,0,93,4,2777.0,89022.0,32.05689593086064,"Fewer than 1,000 EVs",9.591397849462366,0.28822510485244285,693,89,"Fewer than 1,000 EVs"
90731,Los Angeles,1792,559,28,49,0,49,19,1464.0,46823.0,31.98292349726776,Well served,36.57142857142857,1.0989851531593464,1233,30,Below average
90732,Los Angeles,1436,344,3,5,2,7,3,1469.0,51178.0,34.83866575901974,Locally sparse - chargers nearby,205.14285714285714,6.164619843503209,1092,4,Severely underserved (>3x state avg)
90733,,7,4,0,0,0,0,0,,,,No location data,,,3,0,"Fewer than 1,000 EVs"
90734,,6,4,0,0,0,0,0,,,,No location data,,,2,0,"Fewer than 1,000 EVs"
90740,Seal Beach,1710,684,12,18,12,30,7,2203.0,90551.0,41.10349523377213,Well served,57.0,1.71287139105695,1026,23,Below average
90742,,92,37,0,0,0,0,0,1467.0,77288.0,52.684389911383775,"Fewer than 1,000 EVs",,,55,0,"Fewer than 1,000 EVs"
90743,,56,20,0,0,0,0,0,1401.0,76563.0,54.64882226980728,"Fewer than 1,000 EVs",,,36,0,"Fewer than 1,000 EVs"
90744,Wilmington,714,119,7,9,14,23,2,1901.0,70340.0,37.00157811678064,"Fewer than 1,000 EVs",31.043478260869566,0.9328681717884534,595,21,"Fewer than 1,000 EVs"
90745,Carson,2030,388,35,81,32,113,16,2568.0,89940.0,35.02336448598131,Well served,17.964601769911503,0.5398430249721484,1642,97,At or above average
90746,Carson,1339,285,37,66,2,68,2,3111.0,100630.0,32.34651237544198,Well served,19.691176470588236,0.5917272426793746,1054,66,At or above average
90747,,10,0,0,0,0,0,0,3131.0,106515.0,34.01948259342063,"Fewer than 1,000 EVs",,,10,0,"Fewer than 1,000 EVs"
90748,,5,1,0,0,0,0,0,,,,No location data,,,4,0,"Fewer than 1,000 EVs"
90749,,7,1,0,0,0,0,0,,,,No location data,,,6,0,"Fewer than 1,000 EVs"
90755,Signal Hill,854,321,13,19,29,48,5,2398.0,73857.0,30.799416180150125,"Fewer than 1,000 EVs",17.791666666666668,0.5346462602202615,533,43,"Fewer than 1,000 EVs"
90760,,1,0,0,0,0,0,0,,,,No location data,,,1,0,"Fewer than 1,000 EVs"
90801,,13,2,0,0,0,0,0,,,,No location data,,,11,0,"Fewer than 1,000 EVs"
90802,Long Beach,1744,493,107,228,28,256,35,1757.0,56993.0,32.43767785998862,Well served,6.8125,0.20471818160658722,1251,221,At or above average
90803,Long Beach,2398,1058,23,30,26,56,10,1740.0,72531.0,41.68448275862069,Well served,42.82142857142857,1.2867999986699767,1340,46,Below average
90804,Long Beach,977,322,1,0,4,4,0,2069.0,74544.0,36.02899951667472,"Fewer than 1,000 EVs",244.25,7.339804162555439,655,4,"Fewer than 1,000 EVs"
90805,Long Beach,1911,408,9,76,17,93,3,2658.0,81694.0,30.735139202407822,Well served,20.548387096774192,0.6174867436917244,1503,90,At or above average
90806,Long Beach,1266,370,10,14,8,22,0,2411.0,77831.0,32.281625881377025,Well served,57.54545454545455,1.7292625048469688,896,22,Below average
90807,Long Beach,1966,695,1,2,0,2,2,2543.0,83579.0,32.8662996460873,Locally sparse - chargers nearby,983.0,29.53951890191196,1271,0,Severely underserved (>3x state avg)
90808,Long Beach,2582,898,19,43,4,47,6,2223.0,92954.0,41.81466486729644,Well served,54.93617021276596,1.6508525314330142,1684,41,Below average
90809,,11,1,0,0,0,0,0,,,,No location data,,,10,0,"Fewer than 1,000 EVs"
90810,Carson,756,139,12,20,0,20,2,2453.0,90237.0,36.78638401956787,"Fewer than 1,000 EVs",37.8,1.135904185648293,617,18,"Fewer than 1,000 EVs"
90812,,0,1,0,0,0,0,0,,,,No location data,,,-1,0,"Fewer than 1,000 EVs"
90813,Long Beach,647,166,19,26,18,44,0,2126.0,78927.0,37.12464722483537,"Fewer than 1,000 EVs",14.704545454545455,0.4418771092559197,481,44,"Fewer than 1,000 EVs"
90814,,1101,459,0,0,0,0,0,1856.0,76524.0,41.230603448275865,Locally sparse - chargers nearby,,,642,0,"1,000+ EVs, zero ports"
90815,Long Beach,2408,875,6,13,14,27,0,1978.0,83108.0,42.01617795753286,Locally sparse - chargers nearby,89.18518518518519,2.680048284382804,1533,27,Below average
90831,,2,0,0,0,0,0,0,1968.0,64785.0,32.91920731707317,"Fewer than 1,000 EVs",,,2,0,"Fewer than 1,000 EVs"
90832,,1,0,0,0,0,0,0,,,,No location data,,,1,0,"Fewer than 1,000 EVs"
90840,Long Beach,1,0,2,4,0,4,4,1954.0,81316.0,41.615148413510745,"Fewer than 1,000 EVs",0.25,0.00751259382042522,1,0,"Fewer than 1,000 EVs"
90846,Long Beach,0,0,8,16,0,16,10,,,,No location data,0.0,0.0,0,6,"Fewer than 1,000 EVs"
90853,,7,2,0,0,0,0,0,,,,No location data,,,5,0,"Fewer than 1,000 EVs"
90895,,2,1,0,0,0,0,0,,,,No location data,,,1,0,"Fewer than 1,000 EVs"
91001,,2151,1125,0,0,0,0,0,2004.0,90230.0,45.0249500998004,Locally sparse - chargers nearby,,,1026,0,"1,000+ EVs, zero ports"
91002,,1,0,0,0,0,0,0,,,,No location data,,,1,0,"Fewer than 1,000 EVs"
91003,,2,1,0,0,0,0,0,,,,No location data,,,1,0,"Fewer than 1,000 EVs"
91005,,0,1,0,0,0,0,0,,,,No location data,,,-1,0,"Fewer than 1,000 EVs"
91006,Arcadia,3970,1149,11,15,7,22,7,2132.0,82758.0,38.81707317073171,Locally sparse - chargers nearby,180.45454545454547,5.4227268121978405,2821,15,Severely underserved (>3x state avg)
91007,Arcadia,3179,850,14,28,6,34,18,2353.0,91097.0,38.71525711857203,Locally sparse - chargers nearby,93.5,2.809710088839032,2329,16,Below average
91008,,152,58,0,0,0,0,0,1273.0,60397.0,47.4446190102121,"Fewer than 1,000 EVs",,,94,0,"Fewer than 1,000 EVs"
91009,,6,3,0,0,0,0,0,,,,No location data,,,3,0,"Fewer than 1,000 EVs"
91010,Duarte,1176,273,4,11,30,41,1,1314.0,63146.0,48.05631659056316,Well served,28.682926829268293,0.8619327153970788,903,40,At or above average
91011,La Cañada Flintridge,3477,1210,9,13,0,13,0,1954.0,80105.0,40.99539406345957,Locally sparse - chargers nearby,267.46153846153845,8.037319604190303,2267,13,Severely underserved (>3x state avg)
91012,,22,12,0,0,0,0,0,,,,No location data,,,10,0,"Fewer than 1,000 EVs"
91016,Monrovia,2553,782,17,29,13,42,4,1557.0,71591.0,45.9800899165061,Well served,60.785714285714285,1.8266335260519604,1771,38,Below average
91017,,13,6,0,0,0,0,0,,,,No location data,,,7,0,"Fewer than 1,000 EVs"
91020,,569,147,0,0,0,0,0,2937.0,88377.0,30.09090909090909,"Fewer than 1,000 EVs",,,422,0,"Fewer than 1,000 EVs"
91021,,11,2,0,0,0,0,0,,,,No location data,,,9,0,"Fewer than 1,000 EVs"
91024,,1050,386,0,0,0,0,0,1715.0,73783.0,43.02215743440233,Locally sparse - chargers nearby,,,664,0,"1,000+ EVs, zero ports"
91025,,17,4,0,0,0,0,0,,,,No location data,,,13,0,"Fewer than 1,000 EVs"
91030,South Pasadena,2642,893,12,14,19,33,2,5116.0,129457.0,25.30433932759969,Locally sparse - chargers nearby,80.06060606060606,2.4058512574016278,1749,31,Below average
91031,,24,14,0,0,0,0,0,,,,No location data,,,10,0,"Fewer than 1,000 EVs"
91037,,1,0,0,0,0,0,0,,,,No location data,,,1,0,"Fewer than 1,000 EVs"
91040,Los Angeles,1829,414,1,1,0,1,0,2051.0,90550.0,44.14919551438323,Locally sparse - chargers nearby,1829.0,54.9621363902309,1415,1,Severely underserved (>3x state avg)
91041,,3,3,0,0,0,0,0,,,,No location data,,,0,0,"Fewer than 1,000 EVs"
91042,Tujunga,2187,404,6,8,0,8,1,345.0,33875.0,98.18840579710144,Isolated - underserved by both measures,273.375,8.215021342634977,1783,7,Severely underserved (>3x state avg)
91043,,3,2,0,0,0,0,0,,,,No location data,,,1,0,"Fewer than 1,000 EVs"
91046,,9,1,0,0,0,0,0,3400.0,92187.0,27.113823529411764,"Fewer than 1,000 EVs",,,8,0,"Fewer than 1,000 EVs"
91066,,27,9,0,0,0,0,0,,,,No location data,,,18,0,"Fewer than 1,000 EVs"
91077,,3,5,0,0,0,0,0,,,,No location data,,,-2,0,"Fewer than 1,000 EVs"
91101,Pasadena,1486,460,27,85,40,125,99,3710.0,111192.0,29.97088948787062,Well served,11.888,0.35723886134886,1026,26,At or above average
91102,,12,5,0,0,0,0,0,,,,No location data,,,7,0,"Fewer than 1,000 EVs"
91103,Pasadena,1534,471,5,51,9,60,29,3722.0,111188.0,29.87318645889307,Well served,25.566666666666666,0.7682879280354857,1063,31,At or above average
91104,Pasadena,2443,740,2,12,0,12,0,2482.0,100629.0,40.54351329572925,Locally sparse - chargers nearby,203.58333333333334,6.11775556776627,1703,12,Severely underserved (>3x state avg)
91105,Pasadena,1861,725,18,87,50,137,79,4982.0,130549.0,26.20413488558812,Well served,13.583941605839415,0.4082025430601849,1136,58,At or above average
91106,Pasadena,1872,599,4,2,26,28,2,3787.0,110369.0,29.144177449168208,Locally sparse - chargers nearby,66.85714285714286,2.0090822331194302,1273,26,Below average
91107,Pasadena,3218,1046,27,87,52,139,2,2392.0,83629.0,34.96195652173913,Well served,23.151079136690647,0.6956986162339095,2172,137,At or above average
91108,San Marino,2213,811,1,4,0,4,0,3751.0,106459.0,28.38149826712877,Locally sparse - chargers nearby,553.25,16.62537012460101,1402,4,Severely underserved (>3x state avg)
91109,,74,8,0,0,0,0,0,,,,No location data,,,66,0,"Fewer than 1,000 EVs"
91114,,5,1,0,0,0,0,0,,,,No location data,,,4,0,"Fewer than 1,000 EVs"
91115,,3,3,0,0,0,0,0,,,,No location data,,,0,0,"Fewer than 1,000 EVs"
91116,,11,2,0,0,0,0,0,,,,No location data,,,9,0,"Fewer than 1,000 EVs"
91117,,7,3,0,0,0,0,0,,,,No location data,,,4,0,"Fewer than 1,000 EVs"
91118,,20,8,0,0,0,0,0,,,,No location data,,,12,0,"Fewer than 1,000 EVs"
91124,Pasadena,2,0,1,3,0,3,0,,,,No location data,0.6666666666666666,0.020033583521133918,2,3,"Fewer than 1,000 EVs"
91125,Pasadena,6,1,2,107,8,115,115,3730.0,110369.0,29.589544235924933,"Fewer than 1,000 EVs",0.05217391304347826,0.00156784566687135,5,0,"Fewer than 1,000 EVs"
91126,,3,0,0,0,0,0,0,,,,No location data,,,3,0,"Fewer than 1,000 EVs"
91141,,0,1,0,0,0,0,0,,,,No location data,,,-1,0,"Fewer than 1,000 EVs"
91201,Glendale,1855,407,7,14,0,14,0,6850.0,148966.0,21.746861313868617,Locally sparse - chargers nearby,132.5,3.9816747248253663,1448,14,Severely underserved (>3x state avg)
91202,Glendale,1925,469,2,24,0,24,4,6278.0,128395.0,20.45157693532972,Locally sparse - chargers nearby,80.20833333333333,2.410290517386424,1456,20,Below average
91203,Glendale,1382,260,19,51,0,51,16,6905.0,148583.0,21.518175235336713,Well served,27.098039215686274,0.8143062478296198,1122,35,At or above average
91204,Glendale,1225,213,9,39,3,42,3,7049.0,158786.0,22.52603206128529,Well served,29.166666666666668,0.8764692790496089,1012,39,At or above average
91205,Glendale,2027,419,9,17,3,20,4,7052.0,148257.0,21.023397617697107,Locally sparse - chargers nearby,101.35,3.0456055348003837,1608,16,Severely underserved (>3x state avg)
91206,Glendale,2843,696,3,24,32,56,0,6010.0,130239.0,21.670382695507488,Well served,50.767857142857146,1.5255931593906358,2147,56,Below average
91207,,1141,323,0,0,0,0,0,6514.0,140130.0,21.512127724900218,Locally sparse - chargers nearby,,,818,0,"1,000+ EVs, zero ports"
91208,Glendale,1868,520,12,19,0,19,2,5254.0,115434.0,21.970688998858012,Locally sparse - chargers nearby,98.3157894736842,2.954426369800907,1348,17,Below average
91209,,11,10,0,0,0,0,0,,,,No location data,,,1,0,"Fewer than 1,000 EVs"
91210,Glendale,47,20,3,4,20,24,20,6988.0,154640.0,22.129364625071553,"Fewer than 1,000 EVs",1.9583333333333333,0.05884865159333088,27,4,"Fewer than 1,000 EVs"
91211,,0,1,0,0,0,0,0,,,,No location data,,,-1,0,"Fewer than 1,000 EVs"
91214,La Crescenta,3260,766,2,3,3,6,6,2121.0,80066.0,37.74917491749175,Locally sparse - chargers nearby,543.3333333333334,16.327370569724145,2494,0,Severely underserved (>3x state avg)
91217,,1,1,0,0,0,0,0,,,,No location data,,,0,0,"Fewer than 1,000 EVs"
91221,,10,6,0,0,0,0,0,,,,No location data,,,4,0,"Fewer than 1,000 EVs"
91222,,2,2,0,0,0,0,0,,,,No location data,,,0,0,"Fewer than 1,000 EVs"
91224,,2,2,0,0,0,0,0,,,,No location data,,,0,0,"Fewer than 1,000 EVs"
91225,,1,1,0,0,0,0,0,,,,No location data,,,0,0,"Fewer than 1,000 EVs"
91226,,5,1,0,0,0,0,0,,,,No location data,,,4,0,"Fewer than 1,000 EVs"
91231,,1,0,0,0,0,0,0,,,,No location data,,,1,0,"Fewer than 1,000 EVs"
91248,,0,1,0,0,0,0,0,,,,No location data,,,-1,0,"Fewer than 1,000 EVs"
91300,,1,0,0,0,0,0,0,,,,No location data,,,1,0,"Fewer than 1,000 EVs"
91301,Agoura Hills,3164,936,17,69,41,110,6,771.0,42425.0,55.025940337224384,Well served,28.763636363636362,0.8643580671936506,2228,104,At or above average
91302,Calabasas,4623,1443,12,19,31,50,5,934.0,45829.0,49.06745182012848,Locally sparse - chargers nearby,92.46,2.7784576985460627,3180,45,Below average
91303,Los Angeles,1234,207,28,82,14,96,10,1571.0,88377.0,56.25525143220879,Well served,12.854166666666666,0.38627253226686337,1027,86,At or above average
91304,Los Angeles,3106,677,5,8,0,8,2,1073.0,75543.0,70.40354147250699,Isolated - underserved by both measures,388.25,11.667058203120366,2429,6,Severely underserved (>3x state avg)
91305,,1,0,0,0,0,0,0,,,,No location data,,,1,0,"Fewer than 1,000 EVs"
91306,Los Angeles,2381,445,5,18,0,18,1,1604.0,97155.0,60.57044887780549,Locally sparse - chargers nearby,132.27777777777777,3.9749968636516546,1936,17,Severely underserved (>3x state avg)
91307,West Hills,3052,757,6,14,0,14,3,1067.0,69085.0,64.74695407685098,Locally sparse - chargers nearby,218.0,6.550981811410791,2295,11,Severely underserved (>3x state avg)
91308,,8,6,0,0,0,0,0,,,,No location data,,,2,0,"Fewer than 1,000 EVs"
91309,,5,2,0,0,0,0,0,,,,No location data,,,3,0,"Fewer than 1,000 EVs"
91310,,3,0,0,0,0,0,0,,,,No location data,,,3,0,"Fewer than 1,000 EVs"
91311,Chatsworth,3632,824,27,49,8,57,16,1115.0,68312.0,61.266367713004485,Well served,63.719298245614034,1.914788824967326,2808,41,Below average
91313,,10,3,0,0,0,0,0,,,,No location data,,,7,0,"Fewer than 1,000 EVs"
91316,Los Angeles,3027,850,15,24,4,28,5,4422.0,138424.0,31.303482587064675,Locally sparse - chargers nearby,108.10714285714286,3.2486602134895914,2177,23,Severely underserved (>3x state avg)
91319,,12,2,0,0,0,0,0,,,,No location data,,,10,0,"Fewer than 1,000 EVs"
91320,Thousand Oaks,3924,1198,13,19,8,27,10,574.0,24183.0,42.13066202090592,Locally sparse - chargers nearby,145.33333333333334,4.367321207607194,2726,17,Severely underserved (>3x state avg)
91321,Santa Clarita,1659,461,7,11,16,27,0,681.0,50301.0,73.86343612334802,Locally fine - crowded region,61.44444444444444,1.8464286145311761,1198,27,Below average
91324,Northridge,2017,483,13,17,32,49,2,1733.0,91611.0,52.86266589728794,Well served,41.16326530612245,1.2369715702691972,1534,47,Below average
91325,Northridge,2456,598,20,47,4,51,2,1971.0,98114.0,49.77879249112126,Well served,48.15686274509804,1.447131797879556,1858,49,Below average
91326,Los Angeles,6106,1657,8,17,0,17,1,1547.0,78627.0,50.82546864899806,Locally sparse - chargers nearby,359.1764705882353,10.793387733533269,4449,16,Severely underserved (>3x state avg)
91327,,13,5,0,0,0,0,0,,,,No location data,,,8,0,"Fewer than 1,000 EVs"
91328,,9,2,0,0,0,0,0,,,,No location data,,,7,0,"Fewer than 1,000 EVs"
91330,Northridge,10,2,8,23,0,23,23,1812.0,89902.0,49.61479028697572,"Fewer than 1,000 EVs",0.43478260869565216,0.01306538055726125,8,0,"Fewer than 1,000 EVs"
91331,Los Angeles,2112,354,9,7,10,17,2,2344.0,92341.0,39.39462457337884,Locally sparse - chargers nearby,124.23529411764706,3.7333172114677797,1758,15,Severely underserved (>3x state avg)
91333,,6,2,0,0,0,0,0,,,,No location data,,,4,0,"Fewer than 1,000 EVs"
91334,,3,0,0,0,0,0,0,,,,No location data,,,3,0,"Fewer than 1,000 EVs"
91335,Los Angeles,3379,639,10,32,0,32,3,1870.0,108355.0,57.94385026737968,Locally sparse - chargers nearby,105.59375,3.173131814902102,2740,29,Severely underserved (>3x state avg)
91337,,6,1,0,0,0,0,0,,,,No location data,,,5,0,"Fewer than 1,000 EVs"
91340,San Fernando,736,160,13,22,36,58,12,1735.0,79103.0,45.59250720461095,"Fewer than 1,000 EVs",12.689655172413794,0.38132890012641113,576,46,"Fewer than 1,000 EVs"
91341,,1,1,0,0,0,0,0,,,,No location data,,,0,0,"Fewer than 1,000 EVs"
91342,Sylmar,3654,725,13,60,4,64,16,969.0,56621.0,58.43240454076368,Well served,57.09375,1.7156886137396095,2929,48,Below average
91343,Los Angeles,2799,597,10,29,0,29,3,2386.0,103286.0,43.2883487007544,Locally sparse - chargers nearby,96.51724137931035,2.9003793246027847,2202,26,Below average
91344,Granada Hills,4740,1106,5,4,24,28,25,1697.0,78872.0,46.477312905126695,Locally sparse - chargers nearby,169.28571428571428,5.087099244116505,3634,3,Severely underserved (>3x state avg)
91345,Mission Hills,753,140,8,23,0,23,20,2059.0,89619.0,43.52549781447305,"Fewer than 1,000 EVs",32.73913043478261,0.9838231559617722,613,3,"Fewer than 1,000 EVs"
91346,,3,1,0,0,0,0,0,,,,No location data,,,2,0,"Fewer than 1,000 EVs"
91350,Santa Clarita,4296,1113,10,28,4,32,2,319.0,27513.0,86.24764890282131,Isolated - underserved by both measures,134.25,4.034262881568343,3183,30,Severely underserved (>3x state avg)
91351,Santa Clarita,1781,420,9,11,1,12,0,320.0,26427.0,82.584375,Isolated - underserved by both measures,148.41666666666666,4.459976531392439,1361,12,Severely underserved (>3x state avg)
91352,Los Angeles,1905,323,8,57,0,57,1,3598.0,109177.0,30.343802112284603,Well served,33.421052631578945,1.004315173888424,1582,56,Below average
91353,,2,2,0,0,0,0,0,,,,No location data,,,0,0,"Fewer than 1,000 EVs"
91354,,3836,1181,0,0,0,0,0,258.0,21019.0,81.46899224806202,Isolated - underserved by both measures,,,2655,0,"1,000+ EVs, zero ports"
91355,Santa Clarita,2682,850,43,71,90,161,48,258.0,26707.0,103.515503875969,Locally fine - crowded region,16.658385093167702,0.500590723636781,1832,113,At or above average
91356,Los Angeles,3677,959,25,50,0,50,20,3009.0,116710.0,38.78697241608508,Locally sparse - chargers nearby,73.54,2.2099045982162826,2718,30,Below average
91357,,22,5,0,0,0,0,0,,,,No location data,,,17,0,"Fewer than 1,000 EVs"
91358,,3,0,0,0,0,0,0,,,,No location data,,,3,0,"Fewer than 1,000 EVs"
91359,,22,5,0,0,0,0,0,,,,No location data,,,17,0,"Fewer than 1,000 EVs"
91360,Thousand Oaks,2970,825,18,138,36,174,34,792.0,31644.0,39.95454545454545,Well served,17.06896551724138,0.512928819463515,2145,140,At or above average
91361,Westlake Village,2789,867,23,43,4,47,18,599.0,23750.0,39.64941569282137,Well served,59.340425531914896,1.783202056609867,1922,29,Below average
91362,Thousand Oaks,4353,1344,36,95,27,122,43,795.0,39321.0,49.46037735849057,Well served,35.68032786885246,1.0722072426331468,3009,79,Below average
91364,Woodland Hills,3759,977,7,68,0,68,1,1621.0,87985.0,54.27822331893893,Well served,55.279411764705884,1.6611670688810825,2782,67,Below average
91365,,24,7,0,0,0,0,0,,,,No location data,,,17,0,"Fewer than 1,000 EVs"
91367,Los Angeles,4935,1057,45,90,10,100,22,1431.0,77761.0,54.340321453529,Well served,49.35,1.4829860201519383,3878,78,Below average
91372,,29,11,0,0,0,0,0,,,,No location data,,,18,0,"Fewer than 1,000 EVs"
91376,,21,7,0,0,0,0,0,,,,No location data,,,14,0,"Fewer than 1,000 EVs"
91377,Oak Park,1850,517,1,14,0,14,0,1019.0,42580.0,41.786064769381746,Locally sparse - chargers nearby,132.14285714285714,3.9709424479390445,1333,14,Severely underserved (>3x state avg)
91380,,31,6,0,0,0,0,0,,,,No location data,,,25,0,"Fewer than 1,000 EVs"
91381,Stevenson Ranch,3725,854,1,0,4,4,0,438.0,38017.0,86.79680365296804,Isolated - underserved by both measures,931.25,27.98441198108394,2871,4,Severely underserved (>3x state avg)
91382,,1,0,0,0,0,0,0,,,,No location data,,,1,0,"Fewer than 1,000 EVs"
91384,Castaic,1553,448,1,0,12,12,0,159.0,8071.0,50.76100628930818,Locally sparse - chargers nearby,129.41666666666666,3.889019401040122,1105,12,Severely underserved (>3x state avg)
91385,,8,3,0,0,0,0,0,,,,No location data,,,5,0,"Fewer than 1,000 EVs"
91386,,6,2,0,0,0,0,0,,,,No location data,,,4,0,"Fewer than 1,000 EVs"
91387,Santa Clarita,3307,868,6,8,2,10,0,228.0,21299.0,93.41666666666669,Isolated - underserved by both measures,330.7,9.93765910565848,2439,10,Severely underserved (>3x state avg)
91390,,1487,432,0,0,0,0,0,35.0,14707.0,420.2,Isolated - underserved by both measures,,,1055,0,"1,000+ EVs, zero ports"
91392,,4,2,0,0,0,0,0,,,,No location data,,,2,0,"Fewer than 1,000 EVs"
91393,,4,0,0,0,0,0,0,,,,No location data,,,4,0,"Fewer than 1,000 EVs"
91394,,16,0,0,0,0,0,0,,,,No location data,,,16,0,"Fewer than 1,000 EVs"
91395,,0,1,0,0,0,0,0,,,,No location data,,,-1,0,"Fewer than 1,000 EVs"
91396,,3,0,0,0,0,0,0,,,,No location data,,,3,0,"Fewer than 1,000 EVs"
91401,Sherman Oaks,2918,679,6,14,9,23,3,5917.0,148415.0,25.08281223593037,Locally sparse - chargers nearby,126.8695652173913,3.812478046608833,2239,20,Severely underserved (>3x state avg)
91402,Panorama City,1826,282,13,76,0,76,29,2704.0,115252.0,42.62278106508876,Well served,24.026315789473685,0.7219998061103395,1544,47,At or above average
91403,Los Angeles,3170,1004,12,20,41,61,0,6945.0,154792.0,22.288264938804897,Well served,51.967213114754095,1.561634256442488,2166,61,Below average
91404,,1,0,0,0,0,0,0,,,,No location data,,,1,0,"Fewer than 1,000 EVs"
91405,Los Angeles,2970,949,60,236,7,243,48,4098.0,130336.0,31.80478282088824,Well served,12.222222222222221,0.36728236455412183,2021,195,At or above average
91406,Van Nuys,2756,668,17,42,8,50,13,2789.0,127174.0,45.59842237361061,Well served,55.12,1.6563766855273523,2088,37,Below average
91408,,1,1,0,0,0,0,0,,,,No location data,,,0,0,"Fewer than 1,000 EVs"
91409,,14,4,0,0,0,0,0,,,,No location data,,,10,0,"Fewer than 1,000 EVs"
91411,Los Angeles,1309,394,13,59,6,65,17,5629.0,142042.0,25.2339669568307,Well served,20.138461538461538,0.6051683268268684,915,48,At or above average
91412,,2,0,0,0,0,0,0,,,,No location data,,,2,0,"Fewer than 1,000 EVs"
91413,,28,13,0,0,0,0,0,,,,No location data,,,15,0,"Fewer than 1,000 EVs"
91416,,19,3,0,0,0,0,0,,,,No location data,,,16,0,"Fewer than 1,000 EVs"
91423,Los Angeles,3477,1063,19,31,4,35,2,7102.0,164892.0,23.21768515911011,Locally sparse - chargers nearby,99.34285714285714,2.9852901386992556,2414,33,Below average
91424,,1,0,0,0,0,0,0,,,,No location data,,,1,0,"Fewer than 1,000 EVs"
91426,,23,12,0,0,0,0,0,,,,No location data,,,11,0,"Fewer than 1,000 EVs"
91436,Los Angeles,3272,1204,11,44,1,45,10,6040.0,152028.0,25.17019867549669,Locally sparse - chargers nearby,72.71111111111111,2.1849961760383394,2068,35,Below average
91501,,1798,398,0,0,0,0,0,5283.0,130334.0,24.670452394472836,Locally sparse - chargers nearby,,,1400,0,"1,000+ EVs, zero ports"
91502,Burbank,710,191,49,89,32,121,45,6563.0,145629.0,22.189395093707144,"Fewer than 1,000 EVs",5.867768595041323,0.17632864834717046,519,76,"Fewer than 1,000 EVs"
91503,,12,2,0,0,0,0,0,,,,No location data,,,10,0,"Fewer than 1,000 EVs"
91504,Burbank,2269,501,9,19,8,27,9,3913.0,116856.0,29.86353181702019,Locally sparse - chargers nearby,84.03703703703704,2.525344500525159,1768,18,Below average
91505,Burbank,2310,686,37,63,9,72,19,5916.0,147353.0,24.907538877620013,Well served,32.083333333333336,0.9641162069545699,1624,53,At or above average
91506,Burbank,1450,418,10,15,24,39,3,6754.0,148818.0,22.034053893988748,Well served,37.17948717948718,1.1172575425247764,1032,36,Below average
91507,,3,1,0,0,0,0,0,,,,No location data,,,2,0,"Fewer than 1,000 EVs"
91508,,3,0,0,0,0,0,0,,,,No location data,,,3,0,"Fewer than 1,000 EVs"
91510,,28,13,0,0,0,0,0,,,,No location data,,,15,0,"Fewer than 1,000 EVs"
91521,,4,1,0,0,0,0,0,,,,No location data,,,3,0,"Fewer than 1,000 EVs"
91522,Burbank,0,0,1,1,0,1,0,,,,No location data,0.0,0.0,0,1,"Fewer than 1,000 EVs"
91523,Burbank,0,0,2,4,0,4,0,,,,No location data,0.0,0.0,0,4,"Fewer than 1,000 EVs"
91538,,0,1,0,0,0,0,0,,,,No location data,,,-1,0,"Fewer than 1,000 EVs"
91564,,1,0,0,0,0,0,0,,,,No location data,,,1,0,"Fewer than 1,000 EVs"
91601,Los Angeles,2278,573,23,149,0,149,14,6481.0,162314.0,25.04459188396852,Well served,15.288590604026846,0.4594278851792926,1705,135,At or above average
91602,Universal City,1816,591,29,75,0,75,12,7853.0,167064.0,21.273908060613778,Well served,24.213333333333335,0.7276197534875839,1225,63,At or above average
91603,,4,2,0,0,0,0,0,,,,No location data,,,2,0,"Fewer than 1,000 EVs"
91604,Los Angeles,4069,1353,18,207,0,207,78,7611.0,182189.0,23.93759032978584,Well served,19.657004830917874,0.5907003720832892,2716,129,At or above average
91605,Los Angeles,2436,404,9,25,4,29,10,4377.0,132264.0,30.217957505140507,Locally sparse - chargers nearby,84.0,2.524231523662874,2032,19,Below average
91606,Los Angeles,2152,427,44,81,0,81,2,5484.0,150426.0,27.429978118161927,Well served,26.567901234567902,0.7983754025459295,1725,79,At or above average
91607,Los Angeles,2485,622,7,31,8,39,10,6662.0,157941.0,23.707745421795256,Well served,63.717948717948715,1.9147482711545303,1863,29,Below average
91608,Universal City,5,4,43,96,14,110,30,8423.0,169311.0,20.101032886145077,"Fewer than 1,000 EVs",0.045454545454545456,0.0013659261491682218,1,80,"Fewer than 1,000 EVs"
91609,,7,0,0,0,0,0,0,,,,No location data,,,7,0,"Fewer than 1,000 EVs"
91610,,8,4,0,0,0,0,0,,,,No location data,,,4,0,"Fewer than 1,000 EVs"
91614,,8,5,0,0,0,0,0,,,,No location data,,,3,0,"Fewer than 1,000 EVs"
91615,,7,0,0,0,0,0,0,,,,No location data,,,7,0,"Fewer than 1,000 EVs"
91616,,2,0,0,0,0,0,0,,,,No location data,,,2,0,"Fewer than 1,000 EVs"
91617,,2,2,0,0,0,0,0,,,,No location data,,,0,0,"Fewer than 1,000 EVs"
91623,,1,0,0,0,0,0,0,,,,No location data,,,1,0,"Fewer than 1,000 EVs"
91632,,0,1,0,0,0,0,0,,,,No location data,,,-1,0,"Fewer than 1,000 EVs"
91701,Rancho Cucamonga,2225,568,2,4,0,4,0,810.0,41317.0,51.00864197530864,Locally sparse - chargers nearby,556.25,16.715521250446113,1657,4,Severely underserved (>3x state avg)
91702,Azusa,2313,633,11,20,17,37,5,145.0,9607.0,66.2551724137931,Well served,62.513513513513516,1.8785545412587603,1680,32,Below average
91706,Baldwin Park,2223,499,6,27,32,59,13,1646.0,80494.0,48.90279465370595,Well served,37.67796610169491,1.1322370212071364,1724,46,Below average
91708,Chino,2483,343,9,10,20,30,0,790.0,54922.0,69.52151898734178,Isolated - underserved by both measures,82.76666666666667,2.487169394148776,2140,30,Below average
91709,Chino Hills,8930,2198,21,53,38,91,5,1230.0,71671.0,58.26910569105691,Locally sparse - chargers nearby,98.13186813186813,2.9488994644570203,6732,86,Below average
91710,Chino,4442,1142,6,4,32,36,2,1364.0,63874.0,46.828445747800586,Locally sparse - chargers nearby,123.38888888888889,3.7078824167032027,3300,34,Severely underserved (>3x state avg)
91711,Claremont,2859,961,33,62,4,66,14,1024.0,42065.0,41.0791015625,Well served,43.31818181818182,1.3017276201573154,1898,52,Below average
91715,,17,10,0,0,0,0,0,,,,No location data,,,7,0,"Fewer than 1,000 EVs"
91720,,0,1,0,0,0,0,0,,,,No location data,,,-1,0,"Fewer than 1,000 EVs"
91722,Covina,1365,309,3,2,20,22,0,1400.0,67760.0,48.4,Well served,62.04545454545455,1.8644891936146226,1056,22,Below average
91723,Covina,880,196,16,21,31,52,6,1398.0,66710.0,47.71816881258941,"Fewer than 1,000 EVs",16.923076923076923,0.5085448124595533,684,46,"Fewer than 1,000 EVs"
91724,Covina,1387,361,1,2,0,2,0,1437.0,56512.0,39.32637439109256,Locally sparse - chargers nearby,693.5,20.83993525785956,1026,2,Severely underserved (>3x state avg)
91726,,0,1,0,0,0,0,0,,,,No location data,,,-1,0,"Fewer than 1,000 EVs"
91729,,42,12,0,0,0,0,0,,,,No location data,,,30,0,"Fewer than 1,000 EVs"
91730,Rancho Cucamonga,3411,781,21,27,9,36,11,860.0,45657.0,53.08953488372093,Locally sparse - chargers nearby,94.75,2.847273057941158,2630,25,Below average
91731,El Monte,988,234,15,23,5,28,5,2680.0,94708.0,35.33880597014925,"Fewer than 1,000 EVs",35.285714285714285,1.0603489563685882,754,23,"Fewer than 1,000 EVs"
91732,El Monte,2066,451,10,15,22,37,0,2416.0,103089.0,42.6692880794702,Well served,55.83783783783784,1.677947981945784,1615,37,Below average
91733,South El Monte,1341,320,2,2,4,6,0,2859.0,104451.0,36.53410283315845,Locally sparse - chargers nearby,223.5,6.716258875460146,1021,6,Severely underserved (>3x state avg)
91734,,3,3,0,0,0,0,0,,,,No location data,,,0,0,"Fewer than 1,000 EVs"
91736,,0,1,0,0,0,0,0,,,,No location data,,,-1,0,"Fewer than 1,000 EVs"
91737,Rancho Cucamonga,1906,509,1,4,0,4,0,701.0,38728.0,55.24679029957204,Locally sparse - chargers nearby,476.5,14.319003821730467,1397,4,Severely underserved (>3x state avg)
91739,Rancho Cucamonga,4015,1019,4,2,21,23,13,363.0,34982.0,96.36914600550963,Isolated - underserved by both measures,174.56521739130434,5.245750293740392,2996,10,Severely underserved (>3x state avg)
91740,Glendora,1177,349,10,21,1,22,0,1306.0,54455.0,41.69601837672282,Well served,53.5,1.6076950775709968,828,22,Below average
91741,Glendora,1908,605,11,18,8,26,2,822.0,32572.0,39.62530413625304,Locally sparse - chargers nearby,73.38461538461539,2.2052352322109723,1303,24,Below average
91743,,7,1,0,0,0,0,0,,,,No location data,,,6,0,"Fewer than 1,000 EVs"
91744,City of Industry,2277,398,8,16,4,20,4,1672.0,88546.0,52.958133971291865,Locally sparse - chargers nearby,113.85,3.4212352258216447,1879,16,Severely underserved (>3x state avg)
91745,Hacienda Heights,4235,1058,4,2,14,16,0,2097.0,99639.0,47.51502145922747,Locally sparse - chargers nearby,264.6875,7.953958707375201,3177,16,Severely underserved (>3x state avg)
91746,City of Industry,899,210,40,89,4,93,6,1973.0,93595.0,47.43791180942727,"Fewer than 1,000 EVs",9.666666666666666,0.2904869610564418,689,87,"Fewer than 1,000 EVs"
91747,,8,1,0,0,0,0,0,,,,No location data,,,7,0,"Fewer than 1,000 EVs"
91748,City of Industry,4105,1021,10,7,48,55,13,1904.0,85227.0,44.76207983193277,Locally sparse - chargers nearby,74.63636363636364,2.24285073693422,3084,42,Below average
91750,La Verne,2022,640,10,16,16,32,0,851.0,31064.0,36.50293772032902,Well served,63.1875,1.8988080881124743,1382,32,Below average
91752,Eastvale,1968,449,4,6,17,23,0,946.0,45240.0,47.82241014799154,Locally sparse - chargers nearby,85.56521739130434,2.571266893669014,1519,23,Below average
91754,Monterey Park,2435,649,8,34,5,39,2,5083.0,123746.0,24.34507180798741,Well served,62.43589743589744,1.8762221489985036,1786,37,Below average
91755,Monterey Park,1849,439,1,4,0,4,0,4464.0,116006.0,25.98700716845878,Locally sparse - chargers nearby,462.25,13.890785973966231,1410,4,Severely underserved (>3x state avg)
91758,,1,0,0,0,0,0,0,,,,No location data,,,1,0,"Fewer than 1,000 EVs"
91759,,16,7,0,0,0,0,0,1.0,14110.0,14110.0,"Fewer than 1,000 EVs",,,9,0,"Fewer than 1,000 EVs"
91760,,0,2,0,0,0,0,0,,,,No location data,,,-2,0,"Fewer than 1,000 EVs"
91761,Ontario,3908,702,88,188,28,216,32,990.0,62660.0,63.292929292929294,Well served,18.09259259259259,0.5436891972263288,3206,184,At or above average
91762,Ontario,2966,489,3,15,0,15,0,1018.0,54705.0,53.737721021611,Locally sparse - chargers nearby,197.73333333333332,5.94196087236832,2477,15,Severely underserved (>3x state avg)
91763,Montclair,1112,282,6,12,5,17,5,1322.0,64601.0,48.8661119515885,Well served,65.41176470588235,1.9656480772500808,830,12,Below average
91764,Ontario,1418,311,31,93,81,174,20,1106.0,50357.0,45.53074141048825,Well served,8.149425287356323,0.2448932882152405,1107,154,At or above average
91765,Diamond Bar,5694,1653,51,85,35,120,4,1545.0,82629.0,53.48155339805825,Well served,47.45,1.4258903071167066,4041,116,Below average
91766,Pomona,2217,527,8,65,50,115,0,1405.0,68299.0,48.61138790035587,Well served,19.278260869565216,0.5793189739089638,1690,115,At or above average
91767,Pomona,1392,296,17,41,2,43,1,1394.0,66481.0,47.69081779053084,Well served,32.372093023255815,0.9727935440029679,1096,42,At or above average
91768,Pomona,838,210,8,43,1,44,40,1343.0,65102.0,48.47505584512286,"Fewer than 1,000 EVs",19.045454545454547,0.572323056501485,628,4,"Fewer than 1,000 EVs"
91769,,17,5,0,0,0,0,0,,,,No location data,,,12,0,"Fewer than 1,000 EVs"
91770,Rosemead,4341,882,9,22,10,32,10,3546.0,105545.0,29.764523406655385,Locally sparse - chargers nearby,135.65625,4.0765212218082345,3459,22,Severely underserved (>3x state avg)
91773,San Dimas,2171,615,17,40,6,46,17,1310.0,49657.0,37.90610687022901,Well served,47.19565217391305,1.4182470594907088,1556,29,Below average
91774,,0,1,0,0,0,0,0,,,,No location data,,,-1,0,"Fewer than 1,000 EVs"
91775,San Gabriel,2155,612,1,0,6,6,0,3248.0,98587.0,30.35314039408867,Locally sparse - chargers nearby,359.1666666666667,10.7930931220109,1543,6,Severely underserved (>3x state avg)
91776,San Gabriel,2416,564,8,18,43,61,20,3695.0,108432.0,29.345602165087957,Well served,39.60655737704918,1.1901919127965461,1852,41,Below average
91778,,14,10,0,0,0,0,0,,,,No location data,,,4,0,"Fewer than 1,000 EVs"
91780,Temple City,3126,874,4,8,0,8,2,2595.0,97128.0,37.428901734104045,Locally sparse - chargers nearby,390.75,11.742184141324618,2252,6,Severely underserved (>3x state avg)
91784,,2566,722,0,0,0,0,0,915.0,41640.0,45.50819672131148,Locally sparse - chargers nearby,,,1844,0,"1,000+ EVs, zero ports"
91785,,16,3,0,0,0,0,0,,,,No location data,,,13,0,"Fewer than 1,000 EVs"
91786,Upland,2124,538,6,7,68,75,2,1045.0,41592.0,39.80095693779904,Well served,28.32,0.8510266279777688,1586,73,At or above average
91788,,27,9,0,0,0,0,0,,,,No location data,,,18,0,"Fewer than 1,000 EVs"
91789,Walnut,5445,1480,78,148,20,168,8,1630.0,82720.0,50.74846625766871,Well served,32.410714285714285,0.973954127433698,3965,160,At or above average
91790,West Covina,2335,498,9,70,8,78,2,1574.0,78659.0,49.97395171537484,Well served,29.935897435897434,0.8995849523432249,1837,76,At or above average
91791,West Covina,2492,658,4,5,62,67,0,1488.0,76173.0,51.19153225806452,Well served,37.19402985074627,1.1176945552537103,1834,67,Below average
91792,West Covina,1532,339,1,2,0,2,2,1653.0,65572.0,39.66848154869933,Locally sparse - chargers nearby,766.0,23.018587465782872,1193,0,Severely underserved (>3x state avg)
91793,,14,7,0,0,0,0,0,,,,No location data,,,7,0,"Fewer than 1,000 EVs"
91801,Alhambra,3001,777,7,26,12,38,4,4634.0,116541.0,25.149115235217955,Locally sparse - chargers nearby,78.97368421052632,2.3731888479048506,2224,34,Below average
91802,,38,16,0,0,0,0,0,,,,No location data,,,22,0,"Fewer than 1,000 EVs"
91803,Alhambra,1859,520,2,0,28,28,0,5103.0,123111.0,24.12522045855379,Well served,66.39285714285714,1.9951302731672116,1339,28,Below average
91806,,0,1,0,0,0,0,0,,,,No location data,,,-1,0,"Fewer than 1,000 EVs"
91816,,1,0,0,0,0,0,0,,,,No location data,,,1,0,"Fewer than 1,000 EVs"
91822,,1,0,0,0,0,0,0,,,,No location data,,,1,0,"Fewer than 1,000 EVs"
91901,Alpine,724,179,5,14,22,36,8,69.0,6142.0,89.01449275362319,"Fewer than 1,000 EVs",20.11111111111111,0.6043464362208731,545,28,"Fewer than 1,000 EVs"
91902,,1171,275,0,0,0,0,0,1138.0,47287.0,41.55272407732865,Locally sparse - chargers nearby,,,896,0,"1,000+ EVs, zero ports"
91903,,13,5,0,0,0,0,0,,,,No location data,,,8,0,"Fewer than 1,000 EVs"
91905,,40,7,0,0,0,0,0,12.0,151.0,12.583333333333334,"Fewer than 1,000 EVs",,,33,0,"Fewer than 1,000 EVs"
91906,Campo,94,24,6,10,0,10,0,10.0,245.0,24.5,"Fewer than 1,000 EVs",9.4,0.2824735276479883,70,10,"Fewer than 1,000 EVs"
91908,,9,0,0,0,0,0,0,,,,No location data,,,9,0,"Fewer than 1,000 EVs"
91909,,4,2,0,0,0,0,0,,,,No location data,,,2,0,"Fewer than 1,000 EVs"
91910,Chula Vista,2831,613,22,67,26,93,6,1264.0,46972.0,37.16139240506329,Well served,30.440860215053764,0.9147592733601633,2218,87,At or above average
91911,Chula Vista,2303,332,21,29,12,41,10,687.0,31815.0,46.31004366812227,Well served,56.170731707317074,1.6879515676526127,1971,31,Below average
91912,,30,11,0,0,0,0,0,,,,No location data,,,19,0,"Fewer than 1,000 EVs"
91913,Chula Vista,4654,806,3,9,0,9,0,441.0,29696.0,67.33786848072562,Isolated - underserved by both measures,517.1111111111111,15.539382951226209,3848,9,Severely underserved (>3x state avg)
91914,Chula Vista,1676,408,6,16,32,48,18,587.0,39501.0,67.29301533219761,Locally fine - crowded region,34.916666666666664,1.049258936919389,1268,30,Below average
91915,Chula Vista,2923,535,8,16,16,32,4,409.0,28470.0,69.60880195599022,Isolated - underserved by both measures,91.34375,2.7449139671378644,2388,28,Below average
91916,,53,13,0,0,0,0,0,38.0,788.0,20.73684210526316,"Fewer than 1,000 EVs",,,40,0,"Fewer than 1,000 EVs"
91917,,25,10,0,0,0,0,0,0.0,708.0,,"Fewer than 1,000 EVs",,,15,0,"Fewer than 1,000 EVs"
91921,,18,6,0,0,0,0,0,,,,No location data,,,12,0,"Fewer than 1,000 EVs"
91931,Guatay,9,1,1,2,0,2,0,36.0,884.0,24.555555555555557,"Fewer than 1,000 EVs",4.5,0.13522668876765395,8,2,"Fewer than 1,000 EVs"
91932,Imperial Beach,557,123,6,12,0,12,2,392.0,19135.0,48.81377551020408,"Fewer than 1,000 EVs",46.416666666666664,1.394838252658949,434,10,"Fewer than 1,000 EVs"
91933,,4,0,0,0,0,0,0,,,,No location data,,,4,0,"Fewer than 1,000 EVs"
91934,Jacumba Hot Springs,17,4,1,0,12,12,0,12.0,57.0,4.75,"Fewer than 1,000 EVs",1.4166666666666667,0.04257136498240958,13,12,"Fewer than 1,000 EVs"
91935,Jamul,640,166,1,8,0,8,0,71.0,4626.0,65.15492957746478,"Fewer than 1,000 EVs",80.0,2.40403002253607,474,8,"Fewer than 1,000 EVs"
91941,,2023,600,0,0,0,0,0,1254.0,53052.0,42.30622009569378,Locally sparse - chargers nearby,,,1423,0,"1,000+ EVs, zero ports"
91942,La Mesa,1605,356,10,24,12,36,6,1960.0,52637.0,26.85561224489796,Well served,44.583333333333336,1.3397458979758308,1249,30,Below average
91943,La Mesa,2,1,1,3,0,3,3,,,,No location data,0.6666666666666666,0.020033583521133918,1,0,"Fewer than 1,000 EVs"
91944,,10,2,0,0,0,0,0,,,,No location data,,,8,0,"Fewer than 1,000 EVs"
91945,Lemon Grove,830,142,6,9,8,17,1,2098.0,65619.0,31.276930409914204,"Fewer than 1,000 EVs",48.8235294117647,1.4671653814006897,688,16,"Fewer than 1,000 EVs"
91946,,4,0,0,0,0,0,0,,,,No location data,,,4,0,"Fewer than 1,000 EVs"
91948,,2,2,0,0,0,0,0,10.0,160.0,16.0,"Fewer than 1,000 EVs",,,0,0,"Fewer than 1,000 EVs"
91950,National City,1094,145,28,42,12,54,5,1867.0,58273.0,31.212104981253347,Well served,20.25925925925926,0.6087983436700141,949,49,At or above average
91951,,9,1,0,0,0,0,0,,,,No location data,,,8,0,"Fewer than 1,000 EVs"
91962,,96,13,0,0,0,0,0,10.0,201.0,20.1,"Fewer than 1,000 EVs",,,83,0,"Fewer than 1,000 EVs"
91963,,15,4,0,0,0,0,0,10.0,162.0,16.2,"Fewer than 1,000 EVs",,,11,0,"Fewer than 1,000 EVs"
91976,,2,3,0,0,0,0,0,,,,No location data,,,-1,0,"Fewer than 1,000 EVs"
91977,Spring Valley,2061,338,2,4,0,4,0,1389.0,53319.0,38.3866090712743,Locally sparse - chargers nearby,515.25,15.483455863896378,1723,4,Severely underserved (>3x state avg)
91978,,557,75,0,0,0,0,0,694.0,44426.0,64.01440922190201,"Fewer than 1,000 EVs",,,482,0,"Fewer than 1,000 EVs"
91979,,9,3,0,0,0,0,0,,,,No location data,,,6,0,"Fewer than 1,000 EVs"
91980,,28,1,0,0,0,0,0,2.0,68.0,34.0,"Fewer than 1,000 EVs",,,27,0,"Fewer than 1,000 EVs"
92003,,449,120,0,0,0,0,0,281.0,20667.0,73.54804270462634,"Fewer than 1,000 EVs",,,329,0,"Fewer than 1,000 EVs"
92004,Borrego Springs,86,25,5,6,6,12,0,12.0,86.0,7.166666666666667,"Fewer than 1,000 EVs",7.166666666666667,0.21536102285218964,61,12,"Fewer than 1,000 EVs"
92005,,1,0,0,0,0,0,0,,,,No location data,,,1,0,"Fewer than 1,000 EVs"
92007,Cardiff by the Sea,1087,353,4,7,0,7,0,1028.0,56202.0,54.67120622568093,Locally sparse - chargers nearby,155.28571428571428,4.666393990172693,734,7,Severely underserved (>3x state avg)
92008,Carlsbad,2402,705,25,95,35,130,11,761.0,39614.0,52.05519053876478,Well served,18.476923076923075,0.5552384725126577,1697,119,At or above average
92009,Carlsbad,5348,1705,18,30,26,56,35,991.0,51285.0,51.75075681130171,Locally sparse - chargers nearby,95.5,2.869810839402434,3643,21,Below average
92010,Carlsbad,1777,520,15,30,0,30,3,808.0,39950.0,49.443069306930695,Well served,59.233333333333334,1.7799838958527487,1257,27,Below average
92011,Carlsbad,2782,830,8,21,0,21,7,851.0,43776.0,51.4406580493537,Locally sparse - chargers nearby,132.47619047619048,3.9809592396996116,1952,14,Severely underserved (>3x state avg)
92013,,23,10,0,0,0,0,0,,,,No location data,,,13,0,"Fewer than 1,000 EVs"
92014,Del Mar,2199,837,11,18,1,19,13,1842.0,58962.0,32.009771986970684,Locally sparse - chargers nearby,115.73684210526316,3.4779355391821176,1362,6,Severely underserved (>3x state avg)
92018,,39,11,0,0,0,0,0,,,,No location data,,,28,0,"Fewer than 1,000 EVs"
92019,El Cajon,2680,423,11,37,0,37,0,431.0,22180.0,51.461716937354986,Locally sparse - chargers nearby,72.43243243243244,2.1766217771610368,2257,37,Below average
92020,El Cajon,2188,411,38,63,25,88,8,699.0,43918.0,62.82975679542203,Well served,24.863636363636363,0.7471616035950173,1777,80,At or above average
92021,El Cajon,2036,330,29,51,29,80,7,420.0,16973.0,40.411904761904765,Well served,25.45,0.7647820509192873,1706,73,At or above average
92022,,12,1,0,0,0,0,0,,,,No location data,,,11,0,"Fewer than 1,000 EVs"
92023,,37,12,0,0,0,0,0,,,,No location data,,,25,0,"Fewer than 1,000 EVs"
92024,Encinitas,5477,1937,22,32,40,72,5,1060.0,60869.0,57.42358490566038,Locally sparse - chargers nearby,76.06944444444444,2.285915353026051,3540,67,Below average
92025,Escondido,1913,480,21,34,29,63,5,538.0,32958.0,61.260223048327134,Well served,30.365079365079364,0.9124820303792662,1433,58,At or above average
92026,Escondido,2718,685,13,53,12,65,4,544.0,22489.0,41.34007352941177,Well served,41.815384615384616,1.256568000240969,2033,61,Below average
92027,Escondido,2006,498,7,35,16,51,2,380.0,11476.0,30.2,Well served,39.333333333333336,1.1819814277469012,1508,49,Below average
92028,Fallbrook,2982,709,18,28,11,39,4,185.0,7833.0,42.34054054054054,Locally sparse - chargers nearby,76.46153846153847,2.2976979253854366,2273,35,Below average
92029,Escondido,2078,544,15,27,0,27,7,854.0,59291.0,69.42740046838408,Isolated - underserved by both measures,76.96296296296296,2.3127659198286823,1534,20,Below average
92030,,11,4,0,0,0,0,0,,,,No location data,,,7,0,"Fewer than 1,000 EVs"
92033,,5,1,0,0,0,0,0,,,,No location data,,,4,0,"Fewer than 1,000 EVs"
92034,,0,1,0,0,0,0,0,,,,No location data,,,-1,0,"Fewer than 1,000 EVs"
92036,Julian,110,30,5,2,4,6,2,6.0,110.0,18.333333333333332,"Fewer than 1,000 EVs",18.333333333333332,0.5509235468311827,80,4,"Fewer than 1,000 EVs"
92037,San Diego,4798,1772,93,478,38,516,59,2455.0,50136.0,20.421995926680243,Well served,9.2984496124031,0.27942190039069925,3026,457,At or above average
92038,,43,14,0,0,0,0,0,,,,No location data,,,29,0,"Fewer than 1,000 EVs"
92039,,14,6,0,0,0,0,0,,,,No location data,,,8,0,"Fewer than 1,000 EVs"
92040,Lakeside,1276,295,15,27,12,39,6,384.0,20262.0,52.765625,Well served,32.717948717948715,0.983186637421803,981,33,At or above average
92046,,18,6,0,0,0,0,0,,,,No location data,,,12,0,"Fewer than 1,000 EVs"
92049,,6,4,0,0,0,0,0,,,,No location data,,,2,0,"Fewer than 1,000 EVs"
92051,,5,2,0,0,0,0,0,,,,No location data,,,3,0,"Fewer than 1,000 EVs"
92052,,9,3,0,0,0,0,0,,,,No location data,,,6,0,"Fewer than 1,000 EVs"
92054,Oceanside,1656,460,36,53,66,119,10,626.0,25832.0,41.26517571884984,Well served,13.915966386554622,0.41818001232350127,1196,109,At or above average
92055,,21,9,0,0,0,0,0,1.0,4000.0,4000.0,"Fewer than 1,000 EVs",,,12,0,"Fewer than 1,000 EVs"
92056,Oceanside,3008,731,22,44,4,48,7,728.0,33499.0,46.01510989010989,Well served,62.666666666666664,1.8831568509865881,2277,41,Below average
92057,Oceanside,2869,759,4,4,20,24,0,604.0,23784.0,39.37748344370861,Locally sparse - chargers nearby,119.54166666666667,3.592271945133326,2110,24,Severely underserved (>3x state avg)
92058,Oceanside,1166,251,2,2,8,10,0,361.0,19354.0,53.61218836565097,Locally sparse - chargers nearby,116.6,3.503873757846322,915,10,Severely underserved (>3x state avg)
92059,,66,18,0,0,0,0,0,176.0,6901.0,39.21022727272727,"Fewer than 1,000 EVs",,,48,0,"Fewer than 1,000 EVs"
92060,,12,5,0,0,0,0,0,28.0,240.0,8.571428571428571,"Fewer than 1,000 EVs",,,7,0,"Fewer than 1,000 EVs"
92061,Pauma Valley,106,35,4,18,10,28,0,72.0,1467.0,20.375,"Fewer than 1,000 EVs",3.7857142857142856,0.11376213499501046,71,28,"Fewer than 1,000 EVs"
92064,Poway,4712,1230,8,10,11,21,4,440.0,40955.0,93.07954545454544,Isolated - underserved by both measures,224.38095238095238,6.742731825113073,3482,17,Severely underserved (>3x state avg)
92065,Ramona,1478,421,7,10,14,24,6,34.0,3484.0,102.47058823529412,Locally fine - crowded region,61.583333333333336,1.8506022777647457,1057,18,Below average
92066,,6,0,0,0,0,0,0,12.0,44.0,3.6666666666666665,"Fewer than 1,000 EVs",,,6,0,"Fewer than 1,000 EVs"
92067,Rancho Santa Fe,2071,837,5,10,0,10,2,1601.0,62202.0,38.851967520299816,Locally sparse - chargers nearby,207.1,6.223432720840251,1234,8,Severely underserved (>3x state avg)
92068,,6,1,0,0,0,0,0,,,,No location data,,,5,0,"Fewer than 1,000 EVs"
92069,San Marcos,2651,614,11,24,24,48,4,735.0,42863.0,58.31700680272109,Well served,55.229166666666664,1.6596571848289379,2037,44,Below average
92070,Santa Ysabel,18,5,3,4,8,12,2,34.0,56.0,1.6470588235294117,"Fewer than 1,000 EVs",1.5,0.04507556292255131,13,10,"Fewer than 1,000 EVs"
92071,Santee,2557,531,26,68,11,79,30,866.0,47716.0,55.09930715935335,Well served,32.36708860759494,0.9726431594342929,2026,49,At or above average
92072,,13,1,0,0,0,0,0,,,,No location data,,,12,0,"Fewer than 1,000 EVs"
92073,,1,0,0,0,0,0,0,,,,No location data,,,1,0,"Fewer than 1,000 EVs"
92074,,13,4,0,0,0,0,0,,,,No location data,,,9,0,"Fewer than 1,000 EVs"
92075,Solana Beach,1513,551,36,75,8,83,26,1927.0,57478.0,29.827711468604047,Well served,18.228915662650603,0.5477857566411256,962,57,At or above average
92077,,1,0,0,0,0,0,0,,,,No location data,,,1,0,"Fewer than 1,000 EVs"
92078,San Marcos,4566,1240,22,37,2,39,14,998.0,52061.0,52.16533066132264,Locally sparse - chargers nearby,117.07692307692308,3.5182054752883642,3326,25,Severely underserved (>3x state avg)
92079,,17,6,0,0,0,0,0,,,,No location data,,,11,0,"Fewer than 1,000 EVs"
92081,Vista,1800,450,18,37,37,74,8,907.0,42942.0,47.34509371554576,Well served,24.324324324324323,0.730955074419751,1350,66,At or above average
92082,Valley Center,1283,302,9,32,12,44,0,206.0,6179.0,29.99514563106796,Well served,29.15909090909091,0.8762416246914142,981,44,At or above average
92083,Vista,1062,266,9,18,30,48,2,768.0,41694.0,54.2890625,Well served,22.125,0.6648645531076319,796,46,At or above average
92084,Vista,1962,483,9,21,22,43,0,785.0,36217.0,46.136305732484075,Well served,45.627906976744185,1.3711357279697005,1479,43,Below average
92085,,12,5,0,0,0,0,0,,,,No location data,,,7,0,"Fewer than 1,000 EVs"
92086,,38,14,0,0,0,0,0,0.0,62.0,,"Fewer than 1,000 EVs",,,24,0,"Fewer than 1,000 EVs"
92088,,11,6,0,0,0,0,0,,,,No location data,,,5,0,"Fewer than 1,000 EVs"
92091,,336,114,0,0,0,0,0,1268.0,65698.0,51.81230283911672,"Fewer than 1,000 EVs",,,222,0,"Fewer than 1,000 EVs"
92092,,81,8,0,0,0,0,0,2362.0,54294.0,22.98645215918713,"Fewer than 1,000 EVs",,,73,0,"Fewer than 1,000 EVs"
92093,La Jolla,81,63,15,249,2,251,7,2284.0,54636.0,23.92119089316988,"Fewer than 1,000 EVs",0.32270916334661354,0.009697531465409446,18,244,"Fewer than 1,000 EVs"
92096,,1,0,0,0,0,0,0,954.0,49461.0,51.84591194968554,"Fewer than 1,000 EVs",,,1,0,"Fewer than 1,000 EVs"
92101,San Diego,4293,901,265,569,34,603,113,1885.0,49730.0,26.381962864721487,Well served,7.119402985074627,0.213940731483154,3392,490,At or above average
92102,San Diego,1020,260,3,4,0,4,0,2057.0,56902.0,27.662615459406904,Locally sparse - chargers nearby,255.0,7.662845696833724,760,4,Severely underserved (>3x state avg)
92103,San Diego,2813,907,32,104,4,108,0,2669.0,57553.0,21.563506931434993,Well served,26.046296296296298,0.7827009784020794,1906,108,At or above average
92104,San Diego,2146,689,3,4,4,8,4,2009.0,60117.0,29.923842707814835,Locally sparse - chargers nearby,268.25,8.06101316931626,1457,4,Severely underserved (>3x state avg)
92105,San Diego,1783,395,1,5,0,5,5,2179.0,63892.0,29.321707205139973,Locally sparse - chargers nearby,356.6,10.715963825454534,1388,0,Severely underserved (>3x state avg)
92106,San Diego,1502,473,6,13,24,37,8,1645.0,38492.0,23.39939209726444,Well served,40.5945945945946,1.2198828019760735,1029,29,Below average
92107,,1492,527,0,0,0,0,0,2500.0,40878.0,16.3512,Locally sparse - chargers nearby,,,965,0,"1,000+ EVs, zero ports"
92108,San Diego,2029,443,61,115,155,270,73,3013.0,72397.0,24.028211085297045,Well served,7.514814814814815,0.22582300535767066,1586,197,At or above average
92109,San Diego,2483,784,9,62,0,62,9,2938.0,47934.0,16.315180394826413,Well served,40.04838709677419,1.2034690616848915,1699,53,Below average
92110,San Diego,1500,422,28,40,76,116,20,2882.0,51685.0,17.933726578764748,Well served,12.931034482758621,0.3885824389875114,1078,96,At or above average
92111,San Diego,2354,573,29,42,48,90,23,3102.0,74001.0,23.85589941972921,Well served,26.155555555555555,0.7859842601458207,1781,67,At or above average
92112,,18,2,0,0,0,0,0,,,,No location data,,,16,0,"Fewer than 1,000 EVs"
92113,San Diego,637,101,7,8,15,23,9,2039.0,60748.0,29.79303580186366,"Fewer than 1,000 EVs",27.695652173913043,0.8322647414975417,536,14,"Fewer than 1,000 EVs"
92114,San Diego,1827,258,2,4,0,4,0,2122.0,60382.0,28.45523091423186,Locally sparse - chargers nearby,456.75,13.725508909916876,1569,4,Severely underserved (>3x state avg)
92115,San Diego,2106,550,12,21,13,34,6,2221.0,63408.0,28.54930211616389,Well served,61.94117647058823,1.8613555983312366,1556,28,Below average
92116,San Diego,1772,555,2,7,6,13,0,2527.0,72285.0,28.605065294815983,Locally sparse - chargers nearby,136.30769230769232,4.096097307628766,1217,13,Severely underserved (>3x state avg)
92117,San Diego,3041,822,3,1,11,12,3,3095.0,67734.0,21.88497576736672,Locally sparse - chargers nearby,253.41666666666666,7.61526593597103,2219,9,Severely underserved (>3x state avg)
92118,Coronado,1334,382,20,42,5,47,8,1776.0,43233.0,24.342905405405407,Well served,28.382978723404257,0.8529191622508292,952,39,At or above average
92119,San Diego,1327,329,1,0,12,12,0,1647.0,58249.0,35.366727383120825,Locally sparse - chargers nearby,110.58333333333333,3.3230706665680887,998,12,Severely underserved (>3x state avg)
92120,San Diego,2302,569,8,46,1,47,3,2332.0,66257.0,28.412092624356777,Well served,48.97872340425532,1.4718290191164982,1733,44,Below average
92121,San Diego,766,306,110,309,23,332,32,2322.0,65802.0,28.338501291989665,"Fewer than 1,000 EVs",2.3072289156626504,0.06933309477645443,460,300,"Fewer than 1,000 EVs"
92122,San Diego,3318,898,25,54,20,74,28,2668.0,68113.0,25.52961019490255,Well served,44.83783783783784,1.3473938538470744,2420,46,Below average
92123,San Diego,2360,503,61,137,25,162,20,3191.0,73633.0,23.075211532434977,Well served,14.567901234567902,0.437770899165519,1857,142,At or above average
92124,,1867,467,0,0,0,0,0,3061.0,74096.0,24.206468474354786,Locally sparse - chargers nearby,,,1400,0,"1,000+ EVs, zero ports"
92126,San Diego,5374,1099,17,35,34,69,16,2265.0,76434.0,33.74569536423841,Locally sparse - chargers nearby,77.8840579710145,2.340445170490732,4275,53,Below average
92127,San Diego,7509,2253,56,125,16,141,22,1100.0,70777.0,64.34272727272727,Well served,53.255319148936174,1.600342326172283,5256,119,Below average
92128,San Diego,4804,1142,11,46,5,51,2,719.0,49820.0,69.29068150208623,Isolated - underserved by both measures,94.19607843137256,2.830627506927275,3662,49,Below average
92129,San Diego,5919,1492,12,24,14,38,14,1905.0,64308.0,33.75748031496063,Locally sparse - chargers nearby,155.76315789473685,4.680741349799671,4427,24,Severely underserved (>3x state avg)
92130,San Diego,10291,3061,39,99,36,135,30,2007.0,65844.0,32.80717488789238,Locally sparse - chargers nearby,76.22962962962963,2.290728977955435,7230,105,Below average
92131,San Diego,4813,1371,11,16,12,28,1,1630.0,74305.0,45.58588957055215,Locally sparse - chargers nearby,171.89285714285714,5.165444865386654,3442,27,Severely underserved (>3x state avg)
92132,San Diego,1,0,6,12,0,12,0,1923.0,48017.0,24.96983879355174,"Fewer than 1,000 EVs",0.08333333333333333,0.0025041979401417397,1,12,"Fewer than 1,000 EVs"
92134,,3,1,0,0,0,0,0,1977.0,60232.0,30.466363176530095,"Fewer than 1,000 EVs",,,2,0,"Fewer than 1,000 EVs"
92136,,32,5,0,0,0,0,0,1904.0,58268.0,30.602941176470587,"Fewer than 1,000 EVs",,,27,0,"Fewer than 1,000 EVs"
92137,,4,2,0,0,0,0,0,,,,No location data,,,2,0,"Fewer than 1,000 EVs"
92138,,23,9,0,0,0,0,0,,,,No location data,,,14,0,"Fewer than 1,000 EVs"
92139,San Diego,952,173,1,0,6,6,0,1826.0,56426.0,30.901423877327492,"Fewer than 1,000 EVs",158.66666666666666,4.767992878029872,779,6,"Fewer than 1,000 EVs"
92140,San Diego,3,0,1,0,1,1,0,2584.0,51790.0,20.042569659442723,"Fewer than 1,000 EVs",3.0,0.09015112584510263,3,1,"Fewer than 1,000 EVs"
92142,,10,3,0,0,0,0,0,,,,No location data,,,7,0,"Fewer than 1,000 EVs"
92143,,12,2,0,0,0,0,0,,,,No location data,,,10,0,"Fewer than 1,000 EVs"
92145,,12,2,0,0,0,0,0,2703.0,71706.0,26.528301886792452,"Fewer than 1,000 EVs",,,10,0,"Fewer than 1,000 EVs"
92147,,0,1,0,0,0,0,0,1890.0,48048.0,25.42222222222222,"Fewer than 1,000 EVs",,,-1,0,"Fewer than 1,000 EVs"
92149,,4,1,0,0,0,0,0,,,,No location data,,,3,0,"Fewer than 1,000 EVs"
92150,,32,9,0,0,0,0,0,,,,No location data,,,23,0,"Fewer than 1,000 EVs"
92153,,11,1,0,0,0,0,0,,,,No location data,,,10,0,"Fewer than 1,000 EVs"
92154,San Diego,2854,425,9,3,29,32,4,367.0,22286.0,60.724795640326974,Locally sparse - chargers nearby,89.1875,2.680117845436697,2429,28,Below average
92155,San Diego,2,0,1,8,0,8,0,1775.0,43233.0,24.356619718309855,"Fewer than 1,000 EVs",0.25,0.00751259382042522,2,8,"Fewer than 1,000 EVs"
92158,San Diego,0,0,5,10,0,10,0,,,,No location data,0.0,0.0,0,10,"Fewer than 1,000 EVs"
92159,,5,3,0,0,0,0,0,,,,No location data,,,2,0,"Fewer than 1,000 EVs"
92160,,9,5,0,0,0,0,0,,,,No location data,,,4,0,"Fewer than 1,000 EVs"
92161,San Diego,0,0,1,2,0,2,2,2375.0,56066.0,23.606736842105263,"Fewer than 1,000 EVs",0.0,0.0,0,0,"Fewer than 1,000 EVs"
92163,,26,6,0,0,0,0,0,,,,No location data,,,20,0,"Fewer than 1,000 EVs"
92165,,6,2,0,0,0,0,0,,,,No location data,,,4,0,"Fewer than 1,000 EVs"
92166,,7,7,0,0,0,0,0,,,,No location data,,,0,0,"Fewer than 1,000 EVs"
92167,,9,3,0,0,0,0,0,,,,No location data,,,6,0,"Fewer than 1,000 EVs"
92168,,9,6,0,0,0,0,0,,,,No location data,,,3,0,"Fewer than 1,000 EVs"
92169,,24,7,0,0,0,0,0,,,,No location data,,,17,0,"Fewer than 1,000 EVs"
92170,,2,4,0,0,0,0,0,,,,No location data,,,-2,0,"Fewer than 1,000 EVs"
92171,,3,1,0,0,0,0,0,,,,No location data,,,2,0,"Fewer than 1,000 EVs"
92172,,17,10,0,0,0,0,0,,,,No location data,,,7,0,"Fewer than 1,000 EVs"
92173,San Diego,714,86,5,2,30,32,7,377.0,21761.0,57.721485411140584,"Fewer than 1,000 EVs",22.3125,0.6704989984729508,628,25,"Fewer than 1,000 EVs"
92174,,2,2,0,0,0,0,0,,,,No location data,,,0,0,"Fewer than 1,000 EVs"
92175,,6,1,0,0,0,0,0,,,,No location data,,,5,0,"Fewer than 1,000 EVs"
92176,,13,3,0,0,0,0,0,,,,No location data,,,10,0,"Fewer than 1,000 EVs"
92177,,6,5,0,0,0,0,0,,,,No location data,,,1,0,"Fewer than 1,000 EVs"
92178,,18,8,0,0,0,0,0,,,,No location data,,,10,0,"Fewer than 1,000 EVs"
92182,San Diego,3,1,16,24,1,25,11,2193.0,65050.0,29.662562699498405,"Fewer than 1,000 EVs",0.12,0.0036060450338041053,2,14,"Fewer than 1,000 EVs"
92187,,1,0,0,0,0,0,0,,,,No location data,,,1,0,"Fewer than 1,000 EVs"
92191,,8,5,0,0,0,0,0,,,,No location data,,,3,0,"Fewer than 1,000 EVs"
92192,,17,10,0,0,0,0,0,,,,No location data,,,7,0,"Fewer than 1,000 EVs"
92193,,7,7,0,0,0,0,0,,,,No location data,,,0,0,"Fewer than 1,000 EVs"
92195,,6,6,0,0,0,0,0,,,,No location data,,,0,0,"Fewer than 1,000 EVs"
92196,,17,0,0,0,0,0,0,,,,No location data,,,17,0,"Fewer than 1,000 EVs"
92198,,24,8,0,0,0,0,0,,,,No location data,,,16,0,"Fewer than 1,000 EVs"
92199,,1,0,0,0,0,0,0,,,,No location data,,,1,0,"Fewer than 1,000 EVs"
92200,,1,0,0,0,0,0,0,,,,No location data,,,1,0,"Fewer than 1,000 EVs"
92201,Indio,1147,182,17,28,2,30,15,330.0,9345.0,28.318181818181817,Well served,38.233333333333334,1.1489260149370302,965,15,Below average
92202,,9,3,0,0,0,0,0,,,,No location data,,,6,0,"Fewer than 1,000 EVs"
92203,Indio,1651,297,4,3,51,54,50,402.0,7401.0,18.41044776119403,Well served,30.574074074074073,0.9187623998164471,1354,4,At or above average
92210,Indian Wells,506,150,23,66,0,66,20,493.0,12639.0,25.636916835699797,"Fewer than 1,000 EVs",7.666666666666667,0.23038621049304006,356,46,"Fewer than 1,000 EVs"
92211,Palm Desert,1771,396,18,81,8,89,4,510.0,12997.0,25.484313725490196,Well served,19.89887640449438,0.5979687036392388,1375,85,At or above average
92214,,1,0,0,0,0,0,0,,,,No location data,,,1,0,"Fewer than 1,000 EVs"
92220,Banning,933,133,3,6,3,9,2,100.0,4156.0,41.56,"Fewer than 1,000 EVs",103.66666666666667,3.1152222375363245,800,7,"Fewer than 1,000 EVs"
92223,Beaumont,3169,542,8,8,48,56,21,117.0,8744.0,74.73504273504274,Locally fine - crowded region,56.589285714285715,1.70052927263768,2627,35,Below average
92225,Blythe,102,29,13,39,4,43,6,43.0,102.0,2.372093023255814,"Fewer than 1,000 EVs",2.372093023255814,0.07128228555194162,73,37,"Fewer than 1,000 EVs"
92226,,5,2,0,0,0,0,0,,,,No location data,,,3,0,"Fewer than 1,000 EVs"
92227,Brawley,257,35,4,7,16,23,0,23.0,257.0,11.173913043478262,"Fewer than 1,000 EVs",11.173913043478262,0.33578028032161417,222,23,"Fewer than 1,000 EVs"
92230,Cabazon,29,5,5,4,36,40,28,46.0,1103.0,23.97826086956522,"Fewer than 1,000 EVs",0.725,0.021786522079233137,24,12,"Fewer than 1,000 EVs"
92231,Calexico,578,55,11,17,16,33,0,138.0,1350.0,9.782608695652174,"Fewer than 1,000 EVs",17.515151515151516,0.5263368761461548,523,33,"Fewer than 1,000 EVs"
92232,,13,0,0,0,0,0,0,,,,No location data,,,13,0,"Fewer than 1,000 EVs"
92233,Calipatria,22,5,2,2,8,10,0,10.0,29.0,2.9,"Fewer than 1,000 EVs",2.2,0.06611082561974194,17,10,"Fewer than 1,000 EVs"
92234,Cathedral City,1852,339,13,43,14,57,12,547.0,10991.0,20.09323583180987,Well served,32.49122807017544,0.9763735968721057,1513,45,At or above average
92235,,12,3,0,0,0,0,0,,,,No location data,,,9,0,"Fewer than 1,000 EVs"
92236,Coachella,482,43,2,2,1,3,2,80.0,1629.0,20.3625,"Fewer than 1,000 EVs",160.66666666666666,4.828093628593274,439,1,"Fewer than 1,000 EVs"
92239,,7,1,0,0,0,0,0,0.0,7.0,,"Fewer than 1,000 EVs",,,6,0,"Fewer than 1,000 EVs"
92240,Desert Hot Springs,726,132,8,16,0,16,1,250.0,2801.0,11.204,"Fewer than 1,000 EVs",45.375,1.3635357784071773,594,15,"Fewer than 1,000 EVs"
92241,Desert Hot Springs,171,37,1,7,0,7,0,306.0,4899.0,16.00980392156863,"Fewer than 1,000 EVs",24.428571428571427,0.734087739024407,134,7,"Fewer than 1,000 EVs"
92242,,4,1,0,0,0,0,0,0.0,4.0,,"Fewer than 1,000 EVs",,,3,0,"Fewer than 1,000 EVs"
92243,El Centro,672,93,9,12,70,82,36,144.0,1909.0,13.256944444444445,"Fewer than 1,000 EVs",8.195121951219512,0.2462664901134511,579,46,"Fewer than 1,000 EVs"
92244,,17,5,0,0,0,0,0,,,,No location data,,,12,0,"Fewer than 1,000 EVs"
92246,,1,0,0,0,0,0,0,,,,No location data,,,1,0,"Fewer than 1,000 EVs"
92247,,14,4,0,0,0,0,0,,,,No location data,,,10,0,"Fewer than 1,000 EVs"
92248,,21,3,0,0,0,0,0,,,,No location data,,,18,0,"Fewer than 1,000 EVs"
92249,Heber,100,6,1,0,20,20,0,138.0,1350.0,9.782608695652174,"Fewer than 1,000 EVs",5.0,0.15025187640850438,94,20,"Fewer than 1,000 EVs"
92250,,56,8,0,0,0,0,0,0.0,56.0,,"Fewer than 1,000 EVs",,,48,0,"Fewer than 1,000 EVs"
92251,Imperial,550,63,5,9,0,9,0,39.0,1231.0,31.56410256410257,"Fewer than 1,000 EVs",61.111111111111114,1.8364118227706092,487,9,"Fewer than 1,000 EVs"
92252,Joshua Tree,208,52,6,16,12,28,0,63.0,750.0,11.904761904761903,"Fewer than 1,000 EVs",7.428571428571429,0.22323135923549223,156,28,"Fewer than 1,000 EVs"
92253,La Quinta,2155,485,14,47,15,62,26,379.0,8692.0,22.934036939313984,Well served,34.75806451612903,1.0444928827752482,1670,36,Below average
92254,,67,7,0,0,0,0,0,1.0,197.0,197.0,"Fewer than 1,000 EVs",,,60,0,"Fewer than 1,000 EVs"
92255,,21,4,0,0,0,0,0,,,,No location data,,,17,0,"Fewer than 1,000 EVs"
92256,,88,22,0,0,0,0,0,12.0,863.0,71.91666666666667,"Fewer than 1,000 EVs",,,66,0,"Fewer than 1,000 EVs"
92257,,17,3,0,0,0,0,0,0.0,17.0,,"Fewer than 1,000 EVs",,,14,0,"Fewer than 1,000 EVs"
92258,,14,1,0,0,0,0,0,271.0,4565.0,16.8450184501845,"Fewer than 1,000 EVs",,,13,0,"Fewer than 1,000 EVs"
92259,,4,1,0,0,0,0,0,0.0,4.0,,"Fewer than 1,000 EVs",,,3,0,"Fewer than 1,000 EVs"
92260,Palm Desert,1462,380,11,41,5,46,31,435.0,12840.0,29.517241379310345,Well served,31.782608695652176,0.9550793187357975,1082,15,At or above average
92261,,17,10,0,0,0,0,0,,,,No location data,,,7,0,"Fewer than 1,000 EVs"
92262,Palm Springs,1945,553,91,166,38,204,76,354.0,6343.0,17.918079096045197,Well served,9.534313725490197,0.28650970550445204,1392,128,At or above average
92263,,58,13,0,0,0,0,0,,,,No location data,,,45,0,"Fewer than 1,000 EVs"
92264,Palm Springs,1665,420,14,32,4,36,33,496.0,9781.0,19.719758064516128,Well served,46.25,1.3898298567786656,1245,3,Below average
92266,,0,1,0,0,0,0,0,0.0,0.0,,"Fewer than 1,000 EVs",,,-1,0,"Fewer than 1,000 EVs"
92268,,21,3,0,0,0,0,0,35.0,651.0,18.6,"Fewer than 1,000 EVs",,,18,0,"Fewer than 1,000 EVs"
92270,Rancho Mirage,2123,539,27,53,44,97,48,651.0,9538.0,14.651305683563749,Well served,21.88659793814433,0.6577004816809378,1584,49,At or above average
92273,,9,0,0,0,0,0,0,67.0,1231.0,18.37313432835821,"Fewer than 1,000 EVs",,,9,0,"Fewer than 1,000 EVs"
92274,Thermal,130,21,1,0,1,1,0,1.0,197.0,197.0,"Fewer than 1,000 EVs",130.0,3.906548786621114,109,1,"Fewer than 1,000 EVs"
92275,,5,3,0,0,0,0,0,0.0,5.0,,"Fewer than 1,000 EVs",,,2,0,"Fewer than 1,000 EVs"
92276,,159,47,0,0,0,0,0,595.0,9709.0,16.31764705882353,"Fewer than 1,000 EVs",,,112,0,"Fewer than 1,000 EVs"
92277,Twentynine Palms,342,71,5,4,10,14,8,14.0,342.0,24.428571428571427,"Fewer than 1,000 EVs",24.428571428571427,0.734087739024407,271,6,"Fewer than 1,000 EVs"
92278,,4,1,0,0,0,0,0,14.0,4.0,0.2857142857142857,"Fewer than 1,000 EVs",,,3,0,"Fewer than 1,000 EVs"
92280,,1,0,0,0,0,0,0,0.0,1.0,,"Fewer than 1,000 EVs",,,1,0,"Fewer than 1,000 EVs"
92281,,7,1,0,0,0,0,0,33.0,29.0,0.8787878787878788,"Fewer than 1,000 EVs",,,6,0,"Fewer than 1,000 EVs"
92282,,28,8,0,0,0,0,0,62.0,2830.0,45.645161290322584,"Fewer than 1,000 EVs",,,20,0,"Fewer than 1,000 EVs"
92283,,3,0,0,0,0,0,0,0.0,3.0,,"Fewer than 1,000 EVs",,,3,0,"Fewer than 1,000 EVs"
92284,Yucca Valley,542,114,6,11,24,35,0,57.0,771.0,13.526315789473683,"Fewer than 1,000 EVs",15.485714285714286,0.4653515257909107,428,35,"Fewer than 1,000 EVs"
92285,,41,7,0,0,0,0,0,0.0,41.0,,"Fewer than 1,000 EVs",,,34,0,"Fewer than 1,000 EVs"
92286,,13,2,0,0,0,0,0,,,,No location data,,,11,0,"Fewer than 1,000 EVs"
92301,Adelanto,534,76,1,15,0,15,0,15.0,534.0,35.6,"Fewer than 1,000 EVs",35.6,1.0697933600285512,458,15,"Fewer than 1,000 EVs"
92305,,8,3,0,0,0,0,0,54.0,335.0,6.203703703703703,"Fewer than 1,000 EVs",,,5,0,"Fewer than 1,000 EVs"
92307,Apple Valley,933,209,4,7,0,7,2,30.0,933.0,31.1,"Fewer than 1,000 EVs",133.28571428571428,4.005285733975274,724,5,"Fewer than 1,000 EVs"
92308,Apple Valley,896,189,7,13,6,19,0,64.0,3319.0,51.859375,"Fewer than 1,000 EVs",47.1578947368421,1.4171124343370518,707,19,"Fewer than 1,000 EVs"
92309,Baker,2,1,7,0,164,164,108,164.0,2.0,0.0121951219512195,"Fewer than 1,000 EVs",0.012195121951219513,0.00036646799124025463,1,56,"Fewer than 1,000 EVs"
92310,,96,13,0,0,0,0,0,0.0,96.0,,"Fewer than 1,000 EVs",,,83,0,"Fewer than 1,000 EVs"
92311,Barstow,320,54,17,57,229,286,27,286.0,338.0,1.181818181818182,"Fewer than 1,000 EVs",1.118881118881119,0.033622797517986996,266,259,"Fewer than 1,000 EVs"
92312,,8,3,0,0,0,0,0,,,,No location data,,,5,0,"Fewer than 1,000 EVs"
92313,Grand Terrace,379,82,5,36,2,38,1,1348.0,27703.0,20.551186943620177,"Fewer than 1,000 EVs",9.973684210526315,0.29971295346749033,297,37,"Fewer than 1,000 EVs"
92314,,135,28,0,0,0,0,0,54.0,329.0,6.092592592592593,"Fewer than 1,000 EVs",,,107,0,"Fewer than 1,000 EVs"
92315,Big Bear Lake,132,28,12,32,22,54,0,54.0,489.0,9.055555555555555,"Fewer than 1,000 EVs",2.4444444444444446,0.07345647291082437,104,54,"Fewer than 1,000 EVs"
92316,Bloomington,442,65,5,6,0,6,0,1168.0,26991.0,23.108732876712327,"Fewer than 1,000 EVs",73.66666666666667,2.213710979085298,377,6,"Fewer than 1,000 EVs"
92317,Blue Jay,87,17,1,0,1,1,0,292.0,3978.0,13.623287671232877,"Fewer than 1,000 EVs",87.0,2.6143826495079763,70,1,"Fewer than 1,000 EVs"
92318,,3,0,0,0,0,0,0,,,,No location data,,,3,0,"Fewer than 1,000 EVs"
92320,Calimesa,450,74,2,7,12,19,7,200.0,11351.0,56.755,"Fewer than 1,000 EVs",23.68421052631579,0.7117194145665998,376,12,"Fewer than 1,000 EVs"
92321,,29,13,0,0,0,0,0,216.0,3561.0,16.48611111111111,"Fewer than 1,000 EVs",,,16,0,"Fewer than 1,000 EVs"
92322,,18,7,0,0,0,0,0,261.0,6186.0,23.701149425287355,"Fewer than 1,000 EVs",,,11,0,"Fewer than 1,000 EVs"
92324,Colton,1092,239,10,35,47,82,6,1314.0,22263.0,16.942922374429223,Well served,13.317073170731707,0.400183046434358,853,76,At or above average
92325,Crestline,236,62,1,1,0,1,0,334.0,8766.0,26.24550898203593,"Fewer than 1,000 EVs",236.0,7.091888566481407,174,1,"Fewer than 1,000 EVs"
92327,,1,0,0,0,0,0,0,204.0,19.0,0.0931372549019607,"Fewer than 1,000 EVs",,,1,0,"Fewer than 1,000 EVs"
92328,Death Valley,3,1,1,2,0,2,2,2.0,3.0,1.5,"Fewer than 1,000 EVs",1.5,0.04507556292255131,2,0,"Fewer than 1,000 EVs"
92329,,43,10,0,0,0,0,0,,,,No location data,,,33,0,"Fewer than 1,000 EVs"
92331,,20,2,0,0,0,0,0,,,,No location data,,,18,0,"Fewer than 1,000 EVs"
92332,Essex,0,0,2,1,4,5,1,5.0,0.0,0.0,"Fewer than 1,000 EVs",0.0,0.0,0,4,"Fewer than 1,000 EVs"
92333,,19,4,0,0,0,0,0,54.0,481.0,8.907407407407407,"Fewer than 1,000 EVs",,,15,0,"Fewer than 1,000 EVs"
92334,,10,4,0,0,0,0,0,,,,No location data,,,6,0,"Fewer than 1,000 EVs"
92335,Fontana,1363,244,26,44,0,44,6,948.0,34695.0,36.598101265822784,Well served,30.977272727272727,0.9308786706581431,1119,38,At or above average
92336,Fontana,6889,1135,6,7,31,38,24,512.0,29988.0,58.5703125,Locally sparse - chargers nearby,181.28947368421052,5.447816718832562,5754,14,Severely underserved (>3x state avg)
92337,Fontana,1093,225,3,8,0,8,1,979.0,43955.0,44.89785495403473,Locally sparse - chargers nearby,136.625,4.105632522862383,868,7,Severely underserved (>3x state avg)
92339,,25,13,0,0,0,0,0,1.0,2635.0,2635.0,"Fewer than 1,000 EVs",,,12,0,"Fewer than 1,000 EVs"
92340,,13,1,0,0,0,0,0,,,,No location data,,,12,0,"Fewer than 1,000 EVs"
92341,,13,1,0,0,0,0,0,77.0,720.0,9.35064935064935,"Fewer than 1,000 EVs",,,12,0,"Fewer than 1,000 EVs"
92342,,204,47,0,0,0,0,0,0.0,217.0,,"Fewer than 1,000 EVs",,,157,0,"Fewer than 1,000 EVs"
92344,,787,124,0,0,0,0,0,136.0,5040.0,37.05882352941177,"Fewer than 1,000 EVs",,,663,0,"Fewer than 1,000 EVs"
92345,Hesperia,1417,235,13,17,64,81,30,162.0,6203.0,38.29012345679013,Well served,17.493827160493826,0.5256960712860511,1182,51,At or above average
92346,Highland,1891,410,24,38,19,57,8,845.0,11500.0,13.6094674556213,Well served,33.175438596491226,0.9969343799595852,1481,49,At or above average
92347,,7,3,0,0,0,0,0,0.0,7.0,,"Fewer than 1,000 EVs",,,4,0,"Fewer than 1,000 EVs"
92348,,0,1,0,0,0,0,0,,,,No location data,,,-1,0,"Fewer than 1,000 EVs"
92350,,9,6,0,0,0,0,0,1237.0,18312.0,14.803556992724332,"Fewer than 1,000 EVs",,,3,0,"Fewer than 1,000 EVs"
92352,Lake Arrowhead,221,49,4,4,12,16,2,198.0,4996.0,25.232323232323232,"Fewer than 1,000 EVs",13.8125,0.4150708085784934,172,14,"Fewer than 1,000 EVs"
92354,Loma Linda,1164,258,24,44,4,48,3,1223.0,18312.0,14.973017170891252,Well served,24.25,0.7287216005812462,906,45,At or above average
92356,Lucerne Valley,57,15,2,3,0,3,2,3.0,57.0,19.0,"Fewer than 1,000 EVs",19.0,0.5709571303523167,42,1,"Fewer than 1,000 EVs"
92357,,1,0,0,0,0,0,0,,,,No location data,,,1,0,"Fewer than 1,000 EVs"
92358,,32,9,0,0,0,0,0,68.0,17649.0,259.54411764705884,"Fewer than 1,000 EVs",,,23,0,"Fewer than 1,000 EVs"
92359,,234,41,0,0,0,0,0,199.0,8335.0,41.88442211055276,"Fewer than 1,000 EVs",,,193,0,"Fewer than 1,000 EVs"
92363,Needles,29,5,5,0,34,34,8,34.0,29.0,0.8529411764705882,"Fewer than 1,000 EVs",0.8529411764705882,0.02563120244615663,24,26,"Fewer than 1,000 EVs"
92364,Nipton,0,0,3,2,4,6,0,6.0,0.0,0.0,"Fewer than 1,000 EVs",0.0,0.0,0,6,"Fewer than 1,000 EVs"
92365,,24,3,0,0,0,0,0,0.0,24.0,,"Fewer than 1,000 EVs",,,21,0,"Fewer than 1,000 EVs"
92367,,1,0,0,0,0,0,0,,,,No location data,,,1,0,"Fewer than 1,000 EVs"
92368,,13,4,0,0,0,0,0,76.0,1078.0,14.18421052631579,"Fewer than 1,000 EVs",,,9,0,"Fewer than 1,000 EVs"
92369,,9,3,0,0,0,0,0,930.0,13310.0,14.311827956989248,"Fewer than 1,000 EVs",,,6,0,"Fewer than 1,000 EVs"
92371,,248,57,0,0,0,0,0,36.0,2916.0,81.0,"Fewer than 1,000 EVs",,,191,0,"Fewer than 1,000 EVs"
92372,,128,30,0,0,0,0,0,1.0,573.0,573.0,"Fewer than 1,000 EVs",,,98,0,"Fewer than 1,000 EVs"
92373,Redlands,2074,628,4,8,4,12,4,795.0,18807.0,23.656603773584905,Locally sparse - chargers nearby,172.83333333333334,5.193706527853968,1446,8,Severely underserved (>3x state avg)
92374,Redlands,1861,361,29,56,63,119,11,892.0,14855.0,16.65358744394619,Well served,15.638655462184873,0.4699474655398767,1500,108,At or above average
92375,,25,7,0,0,0,0,0,,,,No location data,,,18,0,"Fewer than 1,000 EVs"
92376,Rialto,1413,211,9,23,14,37,0,1072.0,27581.0,25.728544776119403,Well served,38.189189189189186,1.147599466839009,1202,37,Below average
92377,Rialto,825,175,2,4,0,4,0,804.0,22747.0,28.29228855721393,"Fewer than 1,000 EVs",206.25,6.197889901850806,650,4,"Fewer than 1,000 EVs"
92378,,13,2,0,0,0,0,0,435.0,6537.0,15.027586206896553,"Fewer than 1,000 EVs",,,11,0,"Fewer than 1,000 EVs"
92382,,147,34,0,0,0,0,0,214.0,3946.0,18.439252336448597,"Fewer than 1,000 EVs",,,113,0,"Fewer than 1,000 EVs"
92384,Shoshone,1,0,2,3,6,9,0,9.0,1.0,0.1111111111111111,"Fewer than 1,000 EVs",0.1111111111111111,0.003338930586855653,1,9,"Fewer than 1,000 EVs"
92385,Skyforest,19,2,1,39,0,39,0,574.0,6891.0,12.005226480836235,"Fewer than 1,000 EVs",0.48717948717948717,0.014639926419290171,17,39,"Fewer than 1,000 EVs"
92386,,35,7,0,0,0,0,0,54.0,329.0,6.092592592592593,"Fewer than 1,000 EVs",,,28,0,"Fewer than 1,000 EVs"
92391,,40,15,0,0,0,0,0,400.0,7954.0,19.885,"Fewer than 1,000 EVs",,,25,0,"Fewer than 1,000 EVs"
92392,Victorville,1582,247,10,15,21,36,12,224.0,5901.0,26.34375,Well served,43.94444444444444,1.3205470471014107,1335,24,Below average
92393,,31,3,0,0,0,0,0,,,,No location data,,,28,0,"Fewer than 1,000 EVs"
92394,Victorville,861,127,7,4,30,34,2,221.0,3462.0,15.665158371040723,"Fewer than 1,000 EVs",25.323529411764707,0.7609815622807193,734,32,"Fewer than 1,000 EVs"
92395,Victorville,1006,201,18,27,31,58,4,242.0,6549.0,27.06198347107438,Well served,17.344827586206897,0.5212185781619152,805,54,At or above average
92397,Wrightwood,171,46,1,1,0,1,0,1.0,591.0,591.0,"Fewer than 1,000 EVs",171.0,5.13861417317085,125,1,"Fewer than 1,000 EVs"
92398,Yermo,18,3,5,2,64,66,24,66.0,339.0,5.136363636363637,"Fewer than 1,000 EVs",0.2727272727272727,0.00819555689500933,15,42,"Fewer than 1,000 EVs"
92399,Yucaipa,1669,390,6,13,0,13,1,93.0,9482.0,101.95698924731182,Isolated - underserved by both measures,128.3846153846154,3.8580058727045206,1279,12,Severely underserved (>3x state avg)
92401,San Bernardino,17,4,6,10,0,10,0,1107.0,26167.0,23.63775971093044,"Fewer than 1,000 EVs",1.7,0.05108563797889149,13,10,"Fewer than 1,000 EVs"
92402,San Bernardino,4,1,1,0,2,2,0,,,,No location data,2.0,0.06010075056340176,3,2,"Fewer than 1,000 EVs"
92404,San Bernardino,856,201,17,120,0,120,0,889.0,12150.0,13.667041619797525,"Fewer than 1,000 EVs",7.133333333333334,0.21435934367613294,655,120,"Fewer than 1,000 EVs"
92405,San Bernardino,399,89,1,0,2,2,2,1050.0,20555.0,19.576190476190476,"Fewer than 1,000 EVs",199.5,5.995049868699325,310,0,"Fewer than 1,000 EVs"
92406,,3,0,0,0,0,0,0,,,,No location data,,,3,0,"Fewer than 1,000 EVs"
92407,San Bernardino,1794,381,3,3,13,16,3,305.0,17257.0,56.58032786885246,Locally sparse - chargers nearby,112.125,3.369398328460711,1413,13,Severely underserved (>3x state avg)
92408,San Bernardino,354,58,94,175,47,222,18,1131.0,17906.0,15.832007073386384,"Fewer than 1,000 EVs",1.5945945945945945,0.047918165989739234,296,204,"Fewer than 1,000 EVs"
92410,San Bernardino,471,68,28,76,10,86,8,1113.0,26167.0,23.510332434860736,"Fewer than 1,000 EVs",5.476744186046512,0.1645782181125711,403,78,"Fewer than 1,000 EVs"
92411,San Bernardino,252,46,3,6,0,6,0,1033.0,23601.0,22.84704743465634,"Fewer than 1,000 EVs",42.0,1.262115761831437,206,6,"Fewer than 1,000 EVs"
92413,,4,0,0,0,0,0,0,,,,No location data,,,4,0,"Fewer than 1,000 EVs"
92415,San Bernardino,25,9,2,22,0,22,0,1105.0,16121.0,14.589140271493212,"Fewer than 1,000 EVs",1.1363636363636365,0.034148153729205544,16,22,"Fewer than 1,000 EVs"
92423,,16,3,0,0,0,0,0,,,,No location data,,,13,0,"Fewer than 1,000 EVs"
92427,,7,3,0,0,0,0,0,,,,No location data,,,4,0,"Fewer than 1,000 EVs"
92501,Riverside,677,179,22,42,27,69,47,974.0,29265.0,30.046201232032853,"Fewer than 1,000 EVs",9.81159420289855,0.29484208790886224,498,22,"Fewer than 1,000 EVs"
92502,,10,6,0,0,0,0,0,,,,No location data,,,4,0,"Fewer than 1,000 EVs"
92503,Riverside,3370,803,12,24,1,25,8,447.0,36547.0,81.76062639821029,Isolated - underserved by both measures,134.8,4.050790587973278,2567,17,Severely underserved (>3x state avg)
92504,Riverside,1762,407,14,28,0,28,4,564.0,25690.0,45.54964539007092,Well served,62.92857142857143,1.891027187369891,1355,24,Below average
92505,Riverside,1392,281,2,10,0,10,8,624.0,38249.0,61.29647435897436,Locally sparse - chargers nearby,139.2,4.183012239212762,1111,2,Severely underserved (>3x state avg)
92506,Riverside,2459,744,3,13,2,15,13,709.0,23037.0,32.492242595204516,Locally sparse - chargers nearby,163.93333333333334,4.92625818784683,1715,2,Severely underserved (>3x state avg)
92507,Riverside,2020,437,55,95,22,117,41,1168.0,27172.0,23.263698630136982,Well served,17.264957264957264,0.5188184450344937,1583,76,At or above average
92508,Riverside,2288,513,4,6,1,7,0,531.0,21037.0,39.61770244821092,Locally sparse - chargers nearby,326.85714285714283,9.822179806361657,1775,7,Severely underserved (>3x state avg)
92509,Riverside,2023,401,9,11,34,45,11,994.0,35209.0,35.4215291750503,Well served,44.955555555555556,1.3509313154417972,1622,34,Below average
92510,,1,0,0,0,0,0,0,,,,No location data,,,1,0,"Fewer than 1,000 EVs"
92513,,6,3,0,0,0,0,0,,,,No location data,,,3,0,"Fewer than 1,000 EVs"
92514,,5,0,0,0,0,0,0,,,,No location data,,,5,0,"Fewer than 1,000 EVs"
92516,,9,5,0,0,0,0,0,,,,No location data,,,4,0,"Fewer than 1,000 EVs"
92517,,19,5,0,0,0,0,0,,,,No location data,,,14,0,"Fewer than 1,000 EVs"
92518,Riverside,325,11,6,22,0,22,2,497.0,19261.0,38.754527162977865,"Fewer than 1,000 EVs",14.772727272727273,0.44392599847967207,314,20,"Fewer than 1,000 EVs"
92519,,5,0,0,0,0,0,0,,,,No location data,,,5,0,"Fewer than 1,000 EVs"
92521,,8,5,0,0,0,0,0,996.0,23984.0,24.080321285140563,"Fewer than 1,000 EVs",,,3,0,"Fewer than 1,000 EVs"
92530,Lake Elsinore,2006,413,6,10,27,37,33,81.0,10707.0,132.1851851851852,Locally fine - crowded region,54.21621621621622,1.629217643651134,1593,4,Below average
92531,,8,3,0,0,0,0,0,,,,No location data,,,5,0,"Fewer than 1,000 EVs"
92532,Lake Elsinore,2891,486,7,0,27,27,0,199.0,14406.0,72.39195979899498,Isolated - underserved by both measures,107.07407407407408,3.2176161088665642,2405,27,Severely underserved (>3x state avg)
92533,,0,1,0,0,0,0,0,,,,No location data,,,-1,0,"Fewer than 1,000 EVs"
92536,,122,37,0,0,0,0,0,6.0,134.0,22.333333333333332,"Fewer than 1,000 EVs",,,85,0,"Fewer than 1,000 EVs"
92539,Anza,71,8,6,8,2,10,3,10.0,140.0,14.0,"Fewer than 1,000 EVs",7.1,0.2133576645000762,63,7,"Fewer than 1,000 EVs"
92543,Hemet,563,96,3,4,2,6,4,15.0,6709.0,447.26666666666665,"Fewer than 1,000 EVs",93.83333333333333,2.8197268805995988,467,2,"Fewer than 1,000 EVs"
92544,,822,168,0,0,0,0,0,4.0,1385.0,346.25,"Fewer than 1,000 EVs",,,654,0,"Fewer than 1,000 EVs"
92545,Hemet,1022,194,3,3,2,5,3,63.0,12174.0,193.23809523809524,Isolated - underserved by both measures,204.4,6.14229670757966,828,2,Severely underserved (>3x state avg)
92546,,10,3,0,0,0,0,0,,,,No location data,,,7,0,"Fewer than 1,000 EVs"
92548,,256,25,0,0,0,0,0,130.0,13969.0,107.45384615384616,"Fewer than 1,000 EVs",,,231,0,"Fewer than 1,000 EVs"
92549,Idyllwild,113,31,3,6,0,6,2,146.0,2087.0,14.294520547945206,"Fewer than 1,000 EVs",18.833333333333332,0.5659487344720332,82,4,"Fewer than 1,000 EVs"
92551,Moreno Valley,808,131,5,7,1,8,0,361.0,17635.0,48.850415512465375,"Fewer than 1,000 EVs",101.0,3.035087903451789,677,8,"Fewer than 1,000 EVs"
92552,,15,8,0,0,0,0,0,,,,No location data,,,7,0,"Fewer than 1,000 EVs"
92553,Moreno Valley,1250,181,16,51,27,78,17,590.0,21339.0,36.16779661016949,Well served,16.025641025641026,0.4815765269503346,1069,61,At or above average
92554,,1,2,0,0,0,0,0,,,,No location data,,,-1,0,"Fewer than 1,000 EVs"
92555,Moreno Valley,1894,348,21,42,1,43,9,283.0,13939.0,49.254416961130744,Well served,44.04651162790697,1.323614204268406,1546,34,Below average
92556,,5,2,0,0,0,0,0,,,,No location data,,,3,0,"Fewer than 1,000 EVs"
92557,Moreno Valley,1649,324,10,38,6,44,2,1074.0,24509.0,22.82029795158287,Well served,37.47727272727273,1.1262061099891987,1325,42,Below average
92561,,69,14,0,0,0,0,0,6.0,1805.0,300.8333333333333,"Fewer than 1,000 EVs",,,55,0,"Fewer than 1,000 EVs"
92562,Murrieta,3525,869,24,34,35,69,10,102.0,7306.0,71.62745098039215,Locally fine - crowded region,51.08695652173913,1.535182215478197,2656,59,Below average
92563,Murrieta,4847,986,15,30,34,64,16,482.0,23309.0,48.35892116182573,Locally sparse - chargers nearby,75.734375,2.2758463904750648,3861,48,Below average
92564,,23,14,0,0,0,0,0,,,,No location data,,,9,0,"Fewer than 1,000 EVs"
92566,,1,0,0,0,0,0,0,,,,No location data,,,1,0,"Fewer than 1,000 EVs"
92567,,210,44,0,0,0,0,0,129.0,8418.0,65.25581395348837,"Fewer than 1,000 EVs",,,166,0,"Fewer than 1,000 EVs"
92570,Perris,1169,266,8,19,0,19,4,181.0,17459.0,96.4585635359116,Locally fine - crowded region,61.526315789473685,1.8488888791741225,903,15,Below average
92571,Perris,1481,204,9,14,18,32,0,275.0,13448.0,48.90181818181818,Well served,46.28125,1.3907689310062188,1277,32,Below average
92572,,9,7,0,0,0,0,0,,,,No location data,,,2,0,"Fewer than 1,000 EVs"
92575,,1,1,0,0,0,0,0,,,,No location data,,,0,0,"Fewer than 1,000 EVs"
92581,,9,1,0,0,0,0,0,,,,No location data,,,8,0,"Fewer than 1,000 EVs"
92582,San Jacinto,629,115,1,2,0,2,2,74.0,9807.0,132.52702702702703,"Fewer than 1,000 EVs",314.5,9.450843026094926,514,0,"Fewer than 1,000 EVs"
92583,San Jacinto,541,84,1,2,0,2,0,50.0,2755.0,55.1,"Fewer than 1,000 EVs",270.5,8.128626513700087,457,2,"Fewer than 1,000 EVs"
92584,Menifee,3959,628,4,12,38,50,23,359.0,23188.0,64.59052924791087,Locally sparse - chargers nearby,79.18,2.3793887148050756,3331,27,Below average
92585,,1523,216,0,0,0,0,0,163.0,17466.0,107.15337423312884,Isolated - underserved by both measures,,,1307,0,"1,000+ EVs, zero ports"
92586,Menifee,595,129,1,2,0,2,0,275.0,23092.0,83.97090909090909,"Fewer than 1,000 EVs",297.5,8.93998664630601,466,2,"Fewer than 1,000 EVs"
92587,,855,253,0,0,0,0,0,263.0,19509.0,74.1787072243346,"Fewer than 1,000 EVs",,,602,0,"Fewer than 1,000 EVs"
92589,,39,15,0,0,0,0,0,,,,No location data,,,24,0,"Fewer than 1,000 EVs"
92590,Temecula,367,107,11,28,1,29,9,451.0,16085.0,35.66518847006652,"Fewer than 1,000 EVs",12.655172413793103,0.3802926802891111,260,20,"Fewer than 1,000 EVs"
92591,Temecula,2956,573,16,30,58,88,12,446.0,20451.0,45.8542600896861,Well served,33.59090909090909,1.0094194242353158,2383,76,Below average
92592,Temecula,5446,1263,25,106,38,144,22,339.0,16191.0,47.76106194690266,Well served,37.81944444444444,1.1364884985009929,4183,122,Below average
92593,,19,4,0,0,0,0,0,,,,No location data,,,15,0,"Fewer than 1,000 EVs"
92594,,1,0,0,0,0,0,0,,,,No location data,,,1,0,"Fewer than 1,000 EVs"
92595,Wildomar,1408,311,4,13,4,17,3,389.0,20453.0,52.57840616966581,Locally sparse - chargers nearby,82.82352941176471,2.4888781409785197,1097,14,Below average
92596,Winchester,2876,397,4,23,0,23,0,316.0,24043.0,76.08544303797468,Isolated - underserved by both measures,125.04347826086956,3.757603448268336,2479,23,Severely underserved (>3x state avg)
92600,,1,0,0,0,0,0,0,,,,No location data,,,1,0,"Fewer than 1,000 EVs"
92601,,0,1,0,0,0,0,0,,,,No location data,,,-1,0,"Fewer than 1,000 EVs"
92602,Irvine,5828,1482,16,20,11,31,8,2888.0,99700.0,34.52216066481994,Locally sparse - chargers nearby,188.0,5.649470552959765,4346,23,Severely underserved (>3x state avg)
92603,Irvine,3612,1244,64,109,1,110,6,3310.0,119923.0,36.230513595166165,Well served,32.836363636363636,0.9867450501591234,2368,104,At or above average
92604,Irvine,2756,829,27,46,36,82,10,3529.0,131219.0,37.1830546897138,Well served,33.609756097560975,1.0099857838581416,1927,72,Below average
92605,,8,4,0,0,0,0,0,,,,No location data,,,4,0,"Fewer than 1,000 EVs"
92606,Irvine,2983,770,20,45,2,47,4,3734.0,131666.0,35.261381896089986,Well served,63.46808510638298,1.9072397758577386,2213,43,Below average
92607,,39,10,0,0,0,0,0,,,,No location data,,,29,0,"Fewer than 1,000 EVs"
92608,,1,0,0,0,0,0,0,,,,No location data,,,1,0,"Fewer than 1,000 EVs"
92609,,13,7,0,0,0,0,0,,,,No location data,,,6,0,"Fewer than 1,000 EVs"
92610,Lake Forest,1749,510,10,19,5,24,8,1484.0,85150.0,57.378706199460915,Locally sparse - chargers nearby,72.875,2.1899210986539512,1239,16,Below average
92612,Irvine,3491,930,130,259,17,276,56,3550.0,126437.0,35.616056338028166,Well served,12.648550724637682,0.3800936960449919,2561,220,At or above average
92614,Irvine,3610,986,63,139,40,179,70,3798.0,128747.0,33.8986308583465,Well served,20.16759776536313,0.606043881379554,2624,109,At or above average
92615,,27,8,0,0,0,0,0,,,,No location data,,,19,0,"Fewer than 1,000 EVs"
92616,,15,5,0,0,0,0,0,,,,No location data,,,10,0,"Fewer than 1,000 EVs"
92617,Irvine,963,355,107,181,0,181,38,3381.0,116911.0,34.57882283348122,"Fewer than 1,000 EVs",5.320441988950276,0.15988127843247482,608,143,"Fewer than 1,000 EVs"
92618,Irvine,14710,3296,336,730,33,763,78,3048.0,114517.0,37.57119422572178,Well served,19.27916120576671,0.5793460293496984,11414,685,At or above average
92619,,66,28,0,0,0,0,0,,,,No location data,,,38,0,"Fewer than 1,000 EVs"
92620,Irvine,9716,2743,15,20,11,31,10,3366.0,119170.0,35.4040404040404,Locally sparse - chargers nearby,313.4193548387097,9.418369233451799,6973,21,Severely underserved (>3x state avg)
92623,,37,26,0,0,0,0,0,,,,No location data,,,11,0,"Fewer than 1,000 EVs"
92624,Dana Point,537,178,2,2,12,14,2,433.0,37539.0,86.69515011547344,"Fewer than 1,000 EVs",38.357142857142854,1.152646537590955,359,12,"Fewer than 1,000 EVs"
92625,Newport Beach,1953,820,3,9,0,9,9,3067.0,98272.0,32.041734594065865,Locally sparse - chargers nearby,217.0,6.52093143612909,1133,0,Severely underserved (>3x state avg)
92626,Costa Mesa,3686,1146,102,258,61,319,52,3834.0,103052.0,26.87845592070944,Well served,11.554858934169278,0.34722784729890105,2540,267,At or above average
92627,Costa Mesa,3293,1139,5,7,20,27,2,3089.0,85900.0,27.80835221754613,Locally sparse - chargers nearby,121.96296296296296,3.665032807505222,2154,25,Severely underserved (>3x state avg)
92628,,13,8,0,0,0,0,0,,,,No location data,,,5,0,"Fewer than 1,000 EVs"
92629,Dana Point,2582,866,12,24,0,24,6,480.0,44564.0,92.84166666666668,Isolated - underserved by both measures,107.58333333333333,3.232919540722986,1716,18,Severely underserved (>3x state avg)
92630,Lake Forest,6598,1786,22,46,26,72,2,2332.0,103137.0,44.226843910806174,Locally sparse - chargers nearby,91.63888888888889,2.7537830015091997,4812,70,Below average
92631,,0,1,0,0,0,0,0,,,,No location data,,,-1,0,"Fewer than 1,000 EVs"
92632,,0,2,0,0,0,0,0,,,,No location data,,,-2,0,"Fewer than 1,000 EVs"
92636,,1,1,0,0,0,0,0,,,,No location data,,,0,0,"Fewer than 1,000 EVs"
92637,Laguna Woods,1104,271,9,14,3,17,7,2791.0,108689.0,38.94267287710498,Well served,64.94117647058823,1.9515067241763393,833,10,Below average
92638,,1,0,0,0,0,0,0,,,,No location data,,,1,0,"Fewer than 1,000 EVs"
92639,Lake Forest,0,0,1,13,0,13,0,,,,No location data,0.0,0.0,0,13,"Fewer than 1,000 EVs"
92640,,0,1,0,0,0,0,0,,,,No location data,,,-1,0,"Fewer than 1,000 EVs"
92641,,1,0,0,0,0,0,0,,,,No location data,,,1,0,"Fewer than 1,000 EVs"
92644,,1,0,0,0,0,0,0,,,,No location data,,,1,0,"Fewer than 1,000 EVs"
92646,Huntington Beach,4173,1409,4,17,10,27,1,2557.0,78131.0,30.555729370355884,Locally sparse - chargers nearby,154.55555555555554,4.644452446316213,2764,26,Severely underserved (>3x state avg)
92647,Huntington Beach,3146,1025,18,34,24,58,16,2967.0,90058.0,30.353218739467476,Well served,54.241379310344826,1.6299738040729475,2121,42,Below average
92648,Huntington Beach,4115,1664,25,85,7,92,26,2213.0,76046.0,34.36330772706733,Well served,44.72826086956522,1.3441010248282512,2451,66,Below average
92649,Huntington Beach,2849,1150,2,5,3,8,4,2096.0,82080.0,39.16030534351145,Locally sparse - chargers nearby,356.125,10.701689897195726,1699,4,Severely underserved (>3x state avg)
92650,,3,0,0,0,0,0,0,,,,No location data,,,3,0,"Fewer than 1,000 EVs"
92651,Laguna Beach,3646,1495,12,34,0,34,20,2381.0,95541.0,40.12641747165057,Locally sparse - chargers nearby,107.23529411764706,3.2224608316788648,2151,14,Severely underserved (>3x state avg)
92652,,30,18,0,0,0,0,0,,,,No location data,,,12,0,"Fewer than 1,000 EVs"
92653,Laguna Hills,2933,943,9,17,33,50,2,1904.0,109857.0,57.698004201680675,Well served,58.66,1.7627550140245734,1990,48,Below average
92654,,15,5,0,0,0,0,0,,,,No location data,,,10,0,"Fewer than 1,000 EVs"
92655,,349,81,0,0,0,0,0,3386.0,113364.0,33.48021264028352,"Fewer than 1,000 EVs",,,268,0,"Fewer than 1,000 EVs"
92656,Aliso Viejo,5359,1608,18,37,2,39,16,2180.0,104834.0,48.08899082568807,Locally sparse - chargers nearby,137.4102564102564,4.129229772682948,3751,23,Severely underserved (>3x state avg)
92657,Newport Beach,2416,958,10,15,2,17,9,3064.0,106395.0,34.724216710182766,Locally sparse - chargers nearby,142.11764705882354,4.27068862826996,1458,8,Severely underserved (>3x state avg)
92658,,78,34,0,0,0,0,0,,,,No location data,,,44,0,"Fewer than 1,000 EVs"
92659,,23,14,0,0,0,0,0,,,,No location data,,,9,0,"Fewer than 1,000 EVs"
92660,Newport Beach,4814,1901,92,167,24,191,48,3319.0,108217.0,32.60530280204881,Well served,25.20418848167539,0.7573953225450681,2913,143,At or above average
92661,,302,125,0,0,0,0,0,2673.0,63915.0,23.911335578002245,"Fewer than 1,000 EVs",,,177,0,"Fewer than 1,000 EVs"
92662,,252,93,0,0,0,0,0,2900.0,67867.0,23.40241379310345,"Fewer than 1,000 EVs",,,159,0,"Fewer than 1,000 EVs"
92663,Newport Beach,2042,840,13,28,0,28,20,2389.0,73296.0,30.680619506069487,Locally sparse - chargers nearby,72.92857142857143,2.1915309401868996,1202,8,Below average
92669,,1,0,0,0,0,0,0,,,,No location data,,,1,0,"Fewer than 1,000 EVs"
92672,San Clemente,2813,1019,13,15,69,84,50,133.0,12635.0,95.0,Locally fine - crowded region,33.48809523809524,1.006329829374102,1794,34,Below average
92673,San Clemente,3471,1292,6,3,31,34,22,393.0,25601.0,65.14249363867684,Locally sparse - chargers nearby,102.08823529411765,3.0677897824348164,2179,12,Severely underserved (>3x state avg)
92674,,14,14,0,0,0,0,0,,,,No location data,,,0,0,"Fewer than 1,000 EVs"
92675,San Juan Capistrano,3050,1039,13,18,27,45,7,546.0,48357.0,88.56593406593407,Isolated - underserved by both measures,67.77777777777777,2.036747657981948,2011,38,Below average
92676,,197,69,0,0,0,0,0,1118.0,73988.0,66.17889087656529,"Fewer than 1,000 EVs",,,128,0,"Fewer than 1,000 EVs"
92677,Laguna Niguel,7355,2290,10,15,5,20,0,1041.0,75693.0,72.71181556195965,Isolated - underserved by both measures,367.75,11.051025509845498,5065,20,Severely underserved (>3x state avg)
92678,,22,13,0,0,0,0,0,180.0,24629.0,136.82777777777778,"Fewer than 1,000 EVs",,,9,0,"Fewer than 1,000 EVs"
92679,Coto De Caza,4563,1510,1,1,0,1,0,385.0,38144.0,99.07532467532468,Isolated - underserved by both measures,4563.0,137.1198624104011,3053,1,Severely underserved (>3x state avg)
92681,,1,0,0,0,0,0,0,,,,No location data,,,1,0,"Fewer than 1,000 EVs"
92682,,0,1,0,0,0,0,0,,,,No location data,,,-1,0,"Fewer than 1,000 EVs"
92683,Westminster,5242,1334,17,45,26,71,28,3296.0,104189.0,31.610740291262136,Locally sparse - chargers nearby,73.83098591549296,2.218648834178535,3908,43,Below average
92684,,9,1,0,0,0,0,0,,,,No location data,,,8,0,"Fewer than 1,000 EVs"
92685,,14,4,0,0,0,0,0,,,,No location data,,,10,0,"Fewer than 1,000 EVs"
92688,Rancho Santa Margarita,3793,1081,3,8,11,19,4,1263.0,65960.0,52.22486144101346,Locally sparse - chargers nearby,199.6315789473684,5.999003865446917,2712,15,Severely underserved (>3x state avg)
92690,,22,16,0,0,0,0,0,,,,No location data,,,6,0,"Fewer than 1,000 EVs"
92691,Mission Viejo,3829,1124,5,1,46,47,17,1511.0,99810.0,66.05559232296493,Locally sparse - chargers nearby,81.46808510638297,2.448146530928354,2705,30,Below average
92692,Mission Viejo,4905,1471,15,32,4,36,2,1439.0,94100.0,65.39263377345378,Locally sparse - chargers nearby,136.25,4.094363632131745,3434,34,Severely underserved (>3x state avg)
92693,,5,3,0,0,0,0,0,,,,No location data,,,2,0,"Fewer than 1,000 EVs"
92694,Mission Viejo,5793,1777,24,43,8,51,4,422.0,50983.0,120.8127962085308,Isolated - underserved by both measures,113.58823529411765,3.413369098174376,4016,47,Severely underserved (>3x state avg)
92697,Irvine,23,16,3,6,0,6,2,3477.0,122329.0,35.18234109864826,"Fewer than 1,000 EVs",3.8333333333333335,0.11519310524652003,7,4,"Fewer than 1,000 EVs"
92701,Santa Ana,1032,204,34,51,80,131,34,4376.0,144289.0,32.97280621572212,Well served,7.877862595419847,0.2367327274100405,828,97,At or above average
92702,,3,2,0,0,0,0,0,,,,No location data,,,1,0,"Fewer than 1,000 EVs"
92703,Santa Ana,1311,282,5,6,2,8,5,4067.0,138344.0,34.016228178018196,Locally sparse - chargers nearby,163.875,4.924505249288731,1029,3,Severely underserved (>3x state avg)
92704,Santa Ana,2466,594,7,6,20,26,10,3998.0,122880.0,30.73536768384192,Locally sparse - chargers nearby,94.84615384615384,2.8501625171028597,1872,16,Below average
92705,Santa Ana,4187,1326,17,219,23,242,12,3964.0,127326.0,32.12058526740666,Well served,17.301652892561982,0.5199211624152131,2861,230,At or above average
92706,Santa Ana,1287,343,10,16,0,16,0,3976.0,143284.0,36.03722334004024,Locally sparse - chargers nearby,80.4375,2.4171770617218145,944,16,Below average
92707,Santa Ana,1312,325,12,28,0,28,8,4049.0,135618.0,33.494196097801925,Well served,46.857142857142854,1.4080747274854124,987,20,Below average
92708,Fountain Valley,5544,1703,17,24,40,64,24,3447.0,106355.0,30.85436611546272,Locally sparse - chargers nearby,86.625,2.6031137587773383,3841,40,Below average
92711,,14,5,0,0,0,0,0,,,,No location data,,,9,0,"Fewer than 1,000 EVs"
92720,,1,0,0,0,0,0,0,,,,No location data,,,1,0,"Fewer than 1,000 EVs"
92728,,22,12,0,0,0,0,0,,,,No location data,,,10,0,"Fewer than 1,000 EVs"
92735,,2,0,0,0,0,0,0,,,,No location data,,,2,0,"Fewer than 1,000 EVs"
92739,,0,1,0,0,0,0,0,,,,No location data,,,-1,0,"Fewer than 1,000 EVs"
92780,Tustin,2641,700,42,67,80,147,6,4025.0,129078.0,32.069068322981366,Well served,17.965986394557824,0.5398846334623947,1941,141,At or above average
92781,,22,10,0,0,0,0,0,,,,No location data,,,12,0,"Fewer than 1,000 EVs"
92782,Tustin,4357,1292,12,11,20,31,2,3940.0,124233.0,31.531218274111676,Locally sparse - chargers nearby,140.5483870967742,4.22353177749583,3065,29,Severely underserved (>3x state avg)
92799,,13,3,0,0,0,0,0,,,,No location data,,,10,0,"Fewer than 1,000 EVs"
92801,Anaheim,2220,441,21,36,70,106,21,2515.0,124035.0,49.31809145129225,Well served,20.943396226415093,0.6293569162771315,1779,85,At or above average
92802,Anaheim,1463,291,149,339,0,339,30,3349.0,129756.0,38.74469991042102,Well served,4.315634218289086,0.12968642783813683,1172,309,At or above average
92803,Anaheim,8,3,1,2,0,2,0,,,,No location data,4.0,0.12020150112680351,5,2,"Fewer than 1,000 EVs"
92804,Anaheim,3205,666,6,39,0,39,0,2782.0,117424.0,42.20848310567937,Locally sparse - chargers nearby,82.17948717948718,2.4695244302013157,2539,39,Below average
92805,Anaheim,3073,696,41,76,49,125,16,2949.0,122114.0,41.40861308918277,Well served,24.584,0.7387584259253344,2377,109,At or above average
92806,Anaheim,1823,486,20,70,26,96,23,2543.0,109534.0,43.07274872198191,Well served,18.989583333333332,0.570644105609799,1337,73,At or above average
92807,Anaheim,3703,1168,11,8,27,35,3,1935.0,84566.0,43.703359173126614,Locally sparse - chargers nearby,105.8,3.1793297048039526,2535,32,Severely underserved (>3x state avg)
92808,Anaheim,2478,744,2,1,20,21,21,850.0,77463.0,91.1329411764706,Isolated - underserved by both measures,118.0,3.5459442832407033,1734,0,Severely underserved (>3x state avg)
92809,,7,6,0,0,0,0,0,,,,No location data,,,1,0,"Fewer than 1,000 EVs"
92811,,3,3,0,0,0,0,0,,,,No location data,,,0,0,"Fewer than 1,000 EVs"
92812,,8,3,0,0,0,0,0,,,,No location data,,,5,0,"Fewer than 1,000 EVs"
92814,,4,1,0,0,0,0,0,,,,No location data,,,3,0,"Fewer than 1,000 EVs"
92815,,3,4,0,0,0,0,0,,,,No location data,,,-1,0,"Fewer than 1,000 EVs"
92816,,8,2,0,0,0,0,0,,,,No location data,,,6,0,"Fewer than 1,000 EVs"
92817,,13,4,0,0,0,0,0,,,,No location data,,,9,0,"Fewer than 1,000 EVs"
92821,Brea,3822,1100,20,67,54,121,17,2067.0,102098.0,49.39429124334784,Well served,31.58677685950413,0.9491944985674442,2722,104,At or above average
92822,,35,14,0,0,0,0,0,,,,No location data,,,21,0,"Fewer than 1,000 EVs"
92823,Brea,866,310,1,2,0,2,2,1436.0,85133.0,59.28481894150418,"Fewer than 1,000 EVs",433.0,13.01181249697648,556,0,"Fewer than 1,000 EVs"
92829,,0,1,0,0,0,0,0,,,,No location data,,,-1,0,"Fewer than 1,000 EVs"
92831,Fullerton,2004,632,51,82,4,86,4,2362.0,117111.0,49.58128704487722,Well served,23.302325581395348,0.7002436286573088,1372,82,At or above average
92832,Fullerton,1154,320,50,97,29,126,14,2423.0,108238.0,44.67106892282295,Well served,9.158730158730158,0.2752232783736731,834,112,At or above average
92833,Fullerton,4519,1111,11,20,4,24,0,2434.0,108655.0,44.6405094494659,Locally sparse - chargers nearby,188.29166666666666,5.6582352457502605,3408,24,Severely underserved (>3x state avg)
92834,,12,3,0,0,0,0,0,,,,No location data,,,9,0,"Fewer than 1,000 EVs"
92835,Fullerton,2750,861,7,10,0,10,1,2227.0,112798.0,50.65020206555905,Locally sparse - chargers nearby,275.0,8.263853202467741,1889,9,Severely underserved (>3x state avg)
92836,,0,4,0,0,0,0,0,,,,No location data,,,-4,0,"Fewer than 1,000 EVs"
92837,,6,3,0,0,0,0,0,,,,No location data,,,3,0,"Fewer than 1,000 EVs"
92838,,3,1,0,0,0,0,0,,,,No location data,,,2,0,"Fewer than 1,000 EVs"
92840,Garden Grove,2443,551,6,14,36,50,6,3737.0,129707.0,34.70885737222371,Well served,48.86,1.4682613362639048,1892,44,Below average
92841,,1878,428,0,0,0,0,0,3149.0,116745.0,37.07367418228009,Locally sparse - chargers nearby,,,1450,0,"1,000+ EVs, zero ports"
92842,,15,9,0,0,0,0,0,,,,No location data,,,6,0,"Fewer than 1,000 EVs"
92843,Garden Grove,1915,431,1,2,0,2,2,3712.0,132397.0,35.66729525862069,Locally sparse - chargers nearby,957.5,28.77323433222859,1484,0,Severely underserved (>3x state avg)
92844,Garden Grove,1243,273,1,0,2,2,0,3616.0,118762.0,32.843473451327434,Locally sparse - chargers nearby,621.5,18.676308237577096,970,2,Severely underserved (>3x state avg)
92845,Garden Grove,929,256,1,0,16,16,0,2938.0,109483.0,37.264465622872706,"Fewer than 1,000 EVs",58.0625,1.7447999147937572,673,16,"Fewer than 1,000 EVs"
92846,,6,0,0,0,0,0,0,,,,No location data,,,6,0,"Fewer than 1,000 EVs"
92847,,1,0,0,0,0,0,0,,,,No location data,,,1,0,"Fewer than 1,000 EVs"
92852,,1,0,0,0,0,0,0,,,,No location data,,,1,0,"Fewer than 1,000 EVs"
92856,,7,3,0,0,0,0,0,,,,No location data,,,4,0,"Fewer than 1,000 EVs"
92859,,11,4,0,0,0,0,0,,,,No location data,,,7,0,"Fewer than 1,000 EVs"
92860,Norco,911,282,4,0,8,8,3,564.0,40225.0,71.3209219858156,"Fewer than 1,000 EVs",113.875,3.4219864852036874,629,5,"Fewer than 1,000 EVs"
92861,,782,295,0,0,0,0,0,2593.0,103667.0,39.979560354801386,"Fewer than 1,000 EVs",,,487,0,"Fewer than 1,000 EVs"
92863,,20,9,0,0,0,0,0,,,,No location data,,,11,0,"Fewer than 1,000 EVs"
92865,Orange,1299,431,1,0,6,6,0,2601.0,114833.0,44.14955786236063,Locally sparse - chargers nearby,216.5,6.50590624848824,868,6,Severely underserved (>3x state avg)
92866,Orange,596,192,8,15,0,15,0,3845.0,121422.0,31.57919375812744,"Fewer than 1,000 EVs",39.733333333333334,1.1940015778595816,404,15,"Fewer than 1,000 EVs"
92867,Orange,3071,1036,8,12,12,24,4,2680.0,94700.0,35.33582089552239,Locally sparse - chargers nearby,127.95833333333333,3.845195937087641,2035,20,Severely underserved (>3x state avg)
92868,Orange,1303,286,68,117,22,139,23,3799.0,139382.0,36.68912871808371,Well served,9.37410071942446,0.2816952445471672,1017,116,At or above average
92869,Orange,2645,854,2,4,0,4,0,2918.0,104901.0,35.94962302947224,Locally sparse - chargers nearby,661.25,19.870810655024705,1791,4,Severely underserved (>3x state avg)
92870,Placentia,3584,1083,5,7,1,8,1,2131.0,107917.0,50.64148287189113,Locally sparse - chargers nearby,448.0,13.462568126201994,2501,7,Severely underserved (>3x state avg)
92871,,9,5,0,0,0,0,0,,,,No location data,,,4,0,"Fewer than 1,000 EVs"
92872,,1,0,0,0,0,0,0,,,,No location data,,,1,0,"Fewer than 1,000 EVs"
92877,,19,11,0,0,0,0,0,,,,No location data,,,8,0,"Fewer than 1,000 EVs"
92878,Corona,768,84,1,2,0,2,2,,,,No location data,384.0,11.539344108173136,684,0,"Fewer than 1,000 EVs"
92879,Corona,2040,527,10,10,11,21,9,281.0,31578.0,112.37722419928824,Isolated - underserved by both measures,97.14285714285714,2.9191793130795136,1513,12,Below average
92880,Corona,5936,1511,6,9,5,14,4,599.0,49143.0,82.04173622704508,Isolated - underserved by both measures,424.0,12.741359119441173,4425,10,Severely underserved (>3x state avg)
92881,Corona,2296,686,4,5,27,32,23,176.0,23539.0,133.7443181818182,Isolated - underserved by both measures,71.75,2.1561144264620378,1610,9,Below average
92882,Corona,3635,949,18,27,18,45,13,275.0,38024.0,138.26909090909092,Isolated - underserved by both measures,80.77777777777777,2.4274025366440597,2686,32,Below average
92883,Corona,3762,877,3,6,0,6,2,96.0,17419.0,181.44791666666663,Isolated - underserved by both measures,627.0,18.84158530162645,2885,4,Severely underserved (>3x state avg)
92885,,14,4,0,0,0,0,0,,,,No location data,,,10,0,"Fewer than 1,000 EVs"
92886,Yorba Linda,5832,1875,16,30,22,52,6,1885.0,85873.0,45.55596816976127,Locally sparse - chargers nearby,112.15384615384616,3.370265166209222,3957,46,Severely underserved (>3x state avg)
92887,Yorba Linda,2388,796,2,5,3,8,4,796.0,66013.0,82.93090452261306,Isolated - underserved by both measures,298.5,8.970037021587713,1592,4,Severely underserved (>3x state avg)
93001,Ventura,1572,480,21,62,8,70,17,231.0,4187.0,18.12554112554113,Well served,22.457142857142856,0.6748455706119111,1092,53,At or above average
93002,Ventura,19,7,1,2,0,2,2,,,,No location data,9.5,0.2854785651761583,12,0,"Fewer than 1,000 EVs"
93003,Ventura,2373,609,20,33,35,68,25,339.0,13450.0,39.67551622418879,Well served,34.89705882352941,1.0486697138746497,1764,43,Below average
93004,Ventura,1351,338,5,10,0,10,2,458.0,12987.0,28.35589519650655,Locally sparse - chargers nearby,135.1,4.0598057005577886,1013,8,Severely underserved (>3x state avg)
93005,,2,1,0,0,0,0,0,,,,No location data,,,1,0,"Fewer than 1,000 EVs"
93006,,16,11,0,0,0,0,0,,,,No location data,,,5,0,"Fewer than 1,000 EVs"
93007,,4,2,0,0,0,0,0,,,,No location data,,,2,0,"Fewer than 1,000 EVs"
93009,Ventura,0,0,2,5,0,5,3,,,,No location data,0.0,0.0,0,2,"Fewer than 1,000 EVs"
93010,Camarillo,2509,665,34,62,56,118,16,450.0,19825.0,44.05555555555556,Well served,21.26271186440678,0.6389524710320974,1844,102,At or above average
93011,,33,12,0,0,0,0,0,,,,No location data,,,21,0,"Fewer than 1,000 EVs"
93012,Camarillo,2914,760,11,66,0,66,9,546.0,25120.0,46.00732600732601,Well served,44.15151515151515,1.3267695995587325,2154,57,Below average
93013,Carpinteria,800,207,7,28,2,30,3,63.0,2410.0,38.25396825396825,"Fewer than 1,000 EVs",26.666666666666668,0.8013433408453567,593,27,"Fewer than 1,000 EVs"
93014,,12,2,0,0,0,0,0,,,,No location data,,,10,0,"Fewer than 1,000 EVs"
93015,Fillmore,628,106,3,8,1,9,0,195.0,3349.0,17.174358974358974,"Fewer than 1,000 EVs",69.77777777777777,2.09684840854535,522,9,"Fewer than 1,000 EVs"
93016,,3,4,0,0,0,0,0,,,,No location data,,,-1,0,"Fewer than 1,000 EVs"
93019,,0,1,0,0,0,0,0,,,,No location data,,,-1,0,"Fewer than 1,000 EVs"
93020,,3,4,0,0,0,0,0,,,,No location data,,,-1,0,"Fewer than 1,000 EVs"
93021,Moorpark,2721,794,94,174,12,186,2,562.0,22900.0,40.74733096085409,Well served,14.629032258064516,0.4396079093629467,1927,184,At or above average
93022,,242,78,0,0,0,0,0,159.0,5490.0,34.528301886792455,"Fewer than 1,000 EVs",,,164,0,"Fewer than 1,000 EVs"
93023,Ojai,1303,454,11,67,16,83,22,89.0,1545.0,17.359550561797754,Well served,15.698795180722891,0.47175468665128,849,61,At or above average
93024,,20,4,0,0,0,0,0,,,,No location data,,,16,0,"Fewer than 1,000 EVs"
93030,Oxnard,1204,267,8,11,8,19,2,504.0,12033.0,23.875,Well served,63.36842105263158,1.9042448336404136,937,17,Below average
93031,,10,6,0,0,0,0,0,,,,No location data,,,4,0,"Fewer than 1,000 EVs"
93032,,2,2,0,0,0,0,0,,,,No location data,,,0,0,"Fewer than 1,000 EVs"
93033,Oxnard,1134,197,40,68,2,70,2,396.0,12574.0,31.752525252525253,Well served,16.2,0.4868160795635542,937,68,At or above average
93034,,15,0,0,0,0,0,0,,,,No location data,,,15,0,"Fewer than 1,000 EVs"
93035,Oxnard,1351,404,6,11,0,11,2,361.0,12033.0,33.33240997229917,Locally sparse - chargers nearby,122.81818181818181,3.690732455052535,947,9,Severely underserved (>3x state avg)
93036,Oxnard,1589,360,21,26,30,56,37,516.0,15901.0,30.815891472868216,Well served,28.375,0.8526793986182624,1229,19,At or above average
93040,,76,4,0,0,0,0,0,0.0,76.0,,"Fewer than 1,000 EVs",,,72,0,"Fewer than 1,000 EVs"
93041,Port Hueneme,519,112,7,12,0,12,2,422.0,12033.0,28.51421800947867,"Fewer than 1,000 EVs",43.25,1.299678730933563,407,10,"Fewer than 1,000 EVs"
93042,,2,1,0,0,0,0,0,0.0,2.0,,"Fewer than 1,000 EVs",,,1,0,"Fewer than 1,000 EVs"
93043,,3,1,0,0,0,0,0,442.0,12033.0,27.22398190045249,"Fewer than 1,000 EVs",,,2,0,"Fewer than 1,000 EVs"
93044,,8,1,0,0,0,0,0,,,,No location data,,,7,0,"Fewer than 1,000 EVs"
93060,Santa Paula,737,148,7,8,6,14,2,115.0,8776.0,76.31304347826087,"Fewer than 1,000 EVs",52.642857142857146,1.5819376130438247,589,12,"Fewer than 1,000 EVs"
93061,,4,2,0,0,0,0,0,,,,No location data,,,2,0,"Fewer than 1,000 EVs"
93062,,12,3,0,0,0,0,0,,,,No location data,,,9,0,"Fewer than 1,000 EVs"
93063,Simi Valley,3543,1009,4,12,24,36,4,641.0,38503.0,60.06708268330733,Locally sparse - chargers nearby,98.41666666666667,2.9574577673073947,2534,32,Below average
93064,,2,1,0,0,0,0,0,1114.0,56319.0,50.5556552962298,"Fewer than 1,000 EVs",,,1,0,"Fewer than 1,000 EVs"
93065,Simi Valley,5173,1433,11,23,37,60,31,805.0,33566.0,41.69689440993789,Locally sparse - chargers nearby,86.21666666666667,2.590843188870644,3740,29,Below average
93066,Somis,217,86,1,1,0,1,1,439.0,15962.0,36.35990888382688,"Fewer than 1,000 EVs",217.0,6.52093143612909,131,0,"Fewer than 1,000 EVs"
93067,,77,19,0,0,0,0,0,251.0,6717.0,26.760956175298805,"Fewer than 1,000 EVs",,,58,0,"Fewer than 1,000 EVs"
93085,,0,1,0,0,0,0,0,,,,No location data,,,-1,0,"Fewer than 1,000 EVs"
93094,,6,2,0,0,0,0,0,,,,No location data,,,4,0,"Fewer than 1,000 EVs"
93101,Santa Barbara,1216,396,45,82,31,113,24,368.0,9246.0,25.125,Well served,10.761061946902656,0.3233739499340555,820,89,At or above average
93102,,22,5,0,0,0,0,0,,,,No location data,,,17,0,"Fewer than 1,000 EVs"
93103,Santa Barbara,1022,329,6,16,2,18,12,346.0,9246.0,26.722543352601157,Well served,56.77777777777778,1.7061935298832387,693,6,Below average
93105,Santa Barbara,2006,684,6,6,22,28,6,336.0,7636.0,22.72619047619047,Locally sparse - chargers nearby,71.64285714285714,2.1528947433961414,1322,22,Below average
93106,Santa Barbara,69,26,11,22,0,22,6,351.0,7636.0,21.754985754985753,"Fewer than 1,000 EVs",3.1363636363636362,0.0942489042926073,43,16,"Fewer than 1,000 EVs"
93108,Santa Barbara,1533,554,11,26,8,34,10,261.0,6717.0,25.735632183908045,Well served,45.088235294117645,1.354918391377866,979,24,Below average
93109,Santa Barbara,849,328,8,16,0,16,4,368.0,9246.0,25.125,"Fewer than 1,000 EVs",53.0625,1.5945480383852528,521,12,"Fewer than 1,000 EVs"
93110,Santa Barbara,1220,403,6,41,0,41,5,388.0,9246.0,23.829896907216497,Well served,29.75609756097561,0.8941818986262213,817,36,At or above average
93111,Goleta,1254,383,5,7,0,7,0,376.0,7636.0,20.30851063829787,Locally sparse - chargers nearby,179.14285714285714,5.3833100861789855,871,7,Severely underserved (>3x state avg)
93116,,10,4,0,0,0,0,0,,,,No location data,,,6,0,"Fewer than 1,000 EVs"
93117,Goleta,1977,584,35,80,18,98,37,98.0,2449.0,24.989795918367346,Well served,20.1734693877551,0.6062203258359452,1393,61,At or above average
93118,,3,0,0,0,0,0,0,,,,No location data,,,3,0,"Fewer than 1,000 EVs"
93120,,7,5,0,0,0,0,0,,,,No location data,,,2,0,"Fewer than 1,000 EVs"
93121,,5,0,0,0,0,0,0,,,,No location data,,,5,0,"Fewer than 1,000 EVs"
93130,,24,5,0,0,0,0,0,,,,No location data,,,19,0,"Fewer than 1,000 EVs"
93140,,14,4,0,0,0,0,0,,,,No location data,,,10,0,"Fewer than 1,000 EVs"
93150,,32,0,0,0,0,0,0,,,,No location data,,,32,0,"Fewer than 1,000 EVs"
93160,,8,2,0,0,0,0,0,,,,No location data,,,6,0,"Fewer than 1,000 EVs"
93190,,6,2,0,0,0,0,0,,,,No location data,,,4,0,"Fewer than 1,000 EVs"
93201,,6,1,0,0,0,0,0,0.0,6.0,,"Fewer than 1,000 EVs",,,5,0,"Fewer than 1,000 EVs"
93202,,43,4,0,0,0,0,0,100.0,1805.0,18.05,"Fewer than 1,000 EVs",,,39,0,"Fewer than 1,000 EVs"
93203,Arvin,215,32,7,39,78,117,10,117.0,312.0,2.6666666666666665,"Fewer than 1,000 EVs",1.8376068376068375,0.05522077509030503,183,107,"Fewer than 1,000 EVs"
93204,Avenal,80,23,4,3,8,11,0,127.0,89.0,0.7007874015748031,"Fewer than 1,000 EVs",7.2727272727272725,0.21854818386691546,57,11,"Fewer than 1,000 EVs"
93205,,11,4,0,0,0,0,0,0.0,80.0,,"Fewer than 1,000 EVs",,,7,0,"Fewer than 1,000 EVs"
93206,Buttonwillow,9,5,7,0,44,44,10,44.0,9.0,0.2045454545454545,"Fewer than 1,000 EVs",0.20454545454545456,0.006146667671256998,4,34,"Fewer than 1,000 EVs"
93207,,5,0,0,0,0,0,0,0.0,27.0,,"Fewer than 1,000 EVs",,,5,0,"Fewer than 1,000 EVs"
93210,Coalinga,164,41,11,9,107,116,25,116.0,164.0,1.4137931034482758,"Fewer than 1,000 EVs",1.4137931034482758,0.04248501332930124,123,91,"Fewer than 1,000 EVs"
93212,,90,25,0,0,0,0,0,0.0,90.0,,"Fewer than 1,000 EVs",,,65,0,"Fewer than 1,000 EVs"
93215,Delano,479,66,10,23,14,37,6,45.0,678.0,15.066666666666666,"Fewer than 1,000 EVs",12.945945945945946,0.3890305340522897,413,31,"Fewer than 1,000 EVs"
93216,,12,7,0,0,0,0,0,,,,No location data,,,5,0,"Fewer than 1,000 EVs"
93218,,7,0,0,0,0,0,0,0.0,68.0,,"Fewer than 1,000 EVs",,,7,0,"Fewer than 1,000 EVs"
93219,,49,11,0,0,0,0,0,35.0,567.0,16.2,"Fewer than 1,000 EVs",,,38,0,"Fewer than 1,000 EVs"
93220,,3,1,0,0,0,0,0,28.0,1149.0,41.035714285714285,"Fewer than 1,000 EVs",,,2,0,"Fewer than 1,000 EVs"
93221,Exeter,264,60,3,5,0,5,0,34.0,515.0,15.147058823529411,"Fewer than 1,000 EVs",52.8,1.5866598148738063,204,5,"Fewer than 1,000 EVs"
93222,,94,30,0,0,0,0,0,0.0,99.0,,"Fewer than 1,000 EVs",,,64,0,"Fewer than 1,000 EVs"
93223,Farmersville,78,14,5,8,0,8,0,170.0,2178.0,12.811764705882354,"Fewer than 1,000 EVs",9.75,0.29299115899658357,64,8,"Fewer than 1,000 EVs"
93224,,4,3,0,0,0,0,0,5.0,4.0,0.8,"Fewer than 1,000 EVs",,,1,0,"Fewer than 1,000 EVs"
93225,,174,53,0,0,0,0,0,41.0,174.0,4.2439024390243905,"Fewer than 1,000 EVs",,,121,0,"Fewer than 1,000 EVs"
93226,,2,1,0,0,0,0,0,0.0,3.0,,"Fewer than 1,000 EVs",,,1,0,"Fewer than 1,000 EVs"
93227,,1,0,0,0,0,0,0,157.0,2530.0,16.11464968152866,"Fewer than 1,000 EVs",,,1,0,"Fewer than 1,000 EVs"
93230,Hanford,1230,237,46,70,9,79,12,92.0,1273.0,13.83695652173913,Well served,15.569620253164556,0.46787293160116555,993,67,At or above average
93232,,9,2,0,0,0,0,0,,,,No location data,,,7,0,"Fewer than 1,000 EVs"
93234,Huron,64,11,4,6,0,6,2,115.0,64.0,0.5565217391304348,"Fewer than 1,000 EVs",10.666666666666666,0.3205373363381427,53,4,"Fewer than 1,000 EVs"
93235,,37,4,0,0,0,0,0,121.0,2676.0,22.115702479338843,"Fewer than 1,000 EVs",,,33,0,"Fewer than 1,000 EVs"
93238,,21,16,0,0,0,0,0,0.0,58.0,,"Fewer than 1,000 EVs",,,5,0,"Fewer than 1,000 EVs"
93239,Kettleman City,9,3,7,3,113,116,40,120.0,89.0,0.7416666666666667,"Fewer than 1,000 EVs",0.07758620689655173,0.002331494633925068,6,76,"Fewer than 1,000 EVs"
93240,,52,19,0,0,0,0,0,0.0,95.0,,"Fewer than 1,000 EVs",,,33,0,"Fewer than 1,000 EVs"
93241,Lamont,97,15,3,11,0,11,0,108.0,2876.0,26.62962962962963,"Fewer than 1,000 EVs",8.818181818181818,0.264989672938635,82,11,"Fewer than 1,000 EVs"
93242,,24,8,0,0,0,0,0,79.0,482.0,6.10126582278481,"Fewer than 1,000 EVs",,,16,0,"Fewer than 1,000 EVs"
93243,Lebec,27,6,6,4,64,68,26,68.0,27.0,0.3970588235294117,"Fewer than 1,000 EVs",0.39705882352941174,0.011931766655969466,21,42,"Fewer than 1,000 EVs"
93244,,6,2,0,0,0,0,0,8.0,425.0,53.125,"Fewer than 1,000 EVs",,,4,0,"Fewer than 1,000 EVs"
93245,Lemoore,508,105,6,20,1,21,10,49.0,568.0,11.591836734693878,"Fewer than 1,000 EVs",24.19047619047619,0.7269328877668593,403,11,"Fewer than 1,000 EVs"
93246,Highland,5,3,1,0,10,10,0,15.0,557.0,37.13333333333333,"Fewer than 1,000 EVs",0.5,0.01502518764085044,2,10,"Fewer than 1,000 EVs"
93247,Lindsay,167,50,6,18,6,24,0,56.0,558.0,9.964285714285714,"Fewer than 1,000 EVs",6.958333333333333,0.20910052800183526,117,24,"Fewer than 1,000 EVs"
93249,Lost Hills,19,6,7,35,189,224,1,224.0,19.0,0.0848214285714285,"Fewer than 1,000 EVs",0.08482142857142858,0.0025489157605014137,13,223,"Fewer than 1,000 EVs"
93250,McFarland,138,31,6,6,10,16,0,67.0,617.0,9.208955223880595,"Fewer than 1,000 EVs",8.625,0.25918448680467004,107,16,"Fewer than 1,000 EVs"
93251,,1,0,0,0,0,0,0,0.0,1.0,,"Fewer than 1,000 EVs",,,1,0,"Fewer than 1,000 EVs"
93252,,5,2,0,0,0,0,0,0.0,99.0,,"Fewer than 1,000 EVs",,,3,0,"Fewer than 1,000 EVs"
93254,New Cuyama,8,3,2,7,0,7,0,7.0,8.0,1.1428571428571428,"Fewer than 1,000 EVs",1.1428571428571428,0.034343286036229576,5,7,"Fewer than 1,000 EVs"
93255,,5,1,0,0,0,0,0,0.0,31.0,,"Fewer than 1,000 EVs",,,4,0,"Fewer than 1,000 EVs"
93256,,39,6,0,0,0,0,0,0.0,109.0,,"Fewer than 1,000 EVs",,,33,0,"Fewer than 1,000 EVs"
93257,Porterville,816,144,9,30,12,42,6,42.0,865.0,20.595238095238095,"Fewer than 1,000 EVs",19.428571428571427,0.5838358626159027,672,36,"Fewer than 1,000 EVs"
93258,,19,1,0,0,0,0,0,34.0,117.0,3.4411764705882355,"Fewer than 1,000 EVs",,,18,0,"Fewer than 1,000 EVs"
93260,,1,1,0,0,0,0,0,0.0,8.0,,"Fewer than 1,000 EVs",,,0,0,"Fewer than 1,000 EVs"
93261,,12,2,0,0,0,0,0,37.0,547.0,14.783783783783784,"Fewer than 1,000 EVs",,,10,0,"Fewer than 1,000 EVs"
93262,,3,1,0,0,0,0,0,2.0,3.0,1.5,"Fewer than 1,000 EVs",,,2,0,"Fewer than 1,000 EVs"
93263,Shafter,565,58,4,34,1,35,0,97.0,2001.0,20.628865979381445,"Fewer than 1,000 EVs",16.142857142857142,0.4850989152617427,507,35,"Fewer than 1,000 EVs"
93265,,98,31,0,0,0,0,0,0.0,98.0,,"Fewer than 1,000 EVs",,,67,0,"Fewer than 1,000 EVs"
93266,,12,5,0,0,0,0,0,21.0,520.0,24.761904761904763,"Fewer than 1,000 EVs",,,7,0,"Fewer than 1,000 EVs"
93267,,49,16,0,0,0,0,0,58.0,235.0,4.051724137931035,"Fewer than 1,000 EVs",,,33,0,"Fewer than 1,000 EVs"
93268,Taft,102,23,2,5,0,5,1,5.0,102.0,20.4,"Fewer than 1,000 EVs",20.4,0.6130276557466978,79,4,"Fewer than 1,000 EVs"
93270,,49,9,0,0,0,0,0,34.0,903.0,26.558823529411764,"Fewer than 1,000 EVs",,,40,0,"Fewer than 1,000 EVs"
93271,Three Rivers,59,20,2,3,0,3,2,3.0,65.0,21.666666666666668,"Fewer than 1,000 EVs",19.666666666666668,0.5909907138734506,39,1,"Fewer than 1,000 EVs"
93272,,21,7,0,0,0,0,0,9.0,1121.0,124.55555555555556,"Fewer than 1,000 EVs",,,14,0,"Fewer than 1,000 EVs"
93274,Tulare,1061,193,11,28,9,37,8,69.0,1941.0,28.130434782608695,Well served,28.675675675675677,0.8617148155103955,868,29,At or above average
93275,,2,2,0,0,0,0,0,,,,No location data,,,0,0,"Fewer than 1,000 EVs"
93277,Visalia,859,203,10,26,12,38,2,181.0,3664.0,20.243093922651937,"Fewer than 1,000 EVs",22.605263157894736,0.6792966412363435,656,36,"Fewer than 1,000 EVs"
93278,,5,0,0,0,0,0,0,,,,No location data,,,5,0,"Fewer than 1,000 EVs"
93279,,17,1,0,0,0,0,0,,,,No location data,,,16,0,"Fewer than 1,000 EVs"
93280,Wasco,221,54,5,12,2,14,0,14.0,221.0,15.785714285714286,"Fewer than 1,000 EVs",15.785714285714286,0.47436663837542103,167,14,"Fewer than 1,000 EVs"
93283,,17,4,0,0,0,0,0,0.0,28.0,,"Fewer than 1,000 EVs",,,13,0,"Fewer than 1,000 EVs"
93285,,32,8,0,0,0,0,0,0.0,105.0,,"Fewer than 1,000 EVs",,,24,0,"Fewer than 1,000 EVs"
93286,Woodlake,96,22,5,8,0,8,0,8.0,991.0,123.875,"Fewer than 1,000 EVs",12.0,0.3606045033804105,74,8,"Fewer than 1,000 EVs"
93287,,2,0,0,0,0,0,0,0.0,2.0,,"Fewer than 1,000 EVs",,,2,0,"Fewer than 1,000 EVs"
93290,,22,6,0,0,0,0,0,,,,No location data,,,16,0,"Fewer than 1,000 EVs"
93291,Visalia,1665,342,26,37,41,78,2,152.0,3695.0,24.30921052631579,Well served,21.346153846153847,0.6414599338978456,1323,76,At or above average
93292,Visalia,773,181,11,15,5,20,4,121.0,2676.0,22.115702479338843,"Fewer than 1,000 EVs",38.65,1.1614470046377388,592,16,"Fewer than 1,000 EVs"
93301,Bakersfield,287,94,51,89,15,104,6,419.0,3386.0,8.081145584725537,"Fewer than 1,000 EVs",2.7596153846153846,0.08292747794084761,193,98,"Fewer than 1,000 EVs"
93302,,3,0,0,0,0,0,0,,,,No location data,,,3,0,"Fewer than 1,000 EVs"
93303,,9,2,0,0,0,0,0,,,,No location data,,,7,0,"Fewer than 1,000 EVs"
93304,Bakersfield,362,78,5,20,6,26,0,430.0,4153.0,9.658139534883722,"Fewer than 1,000 EVs",13.923076923076923,0.4183936866144507,284,26,"Fewer than 1,000 EVs"
93305,Bakersfield,243,56,3,11,8,19,0,421.0,3386.0,8.042755344418053,"Fewer than 1,000 EVs",12.789473684210526,0.38432848386596385,187,19,"Fewer than 1,000 EVs"
93306,Bakersfield,1146,250,4,22,2,24,0,24.0,1149.0,47.875,Well served,47.75,1.434905419701217,896,24,Below average
93307,Bakersfield,670,122,6,8,2,10,0,189.0,3521.0,18.62962962962963,"Fewer than 1,000 EVs",67.0,2.013375143873959,548,10,"Fewer than 1,000 EVs"
93308,Bakersfield,717,153,21,31,97,128,2,128.0,717.0,5.6015625,"Fewer than 1,000 EVs",5.6015625,0.16832905528890257,564,126,"Fewer than 1,000 EVs"
93309,Bakersfield,860,187,10,32,16,48,4,438.0,4056.0,9.26027397260274,"Fewer than 1,000 EVs",17.916666666666668,0.5384025571304741,673,44,"Fewer than 1,000 EVs"
93311,Bakersfield,2539,490,17,24,22,46,6,46.0,4071.0,88.5,Locally fine - crowded region,55.19565217391305,1.6586500617443158,2049,40,Below average
93312,Bakersfield,1634,368,2,5,8,13,0,449.0,4822.0,10.739420935412026,Locally sparse - chargers nearby,125.6923076923077,3.7771010161768643,1266,13,Severely underserved (>3x state avg)
93313,Bakersfield,1532,228,16,32,27,59,6,59.0,4838.0,82.0,Locally fine - crowded region,25.966101694915253,0.7802911005350126,1304,53,At or above average
93314,Bakersfield,1436,267,2,2,10,12,10,142.0,3635.0,25.598591549295776,Locally sparse - chargers nearby,119.66666666666667,3.5960282420435385,1169,2,Severely underserved (>3x state avg)
93341,,1,0,0,0,0,0,0,,,,No location data,,,1,0,"Fewer than 1,000 EVs"
93351,,1,0,0,0,0,0,0,,,,No location data,,,1,0,"Fewer than 1,000 EVs"
93380,,10,5,0,0,0,0,0,,,,No location data,,,5,0,"Fewer than 1,000 EVs"
93383,,3,0,0,0,0,0,0,,,,No location data,,,3,0,"Fewer than 1,000 EVs"
93384,,10,2,0,0,0,0,0,,,,No location data,,,8,0,"Fewer than 1,000 EVs"
93385,,1,1,0,0,0,0,0,,,,No location data,,,0,0,"Fewer than 1,000 EVs"
93386,,4,2,0,0,0,0,0,,,,No location data,,,2,0,"Fewer than 1,000 EVs"
93387,,4,1,0,0,0,0,0,,,,No location data,,,3,0,"Fewer than 1,000 EVs"
93388,,3,1,0,0,0,0,0,,,,No location data,,,2,0,"Fewer than 1,000 EVs"
93389,,13,5,0,0,0,0,0,,,,No location data,,,8,0,"Fewer than 1,000 EVs"
93390,,19,5,0,0,0,0,0,,,,No location data,,,14,0,"Fewer than 1,000 EVs"
93401,San Luis Obispo,2349,702,83,146,36,182,30,499.0,6318.0,12.661322645290582,Well served,12.906593406593407,0.38784797547645805,1647,152,At or above average
93402,Baywood-Los Osos,806,267,1,0,15,15,0,249.0,2486.0,9.983935742971887,"Fewer than 1,000 EVs",53.733333333333334,1.614706831803394,539,15,"Fewer than 1,000 EVs"
93403,San Luis Obispo,19,6,1,40,0,40,40,,,,No location data,0.475,0.014273928258807916,13,0,"Fewer than 1,000 EVs"
93405,San Luis Obispo,1025,311,23,44,49,93,30,378.0,4840.0,12.804232804232804,Well served,11.021505376344086,0.3312003727284236,714,63,At or above average
93406,,26,9,0,0,0,0,0,,,,No location data,,,17,0,"Fewer than 1,000 EVs"
93407,San Luis Obispo,15,2,12,23,0,23,2,370.0,4840.0,13.08108108108108,"Fewer than 1,000 EVs",0.6521739130434783,0.019598070835891875,13,21,"Fewer than 1,000 EVs"
93408,,9,9,0,0,0,0,0,368.0,6130.0,16.657608695652176,"Fewer than 1,000 EVs",,,0,0,"Fewer than 1,000 EVs"
93410,,5,0,0,0,0,0,0,370.0,3403.0,9.197297297297297,"Fewer than 1,000 EVs",,,5,0,"Fewer than 1,000 EVs"
93412,,14,6,0,0,0,0,0,,,,No location data,,,8,0,"Fewer than 1,000 EVs"
93420,Arroyo Grande,1689,507,9,15,48,63,2,116.0,5584.0,48.13793103448276,Well served,26.80952380952381,0.8056362515998855,1182,61,At or above average
93421,,25,8,0,0,0,0,0,,,,No location data,,,17,0,"Fewer than 1,000 EVs"
93422,Atascadero,1290,366,15,20,43,63,9,147.0,2334.0,15.877551020408164,Well served,20.476190476190474,0.6153172081491132,924,54,At or above average
93423,,9,7,0,0,0,0,0,,,,No location data,,,2,0,"Fewer than 1,000 EVs"
93424,Avila Beach,133,57,3,7,0,7,5,418.0,5006.0,11.976076555023925,"Fewer than 1,000 EVs",19.0,0.5709571303523167,76,2,"Fewer than 1,000 EVs"
93426,Bradley,38,8,2,0,3,3,1,12.0,38.0,3.1666666666666665,"Fewer than 1,000 EVs",12.666666666666666,0.38063808690154444,30,2,"Fewer than 1,000 EVs"
93427,Buellton,321,113,3,6,20,26,2,94.0,860.0,9.148936170212766,"Fewer than 1,000 EVs",12.346153846153847,0.37100655636253776,208,24,"Fewer than 1,000 EVs"
93428,Cambria,363,128,7,16,0,16,12,35.0,520.0,14.857142857142858,"Fewer than 1,000 EVs",22.6875,0.6817678892035887,235,4,"Fewer than 1,000 EVs"
93430,Cayucos,157,59,3,6,0,6,4,32.0,1018.0,31.8125,"Fewer than 1,000 EVs",26.166666666666668,0.7863181532045064,98,2,"Fewer than 1,000 EVs"
93432,Creston,58,12,1,3,0,3,3,5.0,58.0,11.6,"Fewer than 1,000 EVs",19.333333333333332,0.5809739221128836,46,0,"Fewer than 1,000 EVs"
93433,Grover Beach,424,129,3,2,20,22,2,281.0,6421.0,22.85053380782918,"Fewer than 1,000 EVs",19.272727272727273,0.579152687247326,295,20,"Fewer than 1,000 EVs"
93434,,126,14,0,0,0,0,0,11.0,1942.0,176.54545454545453,"Fewer than 1,000 EVs",,,112,0,"Fewer than 1,000 EVs"
93435,,2,1,0,0,0,0,0,,,,No location data,,,1,0,"Fewer than 1,000 EVs"
93436,Lompoc,1072,232,11,45,12,57,27,59.0,1072.0,18.16949152542373,Well served,18.80701754385965,0.5651579351225148,840,30,At or above average
93437,,99,16,0,0,0,0,0,87.0,1623.0,18.655172413793103,"Fewer than 1,000 EVs",,,83,0,"Fewer than 1,000 EVs"
93438,,4,1,0,0,0,0,0,,,,No location data,,,3,0,"Fewer than 1,000 EVs"
93440,Los Alamos,67,15,2,2,4,6,2,42.0,477.0,11.357142857142858,"Fewer than 1,000 EVs",11.166666666666666,0.3355625239789931,52,4,"Fewer than 1,000 EVs"
93441,,89,24,0,0,0,0,0,82.0,628.0,7.658536585365853,"Fewer than 1,000 EVs",,,65,0,"Fewer than 1,000 EVs"
93442,Morro Bay,498,176,3,4,4,8,0,117.0,3800.0,32.47863247863248,"Fewer than 1,000 EVs",62.25,1.8706358612858796,322,8,"Fewer than 1,000 EVs"
93443,,13,4,0,0,0,0,0,,,,No location data,,,9,0,"Fewer than 1,000 EVs"
93444,,1122,315,0,0,0,0,0,266.0,4055.0,15.24436090225564,Locally sparse - chargers nearby,,,807,0,"1,000+ EVs, zero ports"
93445,,168,40,0,0,0,0,0,151.0,3035.0,20.09933774834437,"Fewer than 1,000 EVs",,,128,0,"Fewer than 1,000 EVs"
93446,Paso Robles,1471,388,56,128,69,197,155,219.0,2008.0,9.168949771689498,Well served,7.467005076142132,0.2243863047684365,1083,42,At or above average
93447,,36,8,0,0,0,0,0,,,,No location data,,,28,0,"Fewer than 1,000 EVs"
93448,,17,7,0,0,0,0,0,,,,No location data,,,10,0,"Fewer than 1,000 EVs"
93449,Pismo Beach,669,206,24,46,22,68,38,441.0,3743.0,8.487528344671201,"Fewer than 1,000 EVs",9.838235294117647,0.2956426626979101,463,30,"Fewer than 1,000 EVs"
93450,San Ardo,4,1,1,0,12,12,0,12.0,6.0,0.5,"Fewer than 1,000 EVs",0.3333333333333333,0.010016791760566959,3,12,"Fewer than 1,000 EVs"
93451,,96,21,0,0,0,0,0,0.0,96.0,,"Fewer than 1,000 EVs",,,75,0,"Fewer than 1,000 EVs"
93452,San Simeon,13,3,3,14,0,14,14,14.0,13.0,0.9285714285714286,"Fewer than 1,000 EVs",0.9285714285714286,0.02790391990443653,10,0,"Fewer than 1,000 EVs"
93453,,91,30,0,0,0,0,0,0.0,91.0,,"Fewer than 1,000 EVs",,,61,0,"Fewer than 1,000 EVs"
93454,Santa Maria,610,118,34,71,54,125,6,125.0,610.0,4.88,"Fewer than 1,000 EVs",4.88,0.14664583137470028,492,119,"Fewer than 1,000 EVs"
93455,Santa Maria,1524,289,12,41,30,71,6,219.0,2149.0,9.812785388127852,Well served,21.464788732394368,0.6450249567508752,1235,65,At or above average
93456,,18,4,0,0,0,0,0,,,,No location data,,,14,0,"Fewer than 1,000 EVs"
93457,,9,1,0,0,0,0,0,,,,No location data,,,8,0,"Fewer than 1,000 EVs"
93458,Santa Maria,526,79,5,8,1,9,1,195.0,3466.0,17.774358974358975,"Fewer than 1,000 EVs",58.44444444444444,1.7562774886860735,447,8,"Fewer than 1,000 EVs"
93460,Santa Ynez,314,100,10,25,8,33,15,33.0,314.0,9.515151515151516,"Fewer than 1,000 EVs",9.515151515151516,0.28593387389254776,214,18,"Fewer than 1,000 EVs"
93461,Shandon,21,3,1,0,1,1,1,1.0,21.0,21.0,"Fewer than 1,000 EVs",21.0,0.6310578809157185,18,0,"Fewer than 1,000 EVs"
93463,Solvang,472,141,10,19,5,24,12,86.0,2859.0,33.24418604651163,"Fewer than 1,000 EVs",19.666666666666668,0.5909907138734506,331,12,"Fewer than 1,000 EVs"
93464,,10,1,0,0,0,0,0,,,,No location data,,,9,0,"Fewer than 1,000 EVs"
93465,Templeton,537,151,5,11,0,11,11,254.0,3298.0,12.984251968503935,"Fewer than 1,000 EVs",48.81818181818182,1.4670046842066702,386,0,"Fewer than 1,000 EVs"
93472,,1,0,0,0,0,0,0,,,,No location data,,,1,0,"Fewer than 1,000 EVs"
93483,,17,4,0,0,0,0,0,,,,No location data,,,13,0,"Fewer than 1,000 EVs"
93499,Pismo Beach,0,1,1,0,1,1,1,,,,No location data,0.0,0.0,-1,0,"Fewer than 1,000 EVs"
93501,Mojave,65,19,12,8,65,73,22,73.0,65.0,0.8904109589041096,"Fewer than 1,000 EVs",0.8904109589041096,0.02675718347000763,46,51,"Fewer than 1,000 EVs"
93502,,1,3,0,0,0,0,0,,,,No location data,,,-2,0,"Fewer than 1,000 EVs"
93504,,10,3,0,0,0,0,0,,,,No location data,,,7,0,"Fewer than 1,000 EVs"
93505,California City,211,48,1,2,0,2,0,2.0,211.0,105.5,"Fewer than 1,000 EVs",105.5,3.1703145922194427,163,2,"Fewer than 1,000 EVs"
93510,Acton,363,108,1,3,0,3,3,21.0,6605.0,314.5238095238095,"Fewer than 1,000 EVs",121.0,3.636095409085806,255,0,"Fewer than 1,000 EVs"
93512,,3,0,0,0,0,0,0,0.0,3.0,,"Fewer than 1,000 EVs",,,3,0,"Fewer than 1,000 EVs"
93513,,23,3,0,0,0,0,0,0.0,23.0,,"Fewer than 1,000 EVs",,,20,0,"Fewer than 1,000 EVs"
93514,Bishop,272,62,7,6,49,55,16,55.0,272.0,4.945454545454545,"Fewer than 1,000 EVs",4.945454545454545,0.14861276502950252,210,39,"Fewer than 1,000 EVs"
93515,,5,0,0,0,0,0,0,,,,No location data,,,5,0,"Fewer than 1,000 EVs"
93516,Boron,37,3,4,1,3,4,0,4.0,37.0,9.25,"Fewer than 1,000 EVs",9.25,0.2779659713557331,34,4,"Fewer than 1,000 EVs"
93517,Bridgeport,14,3,3,1,16,17,5,17.0,14.0,0.8235294117647058,"Fewer than 1,000 EVs",0.8235294117647058,0.024747367879047782,11,12,"Fewer than 1,000 EVs"
93518,,10,3,0,0,0,0,0,0.0,10.0,,"Fewer than 1,000 EVs",,,7,0,"Fewer than 1,000 EVs"
93519,,1,0,0,0,0,0,0,0.0,1.0,,"Fewer than 1,000 EVs",,,1,0,"Fewer than 1,000 EVs"
93522,,1,1,0,0,0,0,0,0.0,1.0,,"Fewer than 1,000 EVs",,,0,0,"Fewer than 1,000 EVs"
93523,North Edwards,83,20,4,8,0,8,2,8.0,84.0,10.5,"Fewer than 1,000 EVs",10.375,0.3117726435476466,63,6,"Fewer than 1,000 EVs"
93524,,1,0,0,0,0,0,0,8.0,84.0,10.5,"Fewer than 1,000 EVs",,,1,0,"Fewer than 1,000 EVs"
93525,,1,0,0,0,0,0,0,,,,No location data,,,1,0,"Fewer than 1,000 EVs"
93526,,10,4,0,0,0,0,0,2.0,10.0,5.0,"Fewer than 1,000 EVs",,,6,0,"Fewer than 1,000 EVs"
93527,Inyokern,26,6,8,6,25,31,7,31.0,31.0,1.0,"Fewer than 1,000 EVs",0.8387096774193549,0.025203540558845897,20,24,"Fewer than 1,000 EVs"
93528,,1,0,0,0,0,0,0,0.0,1.0,,"Fewer than 1,000 EVs",,,1,0,"Fewer than 1,000 EVs"
93529,,13,1,0,0,0,0,0,0.0,13.0,,"Fewer than 1,000 EVs",,,12,0,"Fewer than 1,000 EVs"
93530,,1,0,0,0,0,0,0,0.0,1.0,,"Fewer than 1,000 EVs",,,1,0,"Fewer than 1,000 EVs"
93531,,28,4,0,0,0,0,0,0.0,801.0,,"Fewer than 1,000 EVs",,,24,0,"Fewer than 1,000 EVs"
93532,,91,31,0,0,0,0,0,0.0,91.0,,"Fewer than 1,000 EVs",,,60,0,"Fewer than 1,000 EVs"
93534,Lancaster,761,158,22,43,25,68,16,251.0,3696.0,14.725099601593625,"Fewer than 1,000 EVs",11.191176470588236,0.3362990527849172,603,52,"Fewer than 1,000 EVs"
93535,Lancaster,1351,253,16,36,8,44,19,44.0,1428.0,32.45454545454545,Well served,30.704545454545453,0.9226831137631337,1098,25,At or above average
93536,Lancaster,2628,572,11,29,10,39,0,39.0,3085.0,79.1025641025641,Isolated - underserved by both measures,67.38461538461539,2.024932980520767,2056,39,Below average
93539,,11,6,0,0,0,0,0,,,,No location data,,,5,0,"Fewer than 1,000 EVs"
93541,Lee Vining,15,3,1,0,6,6,0,6.0,15.0,2.5,"Fewer than 1,000 EVs",2.5,0.07512593820425219,12,6,"Fewer than 1,000 EVs"
93543,Littlerock,199,36,2,2,0,2,0,31.0,2725.0,87.90322580645162,"Fewer than 1,000 EVs",99.5,2.9900123405292374,163,2,"Fewer than 1,000 EVs"
93544,,26,6,0,0,0,0,0,0.0,455.0,,"Fewer than 1,000 EVs",,,20,0,"Fewer than 1,000 EVs"
93545,Lone Pine,38,9,1,0,16,16,16,16.0,38.0,2.375,"Fewer than 1,000 EVs",2.375,0.07136964129403958,29,0,"Fewer than 1,000 EVs"
93546,Mammoth Lakes,207,54,8,22,26,48,26,48.0,207.0,4.3125,"Fewer than 1,000 EVs",4.3125,0.12959224340233502,153,22,"Fewer than 1,000 EVs"
93549,Olancha,2,0,3,0,23,23,4,23.0,2.0,0.0869565217391304,"Fewer than 1,000 EVs",0.08695652173913043,0.00261307611145225,2,19,"Fewer than 1,000 EVs"
93550,Palmdale,1362,240,8,36,2,38,4,38.0,1612.0,42.421052631578945,Well served,35.8421052631579,1.077068714044121,1122,34,Below average
93551,Palmdale,2935,660,18,22,54,76,34,268.0,4059.0,15.1455223880597,Well served,38.61842105263158,1.160498045418317,2275,42,Below average
93552,Palmdale,1113,207,2,2,0,2,0,207.0,1312.0,6.338164251207729,Locally sparse - chargers nearby,556.5,16.72303384426654,906,2,Severely underserved (>3x state avg)
93553,,51,17,0,0,0,0,0,2.0,1640.0,820.0,"Fewer than 1,000 EVs",,,34,0,"Fewer than 1,000 EVs"
93554,,0,1,0,0,0,0,0,0.0,1.0,,"Fewer than 1,000 EVs",,,-1,0,"Fewer than 1,000 EVs"
93555,Ridgecrest,536,148,6,8,17,25,0,52.0,536.0,10.307692307692308,"Fewer than 1,000 EVs",21.44,0.6442800460396668,388,25,"Fewer than 1,000 EVs"
93556,,3,1,0,0,0,0,0,,,,No location data,,,2,0,"Fewer than 1,000 EVs"
93560,Rosamond,457,95,2,14,0,14,0,14.0,3085.0,220.3571428571429,"Fewer than 1,000 EVs",32.642857142857146,0.9809301074098074,362,14,"Fewer than 1,000 EVs"
93561,Tehachapi,754,173,15,37,22,59,4,59.0,801.0,13.576271186440678,"Fewer than 1,000 EVs",12.779661016949152,0.3840336095322451,581,55,"Fewer than 1,000 EVs"
93562,Searles Valley,9,6,2,10,4,14,0,14.0,9.0,0.6428571428571429,"Fewer than 1,000 EVs",0.6428571428571429,0.019318098395379138,3,14,"Fewer than 1,000 EVs"
93563,,2,0,0,0,0,0,0,0.0,250.0,,"Fewer than 1,000 EVs",,,2,0,"Fewer than 1,000 EVs"
93581,,19,7,0,0,0,0,0,59.0,801.0,13.576271186440678,"Fewer than 1,000 EVs",,,12,0,"Fewer than 1,000 EVs"
93584,,0,1,0,0,0,0,0,,,,No location data,,,-1,0,"Fewer than 1,000 EVs"
93586,,0,3,0,0,0,0,0,,,,No location data,,,-3,0,"Fewer than 1,000 EVs"
93590,,11,2,0,0,0,0,0,,,,No location data,,,9,0,"Fewer than 1,000 EVs"
93591,,77,18,0,0,0,0,0,2.0,1454.0,727.0,"Fewer than 1,000 EVs",,,59,0,"Fewer than 1,000 EVs"
93592,,2,0,0,0,0,0,0,,,,No location data,,,2,0,"Fewer than 1,000 EVs"
93596,,1,0,0,0,0,0,0,,,,No location data,,,1,0,"Fewer than 1,000 EVs"
93599,,6,1,0,0,0,0,0,,,,No location data,,,5,0,"Fewer than 1,000 EVs"
93601,Ahwahnee,33,8,1,10,0,10,10,59.0,173.0,2.9322033898305087,"Fewer than 1,000 EVs",3.3,0.09916623842961289,25,0,"Fewer than 1,000 EVs"
93602,,48,14,0,0,0,0,0,2.0,113.0,56.5,"Fewer than 1,000 EVs",,,34,0,"Fewer than 1,000 EVs"
93603,,2,1,0,0,0,0,0,0.0,98.0,,"Fewer than 1,000 EVs",,,1,0,"Fewer than 1,000 EVs"
93604,,12,7,0,0,0,0,0,59.0,205.0,3.4745762711864407,"Fewer than 1,000 EVs",,,5,0,"Fewer than 1,000 EVs"
93605,,16,4,0,0,0,0,0,0.0,36.0,,"Fewer than 1,000 EVs",,,12,0,"Fewer than 1,000 EVs"
93606,,3,2,0,0,0,0,0,117.0,2665.0,22.77777777777778,"Fewer than 1,000 EVs",,,1,0,"Fewer than 1,000 EVs"
93608,,5,0,0,0,0,0,0,0.0,5.0,,"Fewer than 1,000 EVs",,,5,0,"Fewer than 1,000 EVs"
93609,,78,22,0,0,0,0,0,0.0,813.0,,"Fewer than 1,000 EVs",,,56,0,"Fewer than 1,000 EVs"
93610,Chowchilla,298,63,7,3,23,26,3,26.0,298.0,11.461538461538462,"Fewer than 1,000 EVs",11.461538461538462,0.3444235320748793,235,23,"Fewer than 1,000 EVs"
93611,Clovis,1577,473,12,21,0,21,4,503.0,15600.0,31.013916500994036,Locally sparse - chargers nearby,75.0952380952381,2.2566400866305854,1104,17,Below average
93612,Clovis,524,143,17,65,30,95,17,535.0,13931.0,26.0392523364486,"Fewer than 1,000 EVs",5.515789473684211,0.1657515436590659,381,78,"Fewer than 1,000 EVs"
93613,,23,11,0,0,0,0,0,,,,No location data,,,12,0,"Fewer than 1,000 EVs"
93614,Coarsegold,258,88,4,26,0,26,18,62.0,265.0,4.274193548387097,"Fewer than 1,000 EVs",9.923076923076923,0.2981921854876472,170,8,"Fewer than 1,000 EVs"
93615,,26,3,0,0,0,0,0,14.0,2961.0,211.5,"Fewer than 1,000 EVs",,,23,0,"Fewer than 1,000 EVs"
93616,Del Rey,34,7,1,2,0,2,0,90.0,3437.0,38.18888888888889,"Fewer than 1,000 EVs",17.0,0.510856379788915,27,2,"Fewer than 1,000 EVs"
93618,Dinuba,328,50,3,7,0,7,0,40.0,2855.0,71.375,"Fewer than 1,000 EVs",46.857142857142854,1.4080747274854124,278,7,"Fewer than 1,000 EVs"
93619,,3397,817,0,0,0,0,0,75.0,5006.0,66.74666666666667,Isolated - underserved by both measures,,,2580,0,"1,000+ EVs, zero ports"
93620,,105,22,0,0,0,0,0,0.0,112.0,,"Fewer than 1,000 EVs",,,83,0,"Fewer than 1,000 EVs"
93621,,8,1,0,0,0,0,0,0.0,56.0,,"Fewer than 1,000 EVs",,,7,0,"Fewer than 1,000 EVs"
93622,Firebaugh,118,23,7,3,78,81,63,81.0,118.0,1.4567901234567902,"Fewer than 1,000 EVs",1.4567901234567902,0.043777089916551895,95,18,"Fewer than 1,000 EVs"
93623,Fish Camp,2,0,3,4,8,12,10,79.0,173.0,2.189873417721519,"Fewer than 1,000 EVs",0.16666666666666666,0.0050083958802834795,2,2,"Fewer than 1,000 EVs"
93624,,2,1,0,0,0,0,0,0.0,4.0,,"Fewer than 1,000 EVs",,,1,0,"Fewer than 1,000 EVs"
93625,Fowler,230,40,4,11,0,11,1,113.0,3935.0,34.823008849557525,"Fewer than 1,000 EVs",20.90909090909091,0.628326028617382,190,10,"Fewer than 1,000 EVs"
93626,,181,44,0,0,0,0,0,4.0,1485.0,371.25,"Fewer than 1,000 EVs",,,137,0,"Fewer than 1,000 EVs"
93627,,2,0,0,0,0,0,0,1.0,29.0,29.0,"Fewer than 1,000 EVs",,,2,0,"Fewer than 1,000 EVs"
93628,,3,0,0,0,0,0,0,0.0,3.0,,"Fewer than 1,000 EVs",,,3,0,"Fewer than 1,000 EVs"
93630,Kerman,263,51,10,15,0,15,7,16.0,298.0,18.625,"Fewer than 1,000 EVs",17.533333333333335,0.5268832466058221,212,8,"Fewer than 1,000 EVs"
93631,Kingsburg,350,86,2,3,0,3,3,62.0,1134.0,18.29032258064516,"Fewer than 1,000 EVs",116.66666666666667,3.5058771161984357,264,0,"Fewer than 1,000 EVs"
93635,Los Banos,1055,213,9,21,16,37,14,106.0,1055.0,9.952830188679243,Well served,28.513513513513512,0.8568417816809304,842,23,At or above average
93636,Madera,1147,131,1,2,0,2,0,86.0,2909.0,33.825581395348834,Locally sparse - chargers nearby,573.5,17.233890224055454,1016,2,Severely underserved (>3x state avg)
93637,Madera,653,127,9,8,42,50,20,58.0,653.0,11.258620689655173,"Fewer than 1,000 EVs",13.06,0.39245790117901347,526,30,"Fewer than 1,000 EVs"
93638,Madera,497,89,12,15,11,26,6,60.0,1644.0,27.4,"Fewer than 1,000 EVs",19.115384615384617,0.5744244813463592,408,20,"Fewer than 1,000 EVs"
93639,,9,1,0,0,0,0,0,,,,No location data,,,8,0,"Fewer than 1,000 EVs"
93640,Mendota,82,24,9,14,0,14,1,14.0,89.0,6.357142857142857,"Fewer than 1,000 EVs",5.857142857142857,0.17600934093567655,58,13,"Fewer than 1,000 EVs"
93641,,6,1,0,0,0,0,0,0.0,56.0,,"Fewer than 1,000 EVs",,,5,0,"Fewer than 1,000 EVs"
93643,,54,20,0,0,0,0,0,0.0,67.0,,"Fewer than 1,000 EVs",,,34,0,"Fewer than 1,000 EVs"
93644,Oakhurst,138,30,12,15,22,37,9,85.0,186.0,2.1882352941176473,"Fewer than 1,000 EVs",3.72972972972973,0.11207977807769516,108,28,"Fewer than 1,000 EVs"
93645,O'Neals,7,0,1,0,2,2,0,28.0,447.0,15.964285714285714,"Fewer than 1,000 EVs",3.5,0.10517631348595308,7,2,"Fewer than 1,000 EVs"
93646,Orange Cove,52,6,2,3,0,3,1,17.0,952.0,56.0,"Fewer than 1,000 EVs",17.333333333333332,0.5208731715494819,46,2,"Fewer than 1,000 EVs"
93647,Orosi,76,13,1,4,0,4,0,7.0,254.0,36.285714285714285,"Fewer than 1,000 EVs",19.0,0.5709571303523167,63,4,"Fewer than 1,000 EVs"
93648,Parlier,114,15,4,7,0,7,1,65.0,1490.0,22.923076923076923,"Fewer than 1,000 EVs",16.285714285714285,0.4893918260162714,99,6,"Fewer than 1,000 EVs"
93649,,4,2,0,0,0,0,0,,,,No location data,,,2,0,"Fewer than 1,000 EVs"
93650,Fresno,59,22,4,5,4,9,4,594.0,14223.0,23.944444444444443,"Fewer than 1,000 EVs",6.555555555555555,0.19699690462448352,37,5,"Fewer than 1,000 EVs"
93651,Prather,32,14,1,2,0,2,0,2.0,3658.0,1829.0,"Fewer than 1,000 EVs",16.0,0.48080600450721406,18,2,"Fewer than 1,000 EVs"
93652,,3,1,0,0,0,0,0,0.0,745.0,,"Fewer than 1,000 EVs",,,2,0,"Fewer than 1,000 EVs"
93653,,22,14,0,0,0,0,0,0.0,22.0,,"Fewer than 1,000 EVs",,,8,0,"Fewer than 1,000 EVs"
93654,Reedley,425,103,2,3,0,3,3,31.0,1553.0,50.096774193548384,"Fewer than 1,000 EVs",141.66666666666666,4.257136498240957,322,0,"Fewer than 1,000 EVs"
93656,,44,8,0,0,0,0,0,0.0,127.0,,"Fewer than 1,000 EVs",,,36,0,"Fewer than 1,000 EVs"
93657,Sanger,631,141,4,11,0,11,2,11.0,1056.0,96.0,"Fewer than 1,000 EVs",57.36363636363637,1.723798800250296,490,9,"Fewer than 1,000 EVs"
93660,San Joaquin,25,8,1,1,0,1,1,6.0,297.0,49.5,"Fewer than 1,000 EVs",25.0,0.751259382042522,17,0,"Fewer than 1,000 EVs"
93662,Selma,337,70,7,4,22,26,6,45.0,1430.0,31.77777777777778,"Fewer than 1,000 EVs",12.961538461538462,0.38949909499743063,267,20,"Fewer than 1,000 EVs"
93663,,1,0,0,0,0,0,0,,,,No location data,,,1,0,"Fewer than 1,000 EVs"
93664,,20,8,0,0,0,0,0,0.0,69.0,,"Fewer than 1,000 EVs",,,12,0,"Fewer than 1,000 EVs"
93666,,3,1,0,0,0,0,0,21.0,911.0,43.38095238095238,"Fewer than 1,000 EVs",,,2,0,"Fewer than 1,000 EVs"
93667,,33,9,0,0,0,0,0,0.0,101.0,,"Fewer than 1,000 EVs",,,24,0,"Fewer than 1,000 EVs"
93668,,7,2,0,0,0,0,0,15.0,377.0,25.133333333333333,"Fewer than 1,000 EVs",,,5,0,"Fewer than 1,000 EVs"
93669,,1,0,0,0,0,0,0,59.0,212.0,3.593220338983051,"Fewer than 1,000 EVs",,,1,0,"Fewer than 1,000 EVs"
93670,,1,0,0,0,0,0,0,48.0,3005.0,62.604166666666664,"Fewer than 1,000 EVs",,,1,0,"Fewer than 1,000 EVs"
93673,Madera,5,1,2,2,18,20,16,55.0,2349.0,42.70909090909091,"Fewer than 1,000 EVs",0.25,0.00751259382042522,4,4,"Fewer than 1,000 EVs"
93675,,42,13,0,0,0,0,0,0.0,108.0,,"Fewer than 1,000 EVs",,,29,0,"Fewer than 1,000 EVs"
93701,,68,24,0,0,0,0,0,575.0,14001.0,24.349565217391305,"Fewer than 1,000 EVs",,,44,0,"Fewer than 1,000 EVs"
93702,Fresno,324,71,1,0,6,6,0,541.0,13237.0,24.46765249537893,"Fewer than 1,000 EVs",54.0,1.6227202652118473,253,6,"Fewer than 1,000 EVs"
93703,Fresno,248,50,6,15,0,15,0,578.0,14272.0,24.69204152249135,"Fewer than 1,000 EVs",16.533333333333335,0.49683287132412124,198,15,"Fewer than 1,000 EVs"
93704,Fresno,666,232,20,20,0,20,0,594.0,14602.0,24.58249158249158,"Fewer than 1,000 EVs",33.3,1.0006774968806391,434,20,"Fewer than 1,000 EVs"
93705,,364,94,0,0,0,0,0,594.0,14223.0,23.944444444444443,"Fewer than 1,000 EVs",,,270,0,"Fewer than 1,000 EVs"
93706,Fresno,323,75,3,0,4,4,3,91.0,1868.0,20.52747252747253,"Fewer than 1,000 EVs",80.75,2.426567803997346,248,1,"Fewer than 1,000 EVs"
93709,,0,1,0,0,0,0,0,,,,No location data,,,-1,0,"Fewer than 1,000 EVs"
93710,Fresno,539,131,13,16,41,57,9,574.0,13931.0,24.270034843205575,"Fewer than 1,000 EVs",9.456140350877194,0.2841605662602943,408,48,"Fewer than 1,000 EVs"
93711,Fresno,1458,427,7,23,3,26,6,594.0,14223.0,23.944444444444443,Well served,56.07692307692308,1.685132583104611,1031,20,Below average
93712,,1,0,0,0,0,0,0,,,,No location data,,,1,0,"Fewer than 1,000 EVs"
93720,Fresno,1938,578,31,73,47,120,8,569.0,13931.0,24.483304042179263,Well served,16.15,0.48531356079946913,1360,112,At or above average
93721,Fresno,174,58,26,38,8,46,6,572.0,13560.0,23.706293706293707,"Fewer than 1,000 EVs",3.782608695652174,0.11366881084817289,116,40,"Fewer than 1,000 EVs"
93722,Fresno,1728,410,24,13,53,66,26,525.0,10647.0,20.28,Well served,26.181818181818183,0.7867734619208957,1318,40,At or above average
93723,,671,93,0,0,0,0,0,260.0,5550.0,21.346153846153847,"Fewer than 1,000 EVs",,,578,0,"Fewer than 1,000 EVs"
93725,,341,56,0,0,0,0,0,149.0,4162.0,27.93288590604027,"Fewer than 1,000 EVs",,,285,0,"Fewer than 1,000 EVs"
93726,Fresno,405,104,8,18,0,18,0,574.0,13931.0,24.270034843205575,"Fewer than 1,000 EVs",22.5,0.6761334438382698,301,18,"Fewer than 1,000 EVs"
93727,Fresno,2002,344,15,17,26,43,5,529.0,11543.0,21.820415879017013,Well served,46.55813953488372,1.3990895654410502,1658,38,Below average
93728,Fresno,210,50,9,8,4,12,0,589.0,13660.0,23.191850594227503,"Fewer than 1,000 EVs",17.5,0.5258815674297653,160,12,"Fewer than 1,000 EVs"
93729,,23,7,0,0,0,0,0,,,,No location data,,,16,0,"Fewer than 1,000 EVs"
93730,Fresno,1265,341,3,3,0,3,0,458.0,12102.0,26.4235807860262,Locally sparse - chargers nearby,421.6666666666667,12.671241577117204,924,3,Severely underserved (>3x state avg)
93737,,379,67,0,0,0,0,0,440.0,9321.0,21.18409090909091,"Fewer than 1,000 EVs",,,312,0,"Fewer than 1,000 EVs"
93740,Fresno,3,1,7,7,0,7,0,574.0,13931.0,24.270034843205575,"Fewer than 1,000 EVs",0.42857142857142855,0.012878732263586089,2,7,"Fewer than 1,000 EVs"
93744,,2,1,0,0,0,0,0,,,,No location data,,,1,0,"Fewer than 1,000 EVs"
93745,,3,1,0,0,0,0,0,,,,No location data,,,2,0,"Fewer than 1,000 EVs"
93747,,12,3,0,0,0,0,0,,,,No location data,,,9,0,"Fewer than 1,000 EVs"
93755,,6,1,0,0,0,0,0,,,,No location data,,,5,0,"Fewer than 1,000 EVs"
93771,,1,0,0,0,0,0,0,,,,No location data,,,1,0,"Fewer than 1,000 EVs"
93772,,2,0,0,0,0,0,0,,,,No location data,,,2,0,"Fewer than 1,000 EVs"
93775,,1,0,0,0,0,0,0,,,,No location data,,,1,0,"Fewer than 1,000 EVs"
93776,,0,1,0,0,0,0,0,,,,No location data,,,-1,0,"Fewer than 1,000 EVs"
93790,,1,0,0,0,0,0,0,,,,No location data,,,1,0,"Fewer than 1,000 EVs"
93791,,2,0,0,0,0,0,0,,,,No location data,,,2,0,"Fewer than 1,000 EVs"
93792,,2,0,0,0,0,0,0,,,,No location data,,,2,0,"Fewer than 1,000 EVs"
93793,,0,1,0,0,0,0,0,,,,No location data,,,-1,0,"Fewer than 1,000 EVs"
93794,,4,1,0,0,0,0,0,,,,No location data,,,3,0,"Fewer than 1,000 EVs"
93901,Salinas,601,170,20,39,29,68,8,190.0,5980.0,31.473684210526315,"Fewer than 1,000 EVs",8.838235294117647,0.2655922874162092,431,60,"Fewer than 1,000 EVs"
93902,,7,2,0,0,0,0,0,,,,No location data,,,5,0,"Fewer than 1,000 EVs"
93905,Salinas,562,106,8,8,8,16,0,166.0,5098.0,30.710843373493976,"Fewer than 1,000 EVs",35.125,1.0555194317697434,456,16,"Fewer than 1,000 EVs"
93906,Salinas,1045,184,15,24,28,52,18,198.0,5544.0,28.0,Well served,20.096153846153847,0.6038969647957195,861,34,At or above average
93907,Salinas,681,197,6,10,6,16,12,192.0,4911.0,25.578125,"Fewer than 1,000 EVs",42.5625,1.2790190979273937,484,4,"Fewer than 1,000 EVs"
93908,Salinas,851,214,5,9,0,9,3,157.0,3097.0,19.726114649681527,"Fewer than 1,000 EVs",94.55555555555556,2.841429929414161,637,6,"Fewer than 1,000 EVs"
93912,,14,5,0,0,0,0,0,,,,No location data,,,9,0,"Fewer than 1,000 EVs"
93915,,8,1,0,0,0,0,0,,,,No location data,,,7,0,"Fewer than 1,000 EVs"
93920,Big Sur,30,8,4,9,8,17,17,17.0,34.0,2.0,"Fewer than 1,000 EVs",1.7647058823529411,0.05303007402653096,22,0,"Fewer than 1,000 EVs"
93921,Carmel-by-the-Sea,217,105,4,12,0,12,7,281.0,4152.0,14.775800711743772,"Fewer than 1,000 EVs",18.083333333333332,0.5434109530107575,112,5,"Fewer than 1,000 EVs"
93922,,50,17,0,0,0,0,0,,,,No location data,,,33,0,"Fewer than 1,000 EVs"
93923,Carmel-by-the-Sea,1275,442,19,48,0,48,17,48.0,3507.0,73.0625,Locally fine - crowded region,26.5625,0.7982130934201795,833,31,At or above average
93924,Carmel Valley,616,216,3,9,0,9,7,9.0,1891.0,210.11111111111111,"Fewer than 1,000 EVs",68.44444444444444,2.0567812415030824,400,2,"Fewer than 1,000 EVs"
93925,,17,2,0,0,0,0,0,20.0,968.0,48.4,"Fewer than 1,000 EVs",,,15,0,"Fewer than 1,000 EVs"
93926,Gonzales,100,18,1,18,0,18,0,50.0,395.0,7.9,"Fewer than 1,000 EVs",5.555555555555555,0.16694652934278265,82,18,"Fewer than 1,000 EVs"
93927,Greenfield,163,25,1,0,12,12,12,12.0,441.0,36.75,"Fewer than 1,000 EVs",13.583333333333334,0.4081842642431036,138,0,"Fewer than 1,000 EVs"
93928,,4,3,0,0,0,0,0,0.0,34.0,,"Fewer than 1,000 EVs",,,1,0,"Fewer than 1,000 EVs"
93930,King City,189,43,6,2,23,25,2,25.0,191.0,7.64,"Fewer than 1,000 EVs",7.56,0.2271808371296586,146,23,"Fewer than 1,000 EVs"
93932,,11,4,0,0,0,0,0,12.0,11.0,0.9166666666666666,"Fewer than 1,000 EVs",,,7,0,"Fewer than 1,000 EVs"
93933,Marina,1337,292,36,58,24,82,17,387.0,6216.0,16.06201550387597,Well served,16.304878048780488,0.4899677042882204,1045,65,At or above average
93940,Monterey,1616,502,24,35,20,55,31,112.0,3108.0,27.75,Well served,29.381818181818183,0.8829346628223386,1114,24,At or above average
93942,,28,11,0,0,0,0,0,,,,No location data,,,17,0,"Fewer than 1,000 EVs"
93943,,2,0,0,0,0,0,0,321.0,3873.0,12.065420560747665,"Fewer than 1,000 EVs",,,2,0,"Fewer than 1,000 EVs"
93944,,12,2,0,0,0,0,0,305.0,3873.0,12.698360655737703,"Fewer than 1,000 EVs",,,10,0,"Fewer than 1,000 EVs"
93950,Pacific Grove,874,252,16,23,18,41,5,295.0,3873.0,13.128813559322031,"Fewer than 1,000 EVs",21.317073170731707,0.640586048687965,622,36,"Fewer than 1,000 EVs"
93953,Del Monte Forest,549,194,7,15,2,17,14,287.0,2536.0,8.83623693379791,"Fewer than 1,000 EVs",32.294117647058826,0.9704503546855167,355,3,"Fewer than 1,000 EVs"
93954,,2,0,0,0,0,0,0,0.0,195.0,,"Fewer than 1,000 EVs",,,2,0,"Fewer than 1,000 EVs"
93955,Sand City,882,203,15,22,28,50,14,380.0,4495.0,11.828947368421051,"Fewer than 1,000 EVs",17.64,0.5300886199692035,679,36,"Fewer than 1,000 EVs"
93960,Soledad,278,43,6,6,24,30,4,60.0,541.0,9.016666666666667,"Fewer than 1,000 EVs",9.266666666666667,0.27846681094376147,235,26,"Fewer than 1,000 EVs"
93962,,21,6,0,0,0,0,0,237.0,5980.0,25.23206751054852,"Fewer than 1,000 EVs",,,15,0,"Fewer than 1,000 EVs"
93970,,0,1,0,0,0,0,0,,,,No location data,,,-1,0,"Fewer than 1,000 EVs"
94002,Belmont,3809,1371,4,5,7,12,4,2815.0,55266.0,19.632682060390763,Locally sparse - chargers nearby,317.4166666666667,9.538489953999887,2438,8,Severely underserved (>3x state avg)
94003,,0,1,0,0,0,0,0,,,,No location data,,,-1,0,"Fewer than 1,000 EVs"
94005,Brisbane,521,210,43,130,0,130,2,2899.0,87240.0,30.09313556398758,"Fewer than 1,000 EVs",4.007692307692308,0.12043265785973967,311,128,"Fewer than 1,000 EVs"
94010,Burlingame,6335,2335,145,260,40,300,12,2542.0,54732.0,21.531077891424076,Well served,21.116666666666667,0.6345637580319169,4000,288,At or above average
94011,,18,15,0,0,0,0,0,,,,No location data,,,3,0,"Fewer than 1,000 EVs"
94012,,0,1,0,0,0,0,0,,,,No location data,,,-1,0,"Fewer than 1,000 EVs"
94013,,1,0,0,0,0,0,0,,,,No location data,,,1,0,"Fewer than 1,000 EVs"
94014,Daly City,2262,453,8,21,27,48,21,2679.0,79502.0,29.67599850690556,Well served,47.125,1.4161239351501538,1809,27,Below average
94015,Daly City,3489,788,11,14,46,60,45,2541.0,79393.0,31.244785517512792,Well served,58.15,1.747429322630906,2701,15,Below average
94017,,8,1,0,0,0,0,0,,,,No location data,,,7,0,"Fewer than 1,000 EVs"
94018,El Granada,296,112,2,3,0,3,0,1308.0,29815.0,22.79434250764526,"Fewer than 1,000 EVs",98.66666666666667,2.96497036112782,184,3,"Fewer than 1,000 EVs"
94019,Half Moon Bay,1271,546,11,23,12,35,20,1086.0,33554.0,30.896869244935544,Well served,36.31428571428572,1.0912579138011949,725,15,Below average
94020,,127,55,0,0,0,0,0,555.0,36259.0,65.33153153153152,"Fewer than 1,000 EVs",,,72,0,"Fewer than 1,000 EVs"
94021,,7,8,0,0,0,0,0,16.0,6714.0,419.625,"Fewer than 1,000 EVs",,,-1,0,"Fewer than 1,000 EVs"
94022,Los Altos Hills,4522,2107,32,163,41,204,123,3755.0,101421.0,27.00958721704394,Well served,22.166666666666668,0.6661166520777028,2415,81,At or above average
94023,,54,22,0,0,0,0,0,,,,No location data,,,32,0,"Fewer than 1,000 EVs"
94024,Los Altos,5048,2184,4,30,4,34,30,4776.0,111910.0,23.43174204355109,Locally sparse - chargers nearby,148.47058823529412,4.461596894765472,2864,4,Severely underserved (>3x state avg)
94025,Menlo Park,6405,2611,309,574,49,623,84,3472.0,88144.0,25.387096774193548,Well served,10.280898876404494,0.30894486946917193,3794,539,At or above average
94026,,29,18,0,0,0,0,0,,,,No location data,,,11,0,"Fewer than 1,000 EVs"
94027,Atherton,1578,778,3,6,0,6,2,3285.0,83912.0,25.54398782343988,Locally sparse - chargers nearby,263.0,7.903248699087331,800,4,Severely underserved (>3x state avg)
94028,Portola Valley,1527,714,5,8,12,20,2,2796.0,78848.0,28.200286123032903,Locally sparse - chargers nearby,76.35,2.294346152757862,813,18,Below average
94030,Millbrae,2461,765,29,48,15,63,12,2506.0,60685.0,24.21588188347965,Well served,39.06349206349206,1.1738725963216803,1696,51,Below average
94035,Moffett Field,1,2,1,0,8,8,8,,,,No location data,0.125,0.00375629691021261,-1,0,"Fewer than 1,000 EVs"
94036,,0,2,0,0,0,0,0,,,,No location data,,,-2,0,"Fewer than 1,000 EVs"
94037,,328,131,0,0,0,0,0,1606.0,35082.0,21.844333748443336,"Fewer than 1,000 EVs",,,197,0,"Fewer than 1,000 EVs"
94038,Moss Beach,249,104,1,1,0,1,1,1276.0,33617.0,26.345611285266457,"Fewer than 1,000 EVs",249.0,7.482543445143518,145,0,"Fewer than 1,000 EVs"
94039,,19,4,0,0,0,0,0,,,,No location data,,,15,0,"Fewer than 1,000 EVs"
94040,Mountain View,4859,1641,27,93,52,145,45,5045.0,124904.0,24.757978196233896,Well served,33.51034482758621,1.0069984378881696,3218,100,Below average
94041,Mountain View,2029,711,3,24,0,24,0,5327.0,127989.0,24.02646893185658,Locally sparse - chargers nearby,84.54166666666667,2.540508810273795,1318,24,Below average
94042,,15,7,0,0,0,0,0,,,,No location data,,,8,0,"Fewer than 1,000 EVs"
94043,Mountain View,7047,1596,103,213,26,239,14,5450.0,136056.0,24.96440366972477,Well served,29.485355648535563,0.8860460025529124,5451,225,At or above average
94044,Pacifica,2800,929,4,3,12,15,0,1869.0,50256.0,26.8892455858748,Locally sparse - chargers nearby,186.66666666666666,5.6094033859174965,1871,15,Severely underserved (>3x state avg)
94054,,1,0,0,0,0,0,0,,,,No location data,,,1,0,"Fewer than 1,000 EVs"
94060,,46,18,0,0,0,0,0,0.0,194.0,,"Fewer than 1,000 EVs",,,28,0,"Fewer than 1,000 EVs"
94061,Redwood City,2966,1090,15,26,12,38,4,3102.0,70579.0,22.752740167633785,Locally sparse - chargers nearby,78.05263157894737,2.3455108706717054,1876,34,Below average
94062,Redwood City,4175,1786,18,44,2,46,5,2680.0,61711.0,23.02649253731343,Locally sparse - chargers nearby,90.76086956521739,2.727398191328286,2389,41,Below average
94063,Redwood City,1823,649,102,235,4,239,57,3304.0,69289.0,20.971246973365616,Well served,7.627615062761507,0.22921269514033768,1174,182,At or above average
94064,,11,4,0,0,0,0,0,,,,No location data,,,7,0,"Fewer than 1,000 EVs"
94065,Redwood City,1897,803,62,115,2,117,43,3038.0,64590.0,21.260697827518104,Well served,16.213675213675213,0.4872270248665518,1094,74,At or above average
94066,San Bruno,2820,758,28,64,56,120,6,2528.0,69822.0,27.619462025316455,Well served,23.5,0.7061838191199706,2062,114,At or above average
94070,San Carlos,4682,1806,21,31,29,60,30,2966.0,65345.0,22.031355360755224,Locally sparse - chargers nearby,78.03333333333333,2.344930951148725,2876,30,Below average
94072,,0,1,0,0,0,0,0,,,,No location data,,,-1,0,"Fewer than 1,000 EVs"
94074,,14,4,0,0,0,0,0,77.0,7167.0,93.07792207792208,"Fewer than 1,000 EVs",,,10,0,"Fewer than 1,000 EVs"
94080,South San Francisco,7611,1025,199,417,98,515,81,2994.0,81708.0,27.29058116232465,Well served,14.77864077669903,0.4441037014932532,6586,434,At or above average
94083,,14,8,0,0,0,0,0,,,,No location data,,,6,0,"Fewer than 1,000 EVs"
94085,Sunnyvale,2865,842,24,70,3,73,31,5781.0,153634.0,26.57567894827885,Well served,39.24657534246575,1.179374317562644,2023,42,Below average
94086,Sunnyvale,5406,1640,111,206,19,225,30,5477.0,159481.0,29.118312945042906,Well served,24.026666666666667,0.7220103501016665,3766,195,At or above average
94087,Sunnyvale,7534,2723,26,90,46,136,38,5422.0,134463.0,24.799520472150498,Well served,55.39705882352941,1.6647024071495178,4811,98,Below average
94088,,15,7,0,0,0,0,0,,,,No location data,,,8,0,"Fewer than 1,000 EVs"
94089,Sunnyvale,2196,702,22,33,22,55,11,5825.0,157524.0,27.04274678111588,Well served,39.92727272727273,1.199829529429366,1494,44,Below average
94101,,1,0,0,0,0,0,0,,,,No location data,,,1,0,"Fewer than 1,000 EVs"
94102,San Francisco,882,292,22,50,12,62,23,3141.0,82479.0,26.25883476599809,"Fewer than 1,000 EVs",14.225806451612904,0.4274908225558093,590,39,"Fewer than 1,000 EVs"
94103,San Francisco,1538,476,59,110,89,199,22,3181.0,86567.0,27.213769254951274,Well served,7.728643216080402,0.2322486290615877,1062,177,At or above average
94104,San Francisco,136,56,7,26,0,26,10,3143.0,95162.0,30.277441934457524,"Fewer than 1,000 EVs",5.230769230769231,0.1571865783965892,80,16,"Fewer than 1,000 EVs"
94105,San Francisco,1367,563,60,94,6,100,25,3183.0,96267.0,30.24410933081998,Well served,13.67,0.410788630100851,804,75,At or above average
94107,San Francisco,3025,910,37,68,26,94,27,3241.0,90509.0,27.92625732798519,Well served,32.180851063829785,0.9670466513526079,2115,67,At or above average
94108,San Francisco,314,116,26,60,0,60,28,3127.0,93247.0,29.81995522865366,"Fewer than 1,000 EVs",5.233333333333333,0.15726363064090126,198,32,"Fewer than 1,000 EVs"
94109,San Francisco,1921,604,20,38,2,40,10,3059.0,88449.0,28.914351095129128,Well served,48.025,1.4431692729036847,1317,30,Below average
94110,San Francisco,3556,1238,7,11,3,14,5,3233.0,82697.0,25.57902876585215,Locally sparse - chargers nearby,254.0,7.632795321552023,2318,9,Severely underserved (>3x state avg)
94111,San Francisco,315,104,35,86,8,94,49,3055.0,96820.0,31.692307692307693,"Fewer than 1,000 EVs",3.351063829787234,0.10070072567804017,211,45,"Fewer than 1,000 EVs"
94112,San Francisco,3882,945,6,19,0,19,7,2499.0,78736.0,31.50700280112045,Locally sparse - chargers nearby,204.31578947368422,6.139766149661201,2937,12,Severely underserved (>3x state avg)
94114,,3058,1177,0,0,0,0,0,3003.0,79824.0,26.581418581418585,Locally sparse - chargers nearby,,,1881,0,"1,000+ EVs, zero ports"
94115,San Francisco,1941,648,7,51,3,54,12,2941.0,78899.0,26.82726963617817,Well served,35.94444444444444,1.0801440448478037,1293,42,Below average
94116,San Francisco,3280,967,11,16,0,16,0,2266.0,73796.0,32.566637246248895,Locally sparse - chargers nearby,205.0,6.16032693274868,2313,16,Severely underserved (>3x state avg)
94117,San Francisco,2176,791,4,6,2,8,0,2950.0,76035.0,25.77457627118644,Locally sparse - chargers nearby,272.0,8.17370207662264,1385,8,Severely underserved (>3x state avg)
94118,San Francisco,2484,811,7,17,38,55,9,2132.0,69469.0,32.583958724202624,Well served,45.163636363636364,1.357184221813545,1673,46,Below average
94119,,12,3,0,0,0,0,0,,,,No location data,,,9,0,"Fewer than 1,000 EVs"
94121,San Francisco,2661,770,2,2,4,6,0,1828.0,68176.0,37.29540481400438,Locally sparse - chargers nearby,443.5,13.32734143743434,1891,6,Severely underserved (>3x state avg)
94122,San Francisco,3520,1058,8,12,16,28,9,2283.0,70996.0,31.097678493210687,Locally sparse - chargers nearby,125.71428571428571,3.777761463985253,2462,19,Severely underserved (>3x state avg)
94123,San Francisco,1869,601,39,40,16,56,2,2668.0,78412.0,29.389805097451273,Well served,33.375,1.0029312750267667,1268,54,Below average
94124,San Francisco,2100,702,7,13,6,19,2,3462.0,87039.0,25.141247833622185,Locally sparse - chargers nearby,110.52631578947368,3.3213572679774654,1398,17,Severely underserved (>3x state avg)
94126,,3,5,0,0,0,0,0,,,,No location data,,,-2,0,"Fewer than 1,000 EVs"
94127,,2303,747,0,0,0,0,0,2393.0,75336.0,31.481821980777266,Locally sparse - chargers nearby,,,1556,0,"1,000+ EVs, zero ports"
94128,San Francisco,17,10,105,203,0,203,12,2567.0,73183.0,28.50915465523958,"Fewer than 1,000 EVs",0.08374384236453201,0.0025165338905857875,7,191,"Fewer than 1,000 EVs"
94129,San Francisco,300,111,6,14,6,20,8,1762.0,63139.0,35.83371169125993,"Fewer than 1,000 EVs",15.0,0.45075562922551315,189,12,"Fewer than 1,000 EVs"
94130,,109,27,0,0,0,0,0,2579.0,100277.0,38.88212485459481,"Fewer than 1,000 EVs",,,82,0,"Fewer than 1,000 EVs"
94131,San Francisco,2859,1098,1,2,0,2,0,2794.0,79710.0,28.528990694345023,Locally sparse - chargers nearby,1429.5,42.95701146519141,1761,2,Severely underserved (>3x state avg)
94132,San Francisco,1613,419,25,55,3,58,18,2382.0,74043.0,31.084382871536523,Well served,27.810344827586206,0.8357112987824744,1194,40,At or above average
94133,San Francisco,908,305,6,10,0,10,1,2841.0,85924.0,30.244280183034142,"Fewer than 1,000 EVs",90.8,2.7285740755784396,603,9,"Fewer than 1,000 EVs"
94134,,1987,490,0,0,0,0,0,3311.0,80363.0,24.27151917849592,Locally sparse - chargers nearby,,,1497,0,"1,000+ EVs, zero ports"
94140,,1,0,0,0,0,0,0,,,,No location data,,,1,0,"Fewer than 1,000 EVs"
94141,,12,1,0,0,0,0,0,,,,No location data,,,11,0,"Fewer than 1,000 EVs"
94142,,2,0,0,0,0,0,0,,,,No location data,,,2,0,"Fewer than 1,000 EVs"
94143,San Francisco,8,0,4,8,0,8,2,,,,No location data,1.0,0.03005037528170088,8,6,"Fewer than 1,000 EVs"
94146,,4,1,0,0,0,0,0,,,,No location data,,,3,0,"Fewer than 1,000 EVs"
94147,,14,2,0,0,0,0,0,,,,No location data,,,12,0,"Fewer than 1,000 EVs"
94148,,0,1,0,0,0,0,0,,,,No location data,,,-1,0,"Fewer than 1,000 EVs"
94158,San Francisco,733,278,90,185,0,185,42,3322.0,91938.0,27.67549668874172,"Fewer than 1,000 EVs",3.962162162162162,0.11906445989992834,455,143,"Fewer than 1,000 EVs"
94159,,3,2,0,0,0,0,0,,,,No location data,,,1,0,"Fewer than 1,000 EVs"
94164,,2,1,0,0,0,0,0,,,,No location data,,,1,0,"Fewer than 1,000 EVs"
94172,,2,1,0,0,0,0,0,,,,No location data,,,1,0,"Fewer than 1,000 EVs"
94188,,21,6,0,0,0,0,0,3458.0,87638.0,25.343551185656448,"Fewer than 1,000 EVs",,,15,0,"Fewer than 1,000 EVs"
94203,,2,0,0,0,0,0,0,,,,No location data,,,2,0,"Fewer than 1,000 EVs"
94214,,2,1,0,0,0,0,0,,,,No location data,,,1,0,"Fewer than 1,000 EVs"
94218,,1,0,0,0,0,0,0,,,,No location data,,,1,0,"Fewer than 1,000 EVs"
94232,,1,2,0,0,0,0,0,,,,No location data,,,-1,0,"Fewer than 1,000 EVs"
94244,,22,10,0,0,0,0,0,,,,No location data,,,12,0,"Fewer than 1,000 EVs"
94296,,5,0,0,0,0,0,0,,,,No location data,,,5,0,"Fewer than 1,000 EVs"
94297,,2,1,0,0,0,0,0,,,,No location data,,,1,0,"Fewer than 1,000 EVs"
94301,Palo Alto,2945,1406,30,99,20,119,26,3289.0,95336.0,28.98631802979629,Well served,24.747899159663866,0.743683657181589,1539,93,At or above average
94302,,16,7,0,0,0,0,0,,,,No location data,,,9,0,"Fewer than 1,000 EVs"
94303,Palo Alto,4336,1707,24,66,39,105,33,4193.0,111743.0,26.64989267827331,Well served,41.2952380952381,1.2409374021090953,2629,72,Below average
94304,Palo Alto,2667,151,70,153,26,179,40,3212.0,89422.0,27.83997509339975,Well served,14.899441340782124,0.44773380377819133,2516,139,At or above average
94305,Stanford,722,235,54,106,0,106,20,3126.0,95128.0,30.431222008957135,"Fewer than 1,000 EVs",6.811320754716981,0.20468274484328333,487,86,"Fewer than 1,000 EVs"
94306,Palo Alto,4323,1704,86,187,0,187,59,4164.0,109538.0,26.3059558117195,Well served,23.11764705882353,0.6946939697475556,2619,128,At or above average
94309,,13,8,0,0,0,0,0,,,,No location data,,,5,0,"Fewer than 1,000 EVs"
94337,,1,0,0,0,0,0,0,,,,No location data,,,1,0,"Fewer than 1,000 EVs"
94401,San Mateo,1835,575,38,115,2,117,8,2702.0,53770.0,19.900074019245004,Well served,15.683760683760683,0.4713028943753941,1260,109,At or above average
94402,San Mateo,3308,1188,60,101,20,121,10,2862.0,59002.0,20.615653389238293,Well served,27.33884297520661,0.8215424911724504,2120,111,At or above average
94403,San Mateo,4286,1341,139,272,118,390,50,3112.0,54668.0,17.566838046272494,Well served,10.98974358974359,0.33024591912146145,2945,340,At or above average
94404,Foster City,4455,1529,67,141,30,171,20,3193.0,52084.0,16.311932352020044,Well served,26.05263157894737,0.7828913560232598,2926,151,At or above average
94458,,0,1,0,0,0,0,0,,,,No location data,,,-1,0,"Fewer than 1,000 EVs"
94494,,0,1,0,0,0,0,0,,,,No location data,,,-1,0,"Fewer than 1,000 EVs"
94496,,0,1,0,0,0,0,0,,,,No location data,,,-1,0,"Fewer than 1,000 EVs"
94501,Alameda,4604,1626,26,47,29,76,22,2612.0,86446.0,33.09571209800919,Well served,60.578947368421055,1.8204201025914584,2978,54,Below average
94502,Alameda,1627,609,25,48,0,48,8,2625.0,69383.0,26.431619047619048,Well served,33.895833333333336,1.0185825121526528,1018,40,Below average
94503,American Canyon,1442,368,19,34,0,34,2,632.0,12460.0,19.71518987341772,Well served,42.411764705882355,1.2744894457709608,1074,32,Below average
94504,,1,1,0,0,0,0,0,,,,No location data,,,0,0,"Fewer than 1,000 EVs"
94505,,1004,292,0,0,0,0,0,85.0,11450.0,134.7058823529412,Isolated - underserved by both measures,,,712,0,"1,000+ EVs, zero ports"
94506,Danville,4282,1410,2,2,16,18,0,913.0,50291.0,55.083242059145675,Locally sparse - chargers nearby,237.88888888888889,7.148650386457953,2872,18,Severely underserved (>3x state avg)
94507,Alamo,2332,833,2,2,16,18,0,673.0,52121.0,77.44576523031203,Isolated - underserved by both measures,129.55555555555554,3.893193064273691,1499,18,Severely underserved (>3x state avg)
94508,Angwin,147,51,1,2,0,2,2,176.0,809.0,4.596590909090909,"Fewer than 1,000 EVs",73.5,2.2087025832050147,96,0,"Fewer than 1,000 EVs"
94509,Antioch,1658,376,13,18,21,39,6,267.0,18231.0,68.28089887640449,Locally fine - crowded region,42.51282051282051,1.2775262106938474,1282,33,Below average
94510,Benicia,1861,715,6,8,16,24,3,474.0,18510.0,39.050632911392405,Locally sparse - chargers nearby,77.54166666666667,2.330156183301889,1146,21,Below average
94511,,116,14,0,0,0,0,0,163.0,13155.0,80.70552147239263,"Fewer than 1,000 EVs",,,102,0,"Fewer than 1,000 EVs"
94512,,1,0,0,0,0,0,0,72.0,6576.0,91.33333333333331,"Fewer than 1,000 EVs",,,1,0,"Fewer than 1,000 EVs"
94513,Brentwood,4806,1185,29,62,32,94,6,189.0,12585.0,66.58730158730158,Locally fine - crowded region,51.12765957446808,1.536405357487813,3621,88,Below average
94514,Byron,18,5,1,2,0,2,0,150.0,12819.0,85.46,"Fewer than 1,000 EVs",9.0,0.2704533775353079,13,2,"Fewer than 1,000 EVs"
94515,Calistoga,363,107,21,44,0,44,38,63.0,462.0,7.333333333333333,"Fewer than 1,000 EVs",8.25,0.24791559607403224,256,6,"Fewer than 1,000 EVs"
94516,,22,6,0,0,0,0,0,1575.0,74611.0,47.37206349206349,"Fewer than 1,000 EVs",,,16,0,"Fewer than 1,000 EVs"
94517,,856,280,0,0,0,0,0,600.0,37326.0,62.21,"Fewer than 1,000 EVs",,,576,0,"Fewer than 1,000 EVs"
94518,,1437,383,0,0,0,0,0,565.0,36433.0,64.48318584070796,Locally sparse - chargers nearby,,,1054,0,"1,000+ EVs, zero ports"
94519,Concord,860,243,2,2,4,6,2,565.0,32224.0,57.03362831858407,"Fewer than 1,000 EVs",143.33333333333334,4.307220457043793,617,4,"Fewer than 1,000 EVs"
94520,Concord,1135,309,21,30,67,97,32,554.0,31374.0,56.631768953068594,Well served,11.70103092783505,0.3516203705642319,826,65,At or above average
94521,Concord,2309,592,6,7,17,24,6,548.0,33253.0,60.68065693430657,Locally sparse - chargers nearby,96.20833333333333,2.8910965218936386,1717,18,Below average
94522,,10,3,0,0,0,0,0,,,,No location data,,,7,0,"Fewer than 1,000 EVs"
94523,Pleasant Hill,2577,718,22,38,15,53,20,539.0,35491.0,65.84601113172542,Well served,48.62264150943396,1.4611286245460973,1859,33,Below average
94524,,11,0,0,0,0,0,0,,,,No location data,,,11,0,"Fewer than 1,000 EVs"
94525,,129,60,0,0,0,0,0,364.0,19936.0,54.76923076923077,"Fewer than 1,000 EVs",,,69,0,"Fewer than 1,000 EVs"
94526,Danville,3882,1250,6,11,1,12,2,960.0,66486.0,69.25625,Isolated - underserved by both measures,323.5,9.721296403630234,2632,10,Severely underserved (>3x state avg)
94528,,167,74,0,0,0,0,0,769.0,59360.0,77.19115734720417,"Fewer than 1,000 EVs",,,93,0,"Fewer than 1,000 EVs"
94529,,0,1,0,0,0,0,0,,,,No location data,,,-1,0,"Fewer than 1,000 EVs"
94530,El Cerrito,2388,887,7,10,26,36,16,1210.0,56184.0,46.43305785123967,Well served,66.33333333333333,1.9933415603528246,1501,20,Below average
94531,Antioch,2784,536,2,0,20,20,10,241.0,15921.0,66.06224066390041,Locally sparse - chargers nearby,139.2,4.183012239212762,2248,10,Severely underserved (>3x state avg)
94533,Fairfield,2753,537,19,38,67,105,31,434.0,10966.0,25.267281105990783,Well served,26.21904761904762,0.7878922204811668,2216,74,At or above average
94534,Fairfield,3169,900,34,57,58,115,19,572.0,14098.0,24.646853146853147,Well served,27.556521739130435,0.8280838197192181,2269,96,At or above average
94535,,96,15,0,0,0,0,0,378.0,6229.0,16.478835978835978,"Fewer than 1,000 EVs",,,81,0,"Fewer than 1,000 EVs"
94536,Fremont,7055,2497,4,4,15,19,3,1281.0,67825.0,52.94691647150663,Locally sparse - chargers nearby,371.3157894736842,11.158178821705247,4558,16,Severely underserved (>3x state avg)
94537,,16,7,0,0,0,0,0,,,,No location data,,,9,0,"Fewer than 1,000 EVs"
94538,Fremont,13172,2610,72,114,86,200,99,2557.0,86961.0,34.00899491591709,Well served,65.86,1.9791177160528197,10562,101,Below average
94539,Fremont,9847,4140,34,87,11,98,12,1846.0,71089.0,38.50975081256772,Locally sparse - chargers nearby,100.4795918367347,3.0194494428460055,5707,86,Severely underserved (>3x state avg)
94540,,30,9,0,0,0,0,0,,,,No location data,,,21,0,"Fewer than 1,000 EVs"
94541,Hayward,2810,820,7,23,42,65,16,1158.0,51090.0,44.119170984455955,Well served,43.23076923076923,1.2991008391012226,1990,49,Below average
94542,Hayward,1586,545,25,50,0,50,12,1531.0,75264.0,49.16002612671456,Well served,31.72,0.9531979039355518,1041,38,At or above average
94543,,5,3,0,0,0,0,0,,,,No location data,,,2,0,"Fewer than 1,000 EVs"
94544,Hayward,4364,803,50,97,33,130,16,1168.0,45594.0,39.03595890410959,Well served,33.56923076923077,1.0087679825334048,3561,114,Below average
94545,Hayward,2052,614,38,68,12,80,11,987.0,56465.0,57.20871327254306,Well served,25.65,0.7707921259756274,1438,69,At or above average
94546,Castro Valley,3129,889,8,10,3,13,3,1150.0,69937.0,60.81478260869565,Locally sparse - chargers nearby,240.69230769230768,7.232894173572465,2240,10,Severely underserved (>3x state avg)
94547,Hercules,2168,651,12,21,14,35,0,529.0,37332.0,70.57088846880907,Locally fine - crowded region,61.94285714285714,1.8614061031636429,1517,35,Below average
94548,,14,8,0,0,0,0,0,186.0,14127.0,75.95161290322581,"Fewer than 1,000 EVs",,,6,0,"Fewer than 1,000 EVs"
94549,Lafayette,4098,1512,4,9,0,9,5,774.0,67510.0,87.22222222222223,Isolated - underserved by both measures,455.3333333333333,13.682937544934466,2586,4,Severely underserved (>3x state avg)
94550,Livermore,3967,1228,22,34,19,53,2,53.0,3967.0,74.84905660377359,Isolated - underserved by both measures,74.84905660377359,2.249242240424668,2739,51,Below average
94551,Livermore,2687,739,40,74,136,210,52,804.0,39946.0,49.68407960199005,Well served,12.795238095238096,0.3845017065806203,1948,158,At or above average
94552,,1989,698,0,0,0,0,0,1438.0,79674.0,55.40611961057024,Locally sparse - chargers nearby,,,1291,0,"1,000+ EVs, zero ports"
94553,Martinez,2817,835,36,43,22,65,10,748.0,43570.0,58.24866310160428,Well served,43.33846153846154,1.3023370333623288,1982,55,Below average
94555,Fremont,4503,1903,13,23,0,23,0,2513.0,88098.0,35.05690409868683,Locally sparse - chargers nearby,195.7826086956522,5.883340864934742,2600,23,Severely underserved (>3x state avg)
94556,Moraga,2019,662,8,15,0,15,2,1571.0,71334.0,45.40674729471674,Locally sparse - chargers nearby,134.6,4.044780512916938,1357,13,Severely underserved (>3x state avg)
94557,,1,1,0,0,0,0,0,,,,No location data,,,0,0,"Fewer than 1,000 EVs"
94558,Napa,3526,1064,72,197,65,262,91,262.0,4347.0,16.591603053435115,Well served,13.458015267175572,0.40441840932548584,2462,171,At or above average
94559,Napa,1444,456,60,138,0,138,45,508.0,9020.0,17.755905511811022,Well served,10.46376811594203,0.3144401587447541,988,93,At or above average
94560,Newark,5344,1525,30,57,77,134,29,4088.0,110632.0,27.062622309197653,Well served,39.88059701492537,1.1984269067567872,3819,105,Below average
94561,Oakley,2185,438,16,26,18,44,0,219.0,13123.0,59.922374429223744,Well served,49.65909090909091,1.492274317966282,1747,44,Below average
94562,Oakville,21,6,5,12,0,12,12,284.0,4720.0,16.619718309859156,"Fewer than 1,000 EVs",1.75,0.05258815674297654,15,0,"Fewer than 1,000 EVs"
94563,,3578,1463,0,0,0,0,0,1656.0,71441.0,43.140700483091784,Locally sparse - chargers nearby,,,2115,0,"1,000+ EVs, zero ports"
94564,Pinole,1074,334,3,2,22,24,0,583.0,32042.0,54.96054888507719,Well served,44.75,1.3447542938561143,740,24,Below average
94565,Pittsburg,3502,749,20,38,8,46,10,369.0,20026.0,54.2710027100271,Locally sparse - chargers nearby,76.1304347826087,2.2877481355764453,2753,36,Below average
94566,Pleasanton,5751,2136,30,55,35,90,22,1100.0,51913.0,47.193636363636365,Well served,63.9,1.920218980500686,3615,68,Below average
94567,,29,6,0,0,0,0,0,52.0,768.0,14.76923076923077,"Fewer than 1,000 EVs",,,23,0,"Fewer than 1,000 EVs"
94568,Dublin,10666,3435,79,213,84,297,54,1162.0,47891.0,41.214285714285715,Well served,35.91245791245791,1.0791828375576482,7231,243,Below average
94569,,6,2,0,0,0,0,0,460.0,20404.0,44.35652173913043,"Fewer than 1,000 EVs",,,4,0,"Fewer than 1,000 EVs"
94570,,8,1,0,0,0,0,0,,,,No location data,,,7,0,"Fewer than 1,000 EVs"
94571,Rio Vista,494,144,2,4,1,5,2,5.0,527.0,105.4,"Fewer than 1,000 EVs",98.8,2.968977077832047,350,3,"Fewer than 1,000 EVs"
94572,,379,104,0,0,0,0,0,436.0,30607.0,70.19954128440367,"Fewer than 1,000 EVs",,,275,0,"Fewer than 1,000 EVs"
94573,Rutherford,41,26,5,13,0,13,2,220.0,6638.0,30.172727272727272,"Fewer than 1,000 EVs",3.1538461538461537,0.09477426050382584,15,11,"Fewer than 1,000 EVs"
94574,St. Helena,584,229,35,72,0,72,64,182.0,4531.0,24.89560439560439,"Fewer than 1,000 EVs",8.11111111111111,0.24374193284046267,355,8,"Fewer than 1,000 EVs"
94575,,2,0,0,0,0,0,0,1615.0,73837.0,45.71950464396285,"Fewer than 1,000 EVs",,,2,0,"Fewer than 1,000 EVs"
94576,Deer Park,8,2,1,2,0,2,2,186.0,3084.0,16.580645161290324,"Fewer than 1,000 EVs",4.0,0.12020150112680351,6,0,"Fewer than 1,000 EVs"
94577,San Leandro,2464,779,8,25,23,48,18,1408.0,53916.0,38.29261363636363,Well served,51.333333333333336,1.5425859311273118,1685,30,Below average
94578,San Leandro,1519,411,7,11,4,15,7,879.0,58527.0,66.58361774744027,Isolated - underserved by both measures,101.26666666666667,3.043101336860242,1108,8,Severely underserved (>3x state avg)
94579,San Leandro,1314,378,7,18,0,18,8,798.0,46661.0,58.47243107769424,Locally sparse - chargers nearby,73.0,2.193677395564164,936,10,Below average
94580,San Lorenzo,1317,324,4,6,0,6,0,745.0,44077.0,59.163758389261744,Locally sparse - chargers nearby,219.5,6.596057374333342,993,6,Severely underserved (>3x state avg)
94581,,13,8,0,0,0,0,0,,,,No location data,,,5,0,"Fewer than 1,000 EVs"
94582,San Ramon,8254,3084,8,16,2,18,2,1041.0,57115.0,54.8655139289145,Locally sparse - chargers nearby,458.55555555555554,13.77976653195328,5170,16,Severely underserved (>3x state avg)
94583,San Ramon,4643,1358,23,100,95,195,80,1238.0,61788.0,49.90953150242326,Well served,23.81025641025641,0.7155071406817292,3285,115,At or above average
94585,Suisun City,921,229,7,19,28,47,3,211.0,3771.0,17.872037914691944,"Fewer than 1,000 EVs",19.595744680851062,0.5888594815839682,692,44,"Fewer than 1,000 EVs"
94586,,94,34,0,0,0,0,0,1228.0,45065.0,36.69788273615635,"Fewer than 1,000 EVs",,,60,0,"Fewer than 1,000 EVs"
94587,Union City,5566,1732,30,46,25,71,8,1451.0,55720.0,38.40110268780152,Locally sparse - chargers nearby,78.3943661971831,2.355780124196438,3834,63,Below average
94588,Pleasanton,3984,1403,55,129,76,205,46,1091.0,47891.0,43.896425297891845,Well served,19.434146341463414,0.5840033908404697,2581,159,At or above average
94589,Vallejo,758,195,3,6,0,6,0,457.0,15142.0,33.13347921225383,"Fewer than 1,000 EVs",126.33333333333333,3.7963640772548772,563,6,"Fewer than 1,000 EVs"
94590,Vallejo,1008,323,24,34,36,70,2,342.0,18134.0,53.0233918128655,Well served,14.4,0.4327254040564926,685,68,At or above average
94591,Vallejo,2671,808,8,8,42,50,18,428.0,13698.0,32.004672897196265,Well served,53.42,1.605291047548461,1863,32,Below average
94592,Vallejo,107,36,1,2,0,2,2,362.0,15081.0,41.66022099447514,"Fewer than 1,000 EVs",53.5,1.6076950775709968,71,0,"Fewer than 1,000 EVs"
94595,Walnut Creek,1546,519,2,0,10,10,0,701.0,63098.0,90.01141226818831,Isolated - underserved by both measures,154.6,4.645788018550955,1027,10,Severely underserved (>3x state avg)
94596,Walnut Creek,2096,641,30,57,33,90,38,683.0,47133.0,69.00878477306003,Locally fine - crowded region,23.288888888888888,0.6998398510049448,1455,52,At or above average
94597,Walnut Creek,1891,584,17,34,18,52,17,529.0,44212.0,83.5765595463138,Locally fine - crowded region,36.36538461538461,1.0927934549556992,1307,35,Below average
94598,Walnut Creek,2907,886,24,41,24,65,6,671.0,50795.0,75.70044709388972,Locally fine - crowded region,44.723076923076924,1.3439452452908378,2021,59,Below average
94599,Yountville,175,51,9,20,0,20,14,403.0,4712.0,11.692307692307692,"Fewer than 1,000 EVs",8.75,0.26294078371488266,124,6,"Fewer than 1,000 EVs"
94601,,1105,306,0,0,0,0,0,1841.0,65050.0,35.334057577403584,Locally sparse - chargers nearby,,,799,0,"1,000+ EVs, zero ports"
94602,Oakland,2334,965,2,2,8,10,2,1409.0,65836.0,46.725337118523775,Locally sparse - chargers nearby,233.4,7.013757590748985,1369,8,Severely underserved (>3x state avg)
94603,Oakland,582,142,2,3,8,11,3,1508.0,60013.0,39.79641909814324,"Fewer than 1,000 EVs",52.90909090909091,1.58993803763181,440,8,"Fewer than 1,000 EVs"
94604,,16,8,0,0,0,0,0,,,,No location data,,,8,0,"Fewer than 1,000 EVs"
94605,Oakland,2298,785,3,3,0,3,0,1610.0,72584.0,45.083229813664595,Locally sparse - chargers nearby,766.0,23.018587465782872,1513,3,Severely underserved (>3x state avg)
94606,Oakland,1246,396,5,8,3,11,5,2257.0,77008.0,34.11962782454586,Locally sparse - chargers nearby,113.27272727272727,3.4038879637272084,850,6,Severely underserved (>3x state avg)
94607,Oakland,1293,427,158,372,28,400,41,2456.0,93348.0,38.00814332247557,Well served,3.2325,0.09713783809809809,866,359,At or above average
94608,Emeryville,1962,685,23,39,39,78,46,2424.0,81623.0,33.67285478547855,Well served,25.153846153846153,0.7558825167012452,1277,32,At or above average
94609,Oakland,1156,411,17,29,2,31,0,2323.0,76601.0,32.97503228583728,Well served,37.29032258064516,1.1205881879240713,745,31,Below average
94610,,2461,1046,0,0,0,0,0,2201.0,77276.0,35.109495683780096,Locally sparse - chargers nearby,,,1415,0,"1,000+ EVs, zero ports"
94611,Piedmont,5202,2254,5,9,0,9,4,1503.0,69557.0,46.278775781769795,Locally sparse - chargers nearby,578.0,17.369116912823106,2948,5,Severely underserved (>3x state avg)
94612,Oakland,952,315,59,186,37,223,11,2401.0,79378.0,33.06039150354019,"Fewer than 1,000 EVs",4.2690582959641254,0.12828680389318042,637,212,"Fewer than 1,000 EVs"
94613,,1,1,0,0,0,0,0,1463.0,66149.0,45.21462747778537,"Fewer than 1,000 EVs",,,0,0,"Fewer than 1,000 EVs"
94614,,4,0,0,0,0,0,0,,,,No location data,,,4,0,"Fewer than 1,000 EVs"
94616,,1,0,0,0,0,0,0,,,,No location data,,,1,0,"Fewer than 1,000 EVs"
94618,,2197,940,0,0,0,0,0,1949.0,66791.0,34.26936890713186,Locally sparse - chargers nearby,,,1257,0,"1,000+ EVs, zero ports"
94619,Oakland,1677,685,1,4,0,4,0,1575.0,80993.0,51.424126984126985,Locally sparse - chargers nearby,419.25,12.598619836853093,992,4,Severely underserved (>3x state avg)
94620,,2,2,0,0,0,0,0,,,,No location data,,,0,0,"Fewer than 1,000 EVs"
94621,Oakland,594,191,15,73,17,90,23,1573.0,58274.0,37.04640813731723,"Fewer than 1,000 EVs",6.6,0.19833247685922578,403,67,"Fewer than 1,000 EVs"
94623,,8,4,0,0,0,0,0,,,,No location data,,,4,0,"Fewer than 1,000 EVs"
94624,,0,1,0,0,0,0,0,,,,No location data,,,-1,0,"Fewer than 1,000 EVs"
94634,,0,1,0,0,0,0,0,,,,No location data,,,-1,0,"Fewer than 1,000 EVs"
94641,,0,1,0,0,0,0,0,,,,No location data,,,-1,0,"Fewer than 1,000 EVs"
94650,,0,1,0,0,0,0,0,,,,No location data,,,-1,0,"Fewer than 1,000 EVs"
94656,,1,1,0,0,0,0,0,,,,No location data,,,0,0,"Fewer than 1,000 EVs"
94661,,9,8,0,0,0,0,0,,,,No location data,,,1,0,"Fewer than 1,000 EVs"
94662,,15,9,0,0,0,0,0,,,,No location data,,,6,0,"Fewer than 1,000 EVs"
94701,,3,1,0,0,0,0,0,,,,No location data,,,2,0,"Fewer than 1,000 EVs"
94702,Berkeley,1313,457,3,6,0,6,2,2282.0,77418.0,33.92550394390885,Locally sparse - chargers nearby,218.83333333333334,6.576023790812209,856,4,Severely underserved (>3x state avg)
94703,,1178,446,0,0,0,0,0,2247.0,77563.0,34.51846906987094,Locally sparse - chargers nearby,,,732,0,"1,000+ EVs, zero ports"
94704,Berkeley,485,186,42,71,0,71,11,2002.0,71727.0,35.827672327672325,"Fewer than 1,000 EVs",6.830985915492958,0.20527369030457643,299,60,"Fewer than 1,000 EVs"
94705,Berkeley,1658,737,8,11,4,15,1,1546.0,71706.0,46.38163001293661,Locally sparse - chargers nearby,110.53333333333333,3.321568147804004,921,14,Severely underserved (>3x state avg)
94706,Albany,1584,608,2,11,0,11,0,1973.0,71005.0,35.98834262544349,Locally sparse - chargers nearby,144.0,4.3272540405649265,976,11,Severely underserved (>3x state avg)
94707,Berkeley,1913,863,1,0,2,2,0,1480.0,63937.0,43.20067567567568,Locally sparse - chargers nearby,956.5,28.74318395694689,1050,2,Severely underserved (>3x state avg)
94708,,1819,806,0,0,0,0,0,1300.0,63232.0,48.64,Locally sparse - chargers nearby,,,1013,0,"1,000+ EVs, zero ports"
94709,Berkeley,489,202,1,2,0,2,0,1719.0,67520.0,39.27865037812682,"Fewer than 1,000 EVs",244.5,7.347316756375864,287,2,"Fewer than 1,000 EVs"
94710,Berkeley,599,224,15,35,30,65,24,2333.0,72745.0,31.180882983283325,"Fewer than 1,000 EVs",9.215384615384615,0.2769257660575204,375,41,"Fewer than 1,000 EVs"
94712,,10,1,0,0,0,0,0,,,,No location data,,,9,0,"Fewer than 1,000 EVs"
94720,Berkeley,2,1,2,27,0,27,0,1622.0,71644.0,44.17016029593095,"Fewer than 1,000 EVs",0.07407407407407407,0.002225953724570435,1,27,"Fewer than 1,000 EVs"
94747,,0,2,0,0,0,0,0,,,,No location data,,,-2,0,"Fewer than 1,000 EVs"
94762,,0,1,0,0,0,0,0,,,,No location data,,,-1,0,"Fewer than 1,000 EVs"
94801,Richmond,853,282,2,4,0,4,0,895.0,36461.0,40.73854748603352,"Fewer than 1,000 EVs",213.25,6.408242528822712,571,4,"Fewer than 1,000 EVs"
94802,,4,0,0,0,0,0,0,,,,No location data,,,4,0,"Fewer than 1,000 EVs"
94803,,1680,540,0,0,0,0,0,670.0,46550.0,69.4776119402985,Isolated - underserved by both measures,,,1140,0,"1,000+ EVs, zero ports"
94804,Richmond,1925,587,16,34,29,63,33,1781.0,56959.0,31.981471083660864,Well served,30.555555555555557,0.9182059113853046,1338,30,At or above average
94805,Richmond,856,306,1,0,4,4,0,801.0,46039.0,57.476903870162296,"Fewer than 1,000 EVs",214.0,6.430780310283987,550,4,"Fewer than 1,000 EVs"
94806,San Pablo,2034,585,19,29,7,36,4,580.0,34005.0,58.62931034482759,Well served,56.5,1.6978462034160995,1449,32,Below average
94807,,9,3,0,0,0,0,0,,,,No location data,,,6,0,"Fewer than 1,000 EVs"
94808,,2,0,0,0,0,0,0,,,,No location data,,,2,0,"Fewer than 1,000 EVs"
94820,,10,6,0,0,0,0,0,,,,No location data,,,4,0,"Fewer than 1,000 EVs"
94901,San Rafael,3294,1195,26,51,8,59,10,665.0,27991.0,42.09172932330827,Well served,55.83050847457627,1.677727731829198,2099,49,Below average
94903,San Rafael,2824,1005,42,129,2,131,12,532.0,23081.0,43.38533834586466,Well served,21.557251908396946,0.6478035098894906,1819,119,At or above average
94904,Larkspur,1791,648,4,26,14,40,16,539.0,24173.0,44.84786641929499,Well served,44.775,1.3455055532381568,1143,24,Below average
94912,,18,8,0,0,0,0,0,,,,No location data,,,10,0,"Fewer than 1,000 EVs"
94913,,18,12,0,0,0,0,0,,,,No location data,,,6,0,"Fewer than 1,000 EVs"
94914,,8,1,0,0,0,0,0,,,,No location data,,,7,0,"Fewer than 1,000 EVs"
94915,,10,10,0,0,0,0,0,,,,No location data,,,0,0,"Fewer than 1,000 EVs"
94920,Belvedere Tiburon,2231,817,13,27,0,27,13,1871.0,69018.0,36.88829502939605,Locally sparse - chargers nearby,82.62962962962963,2.483051379758321,1414,14,Below average
94922,,27,6,0,0,0,0,0,55.0,3314.0,60.25454545454546,"Fewer than 1,000 EVs",,,21,0,"Fewer than 1,000 EVs"
94923,Bodega Bay,129,49,1,0,8,8,0,16.0,2878.0,179.875,"Fewer than 1,000 EVs",16.125,0.4845623014174266,80,8,"Fewer than 1,000 EVs"
94924,,84,38,0,0,0,0,0,100.0,10229.0,102.29,"Fewer than 1,000 EVs",,,46,0,"Fewer than 1,000 EVs"
94925,Corte Madera,1281,406,6,14,16,30,10,675.0,28055.0,41.56296296296296,Well served,42.7,1.2831510245286275,875,20,Below average
94927,,14,4,0,0,0,0,0,,,,No location data,,,10,0,"Fewer than 1,000 EVs"
94928,Rohnert Park,1753,507,51,82,32,114,18,522.0,15400.0,29.50191570881226,Well served,15.37719298245614,0.4620904199019442,1246,96,At or above average
94929,Dillon Beach,19,10,1,1,0,1,0,11.0,234.0,21.272727272727273,"Fewer than 1,000 EVs",19.0,0.5709571303523167,9,1,"Fewer than 1,000 EVs"
94930,Fairfax,815,298,3,6,0,6,4,572.0,25175.0,44.01223776223776,"Fewer than 1,000 EVs",135.83333333333334,4.081842642431036,517,2,"Fewer than 1,000 EVs"
94931,Cotati,457,215,4,4,12,16,3,505.0,13146.0,26.03168316831683,"Fewer than 1,000 EVs",28.5625,0.8583138439835813,242,13,"Fewer than 1,000 EVs"
94933,,57,23,0,0,0,0,0,367.0,16313.0,44.44959128065395,"Fewer than 1,000 EVs",,,34,0,"Fewer than 1,000 EVs"
94937,Inverness,132,59,1,4,0,4,4,20.0,256.0,12.8,"Fewer than 1,000 EVs",33.0,0.991662384296129,73,0,"Fewer than 1,000 EVs"
94938,,52,22,0,0,0,0,0,95.0,7940.0,83.57894736842105,"Fewer than 1,000 EVs",,,30,0,"Fewer than 1,000 EVs"
94939,Larkspur,942,340,32,55,14,69,4,527.0,24032.0,45.601518026565465,"Fewer than 1,000 EVs",13.652173913043478,0.4102529494980033,602,65,"Fewer than 1,000 EVs"
94940,,18,11,0,0,0,0,0,23.0,2888.0,125.56521739130434,"Fewer than 1,000 EVs",,,7,0,"Fewer than 1,000 EVs"
94941,Mill Valley,4580,1598,11,15,18,33,9,485.0,21756.0,44.85773195876288,Locally sparse - chargers nearby,138.78787878787878,4.1706278421269705,2982,24,Severely underserved (>3x state avg)
94942,,23,8,0,0,0,0,0,,,,No location data,,,15,0,"Fewer than 1,000 EVs"
94944,,0,1,0,0,0,0,0,,,,No location data,,,-1,0,"Fewer than 1,000 EVs"
94945,Novato,1436,489,24,22,36,58,30,342.0,11745.0,34.3421052631579,Well served,24.75862068965517,0.7440058431814217,947,28,At or above average
94946,,96,46,0,0,0,0,0,298.0,10892.0,36.5503355704698,"Fewer than 1,000 EVs",,,50,0,"Fewer than 1,000 EVs"
94947,Novato,1696,561,9,11,16,27,14,358.0,10702.0,29.893854748603353,Well served,62.81481481481482,1.8876087584357293,1135,13,Below average
94948,,15,8,0,0,0,0,0,,,,No location data,,,7,0,"Fewer than 1,000 EVs"
94949,Novato,1564,548,10,23,0,23,10,484.0,18401.0,38.018595041322314,Locally sparse - chargers nearby,68.0,2.04342551915566,1016,13,Below average
94950,Olema,11,4,2,1,6,7,0,24.0,3194.0,133.08333333333334,"Fewer than 1,000 EVs",1.5714285714285714,0.04722201829981566,7,7,"Fewer than 1,000 EVs"
94951,,293,122,0,0,0,0,0,443.0,14289.0,32.25507900677201,"Fewer than 1,000 EVs",,,171,0,"Fewer than 1,000 EVs"
94952,Petaluma,2585,945,19,31,30,61,33,320.0,5134.0,16.04375,Well served,42.377049180327866,1.2734462311999468,1640,28,Below average
94953,,22,9,0,0,0,0,0,,,,No location data,,,13,0,"Fewer than 1,000 EVs"
94954,Petaluma,2049,704,18,96,8,104,13,293.0,8333.0,28.440273037542664,Well served,19.701923076923077,0.5920501822327413,1345,91,At or above average
94955,,6,8,0,0,0,0,0,,,,No location data,,,-2,0,"Fewer than 1,000 EVs"
94956,Point Reyes Station,106,46,3,9,0,9,0,20.0,785.0,39.25,"Fewer than 1,000 EVs",11.777777777777779,0.3539266422066992,60,9,"Fewer than 1,000 EVs"
94957,Ross,438,159,2,3,0,3,0,582.0,24173.0,41.534364261168385,"Fewer than 1,000 EVs",146.0,4.387354791128328,279,3,"Fewer than 1,000 EVs"
94959,,1,0,0,0,0,0,0,,,,No location data,,,1,0,"Fewer than 1,000 EVs"
94960,San Anselmo,1922,674,17,29,8,37,2,564.0,25396.0,45.02836879432624,Well served,51.945945945945944,1.560995170038624,1248,35,Below average
94963,,71,26,0,0,0,0,0,492.0,20549.0,41.766260162601625,"Fewer than 1,000 EVs",,,45,0,"Fewer than 1,000 EVs"
94964,,16,5,0,0,0,0,0,614.0,28776.0,46.86644951140065,"Fewer than 1,000 EVs",,,11,0,"Fewer than 1,000 EVs"
94965,Sausalito,1204,473,9,15,18,33,19,1563.0,59508.0,38.07293666026872,Well served,36.484848484848484,1.0963833890656927,731,14,Below average
94966,,18,9,0,0,0,0,0,,,,No location data,,,9,0,"Fewer than 1,000 EVs"
94970,Stinson Beach,48,18,3,12,0,12,4,427.0,19588.0,45.87353629976581,"Fewer than 1,000 EVs",4.0,0.12020150112680351,30,8,"Fewer than 1,000 EVs"
94971,,28,13,0,0,0,0,0,7.0,2690.0,384.2857142857143,"Fewer than 1,000 EVs",,,15,0,"Fewer than 1,000 EVs"
94972,,13,4,0,0,0,0,0,49.0,2911.0,59.40816326530612,"Fewer than 1,000 EVs",,,9,0,"Fewer than 1,000 EVs"
94973,,158,62,0,0,0,0,0,516.0,23282.0,45.12015503875969,"Fewer than 1,000 EVs",,,96,0,"Fewer than 1,000 EVs"
94975,,15,9,0,0,0,0,0,,,,No location data,,,6,0,"Fewer than 1,000 EVs"
94976,,9,5,0,0,0,0,0,,,,No location data,,,4,0,"Fewer than 1,000 EVs"
94977,,8,0,0,0,0,0,0,,,,No location data,,,8,0,"Fewer than 1,000 EVs"
94978,,8,6,0,0,0,0,0,,,,No location data,,,2,0,"Fewer than 1,000 EVs"
94979,,7,3,0,0,0,0,0,,,,No location data,,,4,0,"Fewer than 1,000 EVs"
95001,,62,31,0,0,0,0,0,,,,No location data,,,31,0,"Fewer than 1,000 EVs"
95002,San Jose,128,55,7,13,0,13,0,5619.0,145572.0,25.90710090763481,"Fewer than 1,000 EVs",9.846153846153847,0.2958806181582856,73,13,"Fewer than 1,000 EVs"
95003,Aptos,1849,742,4,10,4,14,6,256.0,8928.0,34.875,Locally sparse - chargers nearby,132.07142857142858,3.9687959925617804,1107,8,Severely underserved (>3x state avg)
95004,,186,76,0,0,0,0,0,85.0,3396.0,39.95294117647059,"Fewer than 1,000 EVs",,,110,0,"Fewer than 1,000 EVs"
95005,,321,136,0,0,0,0,0,158.0,8304.0,52.55696202531646,"Fewer than 1,000 EVs",,,185,0,"Fewer than 1,000 EVs"
95006,,471,218,0,0,0,0,0,82.0,12017.0,146.5487804878049,"Fewer than 1,000 EVs",,,253,0,"Fewer than 1,000 EVs"
95007,,23,9,0,0,0,0,0,65.0,7589.0,116.75384615384615,"Fewer than 1,000 EVs",,,14,0,"Fewer than 1,000 EVs"
95008,Campbell,4789,1828,58,148,14,162,68,4573.0,137435.0,30.053575333479117,Well served,29.561728395061728,0.8883410322473179,2961,94,At or above average
95009,,9,4,0,0,0,0,0,,,,No location data,,,5,0,"Fewer than 1,000 EVs"
95010,Capitola,481,163,6,16,29,45,2,234.0,10487.0,44.81623931623932,"Fewer than 1,000 EVs",10.688888888888888,0.3212051224555138,318,43,"Fewer than 1,000 EVs"
95011,,17,12,0,0,0,0,0,,,,No location data,,,5,0,"Fewer than 1,000 EVs"
95012,,167,36,0,0,0,0,0,269.0,3448.0,12.817843866171003,"Fewer than 1,000 EVs",,,131,0,"Fewer than 1,000 EVs"
95013,,4,2,0,0,0,0,0,657.0,44284.0,67.40334855403349,"Fewer than 1,000 EVs",,,2,0,"Fewer than 1,000 EVs"
95014,Cupertino,9512,3697,129,283,52,335,115,4112.0,108993.0,26.506079766536963,Well served,28.394029850746268,0.8532512527747425,5815,220,At or above average
95015,,38,25,0,0,0,0,0,,,,No location data,,,13,0,"Fewer than 1,000 EVs"
95017,,35,16,0,0,0,0,0,5.0,4254.0,850.8,"Fewer than 1,000 EVs",,,19,0,"Fewer than 1,000 EVs"
95018,Felton,445,207,3,4,0,4,1,218.0,10670.0,48.944954128440365,"Fewer than 1,000 EVs",111.25,3.3431042500892225,238,3,"Fewer than 1,000 EVs"
95019,,92,14,0,0,0,0,0,82.0,4599.0,56.08536585365854,"Fewer than 1,000 EVs",,,78,0,"Fewer than 1,000 EVs"
95020,Gilroy,4203,1393,29,35,88,123,40,178.0,4568.0,25.662921348314608,Well served,34.170731707317074,1.0268433114551934,2810,83,Below average
95021,,14,4,0,0,0,0,0,,,,No location data,,,10,0,"Fewer than 1,000 EVs"
95023,Hollister,2373,604,17,18,57,75,23,75.0,2373.0,31.64,Well served,31.64,0.9507938739130157,1769,52,At or above average
95024,,10,6,0,0,0,0,0,,,,No location data,,,4,0,"Fewer than 1,000 EVs"
95030,Los Gatos,2542,1192,17,42,3,45,36,2351.0,95976.0,40.82347937048065,Well served,56.48888888888889,1.697512310357414,1350,9,Below average
95031,,39,29,0,0,0,0,0,,,,No location data,,,10,0,"Fewer than 1,000 EVs"
95032,Los Gatos,4512,1930,10,16,32,48,27,2354.0,81194.0,34.491928632115545,Locally sparse - chargers nearby,94.0,2.8247352764798825,2582,21,Below average
95033,Los Gatos,1274,579,1,4,0,4,4,749.0,40490.0,54.05874499332443,Locally sparse - chargers nearby,318.5,9.57104452722173,695,0,Severely underserved (>3x state avg)
95035,Milpitas,9146,2837,78,163,134,297,53,3425.0,95280.0,27.81897810218978,Well served,30.794612794612796,0.9253896711327819,6309,244,At or above average
95036,,15,10,0,0,0,0,0,,,,No location data,,,5,0,"Fewer than 1,000 EVs"
95037,Morgan Hill,5393,2217,21,39,22,61,32,158.0,20545.0,130.03164556962025,Isolated - underserved by both measures,88.40983606557377,2.6567487523641447,3176,29,Below average
95038,,24,14,0,0,0,0,0,,,,No location data,,,10,0,"Fewer than 1,000 EVs"
95039,,32,11,0,0,0,0,0,143.0,4454.0,31.146853146853147,"Fewer than 1,000 EVs",,,21,0,"Fewer than 1,000 EVs"
95041,,35,14,0,0,0,0,0,222.0,10635.0,47.9054054054054,"Fewer than 1,000 EVs",,,21,0,"Fewer than 1,000 EVs"
95042,,3,1,0,0,0,0,0,,,,No location data,,,2,0,"Fewer than 1,000 EVs"
95043,Paicines,13,4,2,3,0,3,0,3.0,13.0,4.333333333333333,"Fewer than 1,000 EVs",4.333333333333333,0.13021829288737047,9,3,"Fewer than 1,000 EVs"
95044,,6,4,0,0,0,0,0,,,,No location data,,,2,0,"Fewer than 1,000 EVs"
95045,San Juan Bautista,279,77,1,0,12,12,0,73.0,2191.0,30.013698630136982,"Fewer than 1,000 EVs",23.25,0.6986712252995454,202,12,"Fewer than 1,000 EVs"
95046,San Martin,365,155,4,10,0,10,0,194.0,13261.0,68.35567010309278,"Fewer than 1,000 EVs",36.5,1.096838697782082,210,10,"Fewer than 1,000 EVs"
95050,Santa Clara,3270,965,41,121,14,135,21,5198.0,155503.0,29.91592920353982,Well served,24.22222222222222,0.7278868679345324,2305,114,At or above average
95051,Santa Clara,6916,2016,18,30,14,44,10,5284.0,144568.0,27.359576078728235,Locally sparse - chargers nearby,157.1818181818182,4.72337262382371,4900,34,Severely underserved (>3x state avg)
95052,,11,6,0,0,0,0,0,,,,No location data,,,5,0,"Fewer than 1,000 EVs"
95053,Santa Clara,4,0,5,10,0,10,0,5007.0,159100.0,31.77551428000799,"Fewer than 1,000 EVs",0.4,0.012020150112680351,4,10,"Fewer than 1,000 EVs"
95054,Santa Clara,3480,1166,295,625,24,649,72,5101.0,160158.0,31.39737306410508,Well served,5.362095531587057,0.16113298302052242,2314,577,At or above average
95055,,18,6,0,0,0,0,0,,,,No location data,,,12,0,"Fewer than 1,000 EVs"
95056,,7,5,0,0,0,0,0,,,,No location data,,,2,0,"Fewer than 1,000 EVs"
95060,Santa Cruz,2959,1243,26,65,11,76,25,218.0,8925.0,40.940366972477065,Well served,38.93421052631579,1.169987637612538,1716,51,Below average
95061,,14,10,0,0,0,0,0,,,,No location data,,,4,0,"Fewer than 1,000 EVs"
95062,Santa Cruz,1885,695,4,6,16,22,22,230.0,10395.0,45.19565217391305,Locally sparse - chargers nearby,85.68181818181819,2.574770791182098,1190,0,Below average
95063,,28,13,0,0,0,0,0,,,,No location data,,,15,0,"Fewer than 1,000 EVs"
95064,Santa Cruz,79,27,13,23,0,23,5,224.0,8890.0,39.6875,"Fewer than 1,000 EVs",3.4347826086956523,0.10321650640236389,52,18,"Fewer than 1,000 EVs"
95065,Santa Cruz,602,258,3,14,0,14,10,232.0,12013.0,51.7801724137931,"Fewer than 1,000 EVs",43.0,1.2921661371131377,344,4,"Fewer than 1,000 EVs"
95066,Scotts Valley,1345,537,7,12,16,28,18,224.0,12013.0,53.629464285714285,Well served,48.035714285714285,1.4434912412102743,808,10,Below average
95067,,15,9,0,0,0,0,0,,,,No location data,,,6,0,"Fewer than 1,000 EVs"
95070,Saratoga,6737,3010,16,145,12,157,5,2962.0,101939.0,34.41559756920999,Well served,42.910828025477706,1.2894864858141326,3727,152,Below average
95071,,6,4,0,0,0,0,0,,,,No location data,,,2,0,"Fewer than 1,000 EVs"
95073,Soquel,715,267,1,0,6,6,0,230.0,11990.0,52.130434782608695,"Fewer than 1,000 EVs",119.16666666666667,3.581003054402688,448,6,"Fewer than 1,000 EVs"
95075,,24,10,0,0,0,0,0,2.0,24.0,12.0,"Fewer than 1,000 EVs",,,14,0,"Fewer than 1,000 EVs"
95076,Watsonville,1959,576,23,41,26,67,29,81.0,4118.0,50.839506172839506,Well served,29.238805970149254,0.8786370921918212,1383,38,At or above average
95077,,12,2,0,0,0,0,0,,,,No location data,,,10,0,"Fewer than 1,000 EVs"
95087,,0,1,0,0,0,0,0,,,,No location data,,,-1,0,"Fewer than 1,000 EVs"
95101,,1,0,0,0,0,0,0,,,,No location data,,,1,0,"Fewer than 1,000 EVs"
95103,,2,0,0,0,0,0,0,,,,No location data,,,2,0,"Fewer than 1,000 EVs"
95104,,2,0,0,0,0,0,0,,,,No location data,,,2,0,"Fewer than 1,000 EVs"
95106,,1,0,0,0,0,0,0,,,,No location data,,,1,0,"Fewer than 1,000 EVs"
95108,,1,1,0,0,0,0,0,,,,No location data,,,0,0,"Fewer than 1,000 EVs"
95109,,6,2,0,0,0,0,0,,,,No location data,,,4,0,"Fewer than 1,000 EVs"
95110,San Jose,1215,356,82,183,18,201,76,4871.0,154052.0,31.62636009033053,Well served,6.044776119402985,0.1816477908819232,859,125,At or above average
95111,San Jose,2841,742,2,2,6,8,2,2610.0,101036.0,38.71111111111111,Locally sparse - chargers nearby,355.125,10.671639521914024,2099,6,Severely underserved (>3x state avg)
95112,San Jose,3013,1048,90,239,16,255,35,4699.0,122514.0,26.072355820387315,Well served,11.815686274509805,0.35506580675986177,1965,220,At or above average
95113,San Jose,334,108,64,136,0,136,29,4747.0,125056.0,26.34421740046345,"Fewer than 1,000 EVs",2.4558823529411766,0.07380018635358893,226,107,"Fewer than 1,000 EVs"
95115,,1,0,0,0,0,0,0,,,,No location data,,,1,0,"Fewer than 1,000 EVs"
95116,San Jose,1425,333,2,2,4,6,4,4141.0,114208.0,27.579811639700555,Locally sparse - chargers nearby,237.5,7.1369641294039585,1092,2,Severely underserved (>3x state avg)
95117,San Jose,1977,624,51,145,2,147,50,4889.0,139285.0,28.489466148496625,Well served,13.448979591836734,0.40414688389063014,1353,97,At or above average
95118,San Jose,3026,1123,14,57,77,134,97,3087.0,105450.0,34.159378036929056,Well served,22.582089552238806,0.6786002656897526,1903,37,At or above average
95119,San Jose,1188,364,6,114,36,150,0,1441.0,69400.0,48.160999306037475,Well served,7.92,0.23799897223107094,824,150,At or above average
95120,San Jose,6427,3082,2,1,4,5,0,991.0,59465.0,60.0050454086781,Locally sparse - chargers nearby,1285.4,38.62675238709831,3345,5,Severely underserved (>3x state avg)
95121,San Jose,2838,861,6,3,76,79,20,2481.0,86772.0,34.97460701330109,Well served,35.924050632911396,1.0795312031578113,1977,59,Below average
95122,San Jose,1931,357,5,6,32,38,0,3850.0,108257.0,28.1187012987013,Well served,50.81578947368421,1.5270335439201157,1574,38,Below average
95123,San Jose,5358,2003,10,40,37,77,6,2358.0,82467.0,34.97328244274809,Locally sparse - chargers nearby,69.58441558441558,2.0910378020695233,3355,71,Below average
95124,San Jose,5847,2225,5,72,8,80,68,3655.0,125296.0,34.28071135430917,Locally sparse - chargers nearby,73.0875,2.196306803401313,3622,12,Below average
95125,San Jose,5625,2320,4,3,20,23,0,4529.0,127021.0,28.04614705232943,Locally sparse - chargers nearby,244.56521739130434,7.349276563459454,3305,23,Severely underserved (>3x state avg)
95126,San Jose,2871,1085,41,101,12,113,32,4831.0,148193.0,30.6754295176982,Well served,25.4070796460177,0.7634922781748957,1786,81,At or above average
95127,San Jose,2895,792,2,0,20,20,0,2481.0,76158.0,30.696493349455864,Locally sparse - chargers nearby,144.75,4.349791822026202,2103,20,Severely underserved (>3x state avg)
95128,San Jose,2738,850,60,165,36,201,89,4842.0,155503.0,32.11544816191656,Well served,13.621890547263682,0.40934292299152736,1888,112,At or above average
95129,San Jose,4844,1755,16,51,40,91,44,4955.0,135611.0,27.368516649848637,Well served,53.23076923076923,1.5996045919182313,3089,47,Below average
95130,,1379,531,0,0,0,0,0,4628.0,136867.0,29.573681936041485,Locally sparse - chargers nearby,,,848,0,"1,000+ EVs, zero ports"
95131,San Jose,3212,1064,28,47,19,66,10,4655.0,143551.0,30.838023630504832,Well served,48.666666666666664,1.462451597042776,2148,56,Below average
95132,San Jose,3597,1084,1,1,3,4,4,1887.0,58868.0,31.196608373078963,Locally sparse - chargers nearby,899.25,27.022799972069514,2513,0,Severely underserved (>3x state avg)
95133,San Jose,2440,691,37,55,6,61,7,4220.0,116814.0,27.681042654028435,Well served,40.0,1.202015011268035,1749,54,Below average
95134,San Jose,3564,1109,89,239,24,263,94,4724.0,136315.0,28.85584250635055,Well served,13.551330798479087,0.4072225760607678,2455,169,At or above average
95135,San Jose,3300,1562,9,16,0,16,0,61.0,12287.0,201.4262295081967,Isolated - underserved by both measures,206.25,6.197889901850806,1738,16,Severely underserved (>3x state avg)
95136,San Jose,3933,1419,5,2,34,36,5,2907.0,97439.0,33.5187478500172,Locally sparse - chargers nearby,109.25,3.283003499525821,2514,31,Severely underserved (>3x state avg)
95138,San Jose,3187,1404,13,20,16,36,2,794.0,54267.0,68.34634760705289,Isolated - underserved by both measures,88.52777777777777,2.6602929450772415,1783,34,Below average
95139,San Jose,681,269,1,0,4,4,0,886.0,58393.0,65.90632054176072,"Fewer than 1,000 EVs",170.25,5.116076391709575,412,4,"Fewer than 1,000 EVs"
95140,,38,17,0,0,0,0,0,137.0,20032.0,146.2189781021898,"Fewer than 1,000 EVs",,,21,0,"Fewer than 1,000 EVs"
95141,,12,4,0,0,0,0,0,,,,No location data,,,8,0,"Fewer than 1,000 EVs"
95148,San Jose,4177,1364,2,8,0,8,0,2344.0,76834.0,32.77901023890785,Locally sparse - chargers nearby,522.125,15.69005219395807,2813,8,Severely underserved (>3x state avg)
95150,,13,6,0,0,0,0,0,,,,No location data,,,7,0,"Fewer than 1,000 EVs"
95151,,16,3,0,0,0,0,0,,,,No location data,,,13,0,"Fewer than 1,000 EVs"
95152,,16,10,0,0,0,0,0,,,,No location data,,,6,0,"Fewer than 1,000 EVs"
95153,,23,8,0,0,0,0,0,,,,No location data,,,15,0,"Fewer than 1,000 EVs"
95154,,16,7,0,0,0,0,0,,,,No location data,,,9,0,"Fewer than 1,000 EVs"
95155,,6,8,0,0,0,0,0,,,,No location data,,,-2,0,"Fewer than 1,000 EVs"
95156,,5,2,0,0,0,0,0,,,,No location data,,,3,0,"Fewer than 1,000 EVs"
95157,,12,4,0,0,0,0,0,,,,No location data,,,8,0,"Fewer than 1,000 EVs"
95158,,12,5,0,0,0,0,0,,,,No location data,,,7,0,"Fewer than 1,000 EVs"
95159,,6,3,0,0,0,0,0,,,,No location data,,,3,0,"Fewer than 1,000 EVs"
95160,,17,7,0,0,0,0,0,,,,No location data,,,10,0,"Fewer than 1,000 EVs"
95161,,37,14,0,0,0,0,0,,,,No location data,,,23,0,"Fewer than 1,000 EVs"
95164,,7,4,0,0,0,0,0,,,,No location data,,,3,0,"Fewer than 1,000 EVs"
95170,,5,4,0,0,0,0,0,,,,No location data,,,1,0,"Fewer than 1,000 EVs"
95172,,1,0,0,0,0,0,0,,,,No location data,,,1,0,"Fewer than 1,000 EVs"
95173,,14,3,0,0,0,0,0,,,,No location data,,,11,0,"Fewer than 1,000 EVs"
95201,,4,3,0,0,0,0,0,,,,No location data,,,1,0,"Fewer than 1,000 EVs"
95202,Stockton,162,48,5,28,1,29,2,301.0,8349.0,27.7375415282392,"Fewer than 1,000 EVs",5.586206896551724,0.1678676136426049,114,27,"Fewer than 1,000 EVs"
95203,Stockton,213,56,1,10,0,10,0,301.0,10316.0,34.27242524916944,"Fewer than 1,000 EVs",21.3,0.6400729935002287,157,10,"Fewer than 1,000 EVs"
95204,Stockton,577,135,5,8,8,16,0,283.0,7136.0,25.215547703180217,"Fewer than 1,000 EVs",36.0625,1.0836916585963379,442,16,"Fewer than 1,000 EVs"
95205,Stockton,430,77,1,2,0,2,0,296.0,8349.0,28.20608108108108,"Fewer than 1,000 EVs",215.0,6.460830685565688,353,2,"Fewer than 1,000 EVs"
95206,Stockton,1304,250,4,22,16,38,0,285.0,7771.0,27.266666666666666,Well served,34.31578947368421,1.0312023517720512,1054,38,Below average
95207,Stockton,842,191,13,38,18,56,16,310.0,7850.0,25.322580645161292,"Fewer than 1,000 EVs",15.035714285714286,0.45182885691414537,651,40,"Fewer than 1,000 EVs"
95208,,9,1,0,0,0,0,0,,,,No location data,,,8,0,"Fewer than 1,000 EVs"
95209,Stockton,1365,242,2,4,0,4,4,299.0,8165.0,27.307692307692307,Locally sparse - chargers nearby,341.25,10.254690564880425,1123,0,Severely underserved (>3x state avg)
95210,Stockton,644,132,5,29,0,29,3,306.0,7913.0,25.859477124183005,"Fewer than 1,000 EVs",22.20689655172414,0.6673255752212195,512,26,"Fewer than 1,000 EVs"
95211,Stockton,4,1,5,10,0,10,0,284.0,7136.0,25.12676056338028,"Fewer than 1,000 EVs",0.4,0.012020150112680351,3,10,"Fewer than 1,000 EVs"
95212,Stockton,1195,209,4,16,13,29,1,276.0,6908.0,25.028985507246375,Well served,41.206896551724135,1.2382827055735361,986,28,Below average
95213,,12,4,0,0,0,0,0,,,,No location data,,,8,0,"Fewer than 1,000 EVs"
95215,Stockton,345,72,1,7,0,7,0,195.0,4931.0,25.28717948717949,"Fewer than 1,000 EVs",49.285714285714285,1.4810542103124003,273,7,"Fewer than 1,000 EVs"
95219,Stockton,1560,330,3,12,12,24,8,71.0,5240.0,73.80281690140845,Locally fine - crowded region,65.0,1.953274393310557,1230,16,Below average
95220,Acampo,183,56,3,4,0,4,3,74.0,3190.0,43.108108108108105,"Fewer than 1,000 EVs",45.75,1.374804669137815,127,1,"Fewer than 1,000 EVs"
95221,,5,1,0,0,0,0,0,21.0,339.0,16.142857142857142,"Fewer than 1,000 EVs",,,4,0,"Fewer than 1,000 EVs"
95222,Angels Camp,120,32,1,2,0,2,0,21.0,389.0,18.52380952380953,"Fewer than 1,000 EVs",60.0,1.8030225169020526,88,2,"Fewer than 1,000 EVs"
95223,Bear Valley,106,29,2,2,8,10,2,10.0,106.0,10.6,"Fewer than 1,000 EVs",10.6,0.3185339779860293,77,8,"Fewer than 1,000 EVs"
95224,,11,4,0,0,0,0,0,13.0,249.0,19.153846153846153,"Fewer than 1,000 EVs",,,7,0,"Fewer than 1,000 EVs"
95225,,11,1,0,0,0,0,0,16.0,340.0,21.25,"Fewer than 1,000 EVs",,,10,0,"Fewer than 1,000 EVs"
95226,,1,0,0,0,0,0,0,24.0,667.0,27.791666666666668,"Fewer than 1,000 EVs",,,1,0,"Fewer than 1,000 EVs"
95227,,18,6,0,0,0,0,0,6.0,1137.0,189.5,"Fewer than 1,000 EVs",,,12,0,"Fewer than 1,000 EVs"
95228,Copperopolis,200,36,1,0,12,12,0,12.0,320.0,26.666666666666668,"Fewer than 1,000 EVs",16.666666666666668,0.5008395880283479,164,12,"Fewer than 1,000 EVs"
95229,,1,0,0,0,0,0,0,,,,No location data,,,1,0,"Fewer than 1,000 EVs"
95230,,12,6,0,0,0,0,0,0.0,12.0,,"Fewer than 1,000 EVs",,,6,0,"Fewer than 1,000 EVs"
95231,French Camp,55,17,1,4,0,4,0,383.0,11314.0,29.54046997389034,"Fewer than 1,000 EVs",13.75,0.41319266012338707,38,4,"Fewer than 1,000 EVs"
95232,,2,0,0,0,0,0,0,4.0,193.0,48.25,"Fewer than 1,000 EVs",,,2,0,"Fewer than 1,000 EVs"
95233,,3,0,0,0,0,0,0,15.0,347.0,23.133333333333333,"Fewer than 1,000 EVs",,,3,0,"Fewer than 1,000 EVs"
95234,,1,0,0,0,0,0,0,,,,No location data,,,1,0,"Fewer than 1,000 EVs"
95236,,93,18,0,0,0,0,0,0.0,1395.0,,"Fewer than 1,000 EVs",,,75,0,"Fewer than 1,000 EVs"
95237,Lockeford,54,13,1,1,0,1,1,46.0,2527.0,54.93478260869565,"Fewer than 1,000 EVs",54.0,1.6227202652118473,41,0,"Fewer than 1,000 EVs"
95240,Lodi,957,230,15,28,0,28,6,82.0,3264.0,39.80487804878049,"Fewer than 1,000 EVs",34.17857142857143,1.0270788980209908,727,22,"Fewer than 1,000 EVs"
95241,,21,5,0,0,0,0,0,,,,No location data,,,16,0,"Fewer than 1,000 EVs"
95242,Lodi,1059,209,12,13,11,24,9,144.0,4223.0,29.32638888888889,Well served,44.125,1.3259728093050511,850,15,Below average
95245,,37,10,0,0,0,0,0,12.0,341.0,28.416666666666668,"Fewer than 1,000 EVs",,,27,0,"Fewer than 1,000 EVs"
95246,,30,11,0,0,0,0,0,15.0,292.0,19.466666666666665,"Fewer than 1,000 EVs",,,19,0,"Fewer than 1,000 EVs"
95247,Murphys,150,45,3,7,0,7,7,17.0,259.0,15.235294117647058,"Fewer than 1,000 EVs",21.428571428571427,0.6439366131793045,105,0,"Fewer than 1,000 EVs"
95248,,5,3,0,0,0,0,0,8.0,105.0,13.125,"Fewer than 1,000 EVs",,,2,0,"Fewer than 1,000 EVs"
95249,,54,14,0,0,0,0,0,9.0,246.0,27.333333333333332,"Fewer than 1,000 EVs",,,40,0,"Fewer than 1,000 EVs"
95251,,10,3,0,0,0,0,0,33.0,832.0,25.21212121212121,"Fewer than 1,000 EVs",,,7,0,"Fewer than 1,000 EVs"
95252,Valley Springs,287,65,1,0,12,12,0,16.0,322.0,20.125,"Fewer than 1,000 EVs",23.916666666666668,0.7187048088206793,222,12,"Fewer than 1,000 EVs"
95253,,6,3,0,0,0,0,0,77.0,3988.0,51.79220779220779,"Fewer than 1,000 EVs",,,3,0,"Fewer than 1,000 EVs"
95254,,23,10,0,0,0,0,0,16.0,543.0,33.9375,"Fewer than 1,000 EVs",,,13,0,"Fewer than 1,000 EVs"
95255,,12,5,0,0,0,0,0,0.0,126.0,,"Fewer than 1,000 EVs",,,7,0,"Fewer than 1,000 EVs"
95257,,8,2,0,0,0,0,0,0.0,27.0,,"Fewer than 1,000 EVs",,,6,0,"Fewer than 1,000 EVs"
95258,,114,30,0,0,0,0,0,125.0,6410.0,51.28,"Fewer than 1,000 EVs",,,84,0,"Fewer than 1,000 EVs"
95261,Oakdale,1,1,1,4,0,4,0,,,,No location data,0.25,0.00751259382042522,0,4,"Fewer than 1,000 EVs"
95267,,9,1,0,0,0,0,0,,,,No location data,,,8,0,"Fewer than 1,000 EVs"
95269,,16,3,0,0,0,0,0,,,,No location data,,,13,0,"Fewer than 1,000 EVs"
95301,Atwater,707,161,4,9,18,27,0,70.0,1585.0,22.642857142857142,"Fewer than 1,000 EVs",26.185185185185187,0.7868746416356489,546,27,"Fewer than 1,000 EVs"
95303,,17,5,0,0,0,0,0,57.0,875.0,15.350877192982455,"Fewer than 1,000 EVs",,,12,0,"Fewer than 1,000 EVs"
95304,Tracy,786,224,8,12,19,31,9,133.0,9473.0,71.22556390977444,"Fewer than 1,000 EVs",25.35483870967742,0.761922418432803,562,22,"Fewer than 1,000 EVs"
95305,Milpitas,3,1,1,10,0,10,0,24.0,97.0,4.041666666666667,"Fewer than 1,000 EVs",0.3,0.009015112584510264,2,10,"Fewer than 1,000 EVs"
95306,,21,7,0,0,0,0,0,0.0,21.0,,"Fewer than 1,000 EVs",,,14,0,"Fewer than 1,000 EVs"
95307,Ceres,849,137,4,8,0,8,0,172.0,7798.0,45.33720930232558,"Fewer than 1,000 EVs",106.125,3.1890960767705057,712,8,"Fewer than 1,000 EVs"
95309,,4,0,0,0,0,0,0,28.0,591.0,21.107142857142858,"Fewer than 1,000 EVs",,,4,0,"Fewer than 1,000 EVs"
95310,,50,24,0,0,0,0,0,38.0,858.0,22.57894736842105,"Fewer than 1,000 EVs",,,26,0,"Fewer than 1,000 EVs"
95311,,28,3,0,0,0,0,0,4.0,28.0,7.0,"Fewer than 1,000 EVs",,,25,0,"Fewer than 1,000 EVs"
95313,,24,2,0,0,0,0,0,62.0,2080.0,33.54838709677419,"Fewer than 1,000 EVs",,,22,0,"Fewer than 1,000 EVs"
95315,Delhi,192,35,2,6,4,10,5,99.0,3208.0,32.4040404040404,"Fewer than 1,000 EVs",19.2,0.5769672054086569,157,5,"Fewer than 1,000 EVs"
95316,,160,48,0,0,0,0,0,29.0,2216.0,76.41379310344827,"Fewer than 1,000 EVs",,,112,0,"Fewer than 1,000 EVs"
95317,,7,6,0,0,0,0,0,0.0,502.0,,"Fewer than 1,000 EVs",,,1,0,"Fewer than 1,000 EVs"
95318,El Portal,15,4,2,2,8,10,0,10.0,15.0,1.5,"Fewer than 1,000 EVs",1.5,0.04507556292255131,11,10,"Fewer than 1,000 EVs"
95319,Empire,12,2,1,2,0,2,0,192.0,7092.0,36.9375,"Fewer than 1,000 EVs",6.0,0.18030225169020525,10,2,"Fewer than 1,000 EVs"
95320,Escalon,257,57,2,6,0,6,0,120.0,3191.0,26.591666666666665,"Fewer than 1,000 EVs",42.833333333333336,1.2871577412328543,200,6,"Fewer than 1,000 EVs"
95321,Groveland,144,39,11,11,19,30,10,30.0,144.0,4.8,"Fewer than 1,000 EVs",4.8,0.14424180135216422,105,20,"Fewer than 1,000 EVs"
95322,Gustine,133,33,5,1,68,69,12,69.0,133.0,1.927536231884058,"Fewer than 1,000 EVs",1.9275362318840579,0.057923187137191544,100,57,"Fewer than 1,000 EVs"
95323,,18,8,0,0,0,0,0,4.0,660.0,165.0,"Fewer than 1,000 EVs",,,10,0,"Fewer than 1,000 EVs"
95324,,130,22,0,0,0,0,0,87.0,3158.0,36.298850574712645,"Fewer than 1,000 EVs",,,108,0,"Fewer than 1,000 EVs"
95325,,1,0,0,0,0,0,0,0.0,17.0,,"Fewer than 1,000 EVs",,,1,0,"Fewer than 1,000 EVs"
95326,Independence,294,56,2,2,2,4,0,142.0,6537.0,46.03521126760563,"Fewer than 1,000 EVs",73.5,2.2087025832050147,238,4,"Fewer than 1,000 EVs"
95327,Jamestown,90,15,4,6,1,7,5,7.0,97.0,13.857142857142858,"Fewer than 1,000 EVs",12.857142857142858,0.3863619679075827,75,2,"Fewer than 1,000 EVs"
95328,,97,16,0,0,0,0,0,156.0,7350.0,47.11538461538461,"Fewer than 1,000 EVs",,,81,0,"Fewer than 1,000 EVs"
95329,,48,17,0,0,0,0,0,0.0,48.0,,"Fewer than 1,000 EVs",,,31,0,"Fewer than 1,000 EVs"
95330,Lathrop,3180,367,17,21,28,49,3,372.0,10772.0,28.956989247311828,Well served,64.89795918367346,1.9502080284858936,2813,46,Below average
95333,,21,4,0,0,0,0,0,19.0,61.0,3.210526315789474,"Fewer than 1,000 EVs",,,17,0,"Fewer than 1,000 EVs"
95334,Livingston,347,56,1,0,12,12,0,49.0,1558.0,31.79591836734694,"Fewer than 1,000 EVs",28.916666666666668,0.8689566852291838,291,12,"Fewer than 1,000 EVs"
95335,,8,3,0,0,0,0,0,2.0,129.0,64.5,"Fewer than 1,000 EVs",,,5,0,"Fewer than 1,000 EVs"
95336,Manteca,1213,259,10,13,26,39,16,298.0,9037.0,30.325503355704697,Well served,31.102564102564102,0.9346437235052093,954,23,At or above average
95337,Manteca,2989,428,42,66,40,106,20,242.0,9225.0,38.1198347107438,Well served,28.19811320754717,0.8473638841226785,2561,86,At or above average
95338,Mariposa,194,57,3,4,12,16,2,19.0,204.0,10.736842105263158,"Fewer than 1,000 EVs",12.125,0.3643608002906231,137,14,"Fewer than 1,000 EVs"
95340,Merced,780,182,6,28,32,60,2,90.0,1874.0,20.822222222222223,"Fewer than 1,000 EVs",13.0,0.3906548786621114,598,58,"Fewer than 1,000 EVs"
95341,Merced,390,69,4,7,0,7,0,90.0,1884.0,20.933333333333337,"Fewer than 1,000 EVs",55.714285714285715,1.6742351942661917,321,7,"Fewer than 1,000 EVs"
95343,Merced,9,4,3,4,0,4,1,,,,No location data,2.25,0.06761334438382698,5,3,"Fewer than 1,000 EVs"
95344,,12,1,0,0,0,0,0,,,,No location data,,,11,0,"Fewer than 1,000 EVs"
95345,Midpines,10,1,1,3,0,3,3,19.0,204.0,10.736842105263158,"Fewer than 1,000 EVs",3.3333333333333335,0.10016791760566959,9,0,"Fewer than 1,000 EVs"
95346,,26,0,0,0,0,0,0,10.0,218.0,21.8,"Fewer than 1,000 EVs",,,26,0,"Fewer than 1,000 EVs"
95347,,1,0,0,0,0,0,0,,,,No location data,,,1,0,"Fewer than 1,000 EVs"
95348,Merced,664,123,4,7,1,8,5,106.0,1601.0,15.10377358490566,"Fewer than 1,000 EVs",83.0,2.494181148381173,541,3,"Fewer than 1,000 EVs"
95350,Modesto,991,220,3,8,0,8,4,214.0,8217.0,38.39719626168224,"Fewer than 1,000 EVs",123.875,3.722490238020696,771,4,"Fewer than 1,000 EVs"
95351,Modesto,535,126,3,4,8,12,0,203.0,7848.0,38.66009852216749,"Fewer than 1,000 EVs",44.583333333333336,1.3397458979758308,409,12,"Fewer than 1,000 EVs"
95352,,16,4,0,0,0,0,0,,,,No location data,,,12,0,"Fewer than 1,000 EVs"
95353,,6,2,0,0,0,0,0,,,,No location data,,,4,0,"Fewer than 1,000 EVs"
95354,Modesto,452,112,12,19,24,43,1,210.0,9212.0,43.86666666666667,"Fewer than 1,000 EVs",10.511627906976743,0.31587836342625103,340,42,"Fewer than 1,000 EVs"
95355,Modesto,1658,345,6,2,5,7,0,207.0,7848.0,37.91304347826087,Locally sparse - chargers nearby,236.85714285714286,7.117646031008579,1313,7,Severely underserved (>3x state avg)
95356,Modesto,1361,312,13,21,61,82,17,212.0,7516.0,35.45283018867924,Well served,16.597560975609756,0.4987629360779865,1049,65,At or above average
95357,,265,58,0,0,0,0,0,173.0,8453.0,48.861271676300575,"Fewer than 1,000 EVs",,,207,0,"Fewer than 1,000 EVs"
95358,Modesto,424,89,4,26,0,26,2,196.0,6624.0,33.795918367346935,"Fewer than 1,000 EVs",16.307692307692307,0.49005227382466043,335,24,"Fewer than 1,000 EVs"
95360,,244,58,0,0,0,0,0,0.0,398.0,,"Fewer than 1,000 EVs",,,186,0,"Fewer than 1,000 EVs"
95361,Oakdale,783,175,7,10,3,13,3,17.0,783.0,46.05882352941177,"Fewer than 1,000 EVs",60.23076923076923,1.8099572188901376,608,10,"Fewer than 1,000 EVs"
95363,Patterson,1148,224,6,4,40,44,12,44.0,1148.0,26.09090909090909,Well served,26.09090909090909,0.7840416096225592,924,32,At or above average
95364,,6,1,0,0,0,0,0,0.0,8.0,,"Fewer than 1,000 EVs",,,5,0,"Fewer than 1,000 EVs"
95365,,40,9,0,0,0,0,0,69.0,841.0,12.18840579710145,"Fewer than 1,000 EVs",,,31,0,"Fewer than 1,000 EVs"
95366,Ripon,663,150,4,0,20,20,0,320.0,7809.0,24.403125,"Fewer than 1,000 EVs",33.15,0.996169940588384,513,20,"Fewer than 1,000 EVs"
95367,,575,102,0,0,0,0,0,207.0,6441.0,31.115942028985508,"Fewer than 1,000 EVs",,,473,0,"Fewer than 1,000 EVs"
95368,,335,51,0,0,0,0,0,290.0,10240.0,35.310344827586206,"Fewer than 1,000 EVs",,,284,0,"Fewer than 1,000 EVs"
95369,,16,2,0,0,0,0,0,0.0,681.0,,"Fewer than 1,000 EVs",,,14,0,"Fewer than 1,000 EVs"
95370,Sonora,494,120,7,13,8,21,2,38.0,649.0,17.07894736842105,"Fewer than 1,000 EVs",23.523809523809526,0.7068993042457254,374,19,"Fewer than 1,000 EVs"
95372,,47,9,0,0,0,0,0,34.0,754.0,22.176470588235293,"Fewer than 1,000 EVs",,,38,0,"Fewer than 1,000 EVs"
95373,,1,0,0,0,0,0,0,,,,No location data,,,1,0,"Fewer than 1,000 EVs"
95374,,24,4,0,0,0,0,0,22.0,693.0,31.5,"Fewer than 1,000 EVs",,,20,0,"Fewer than 1,000 EVs"
95375,,2,0,0,0,0,0,0,0.0,16.0,,"Fewer than 1,000 EVs",,,2,0,"Fewer than 1,000 EVs"
95376,Tracy,1818,426,17,30,24,54,2,174.0,13964.0,80.25287356321839,Locally fine - crowded region,33.666666666666664,1.0116959678172628,1392,52,Below average
95377,Tracy,3876,615,17,38,6,44,0,139.0,10784.0,77.58273381294964,Isolated - underserved by both measures,88.0909090909091,2.647164877088014,3261,44,Below average
95378,,23,5,0,0,0,0,0,,,,No location data,,,18,0,"Fewer than 1,000 EVs"
95379,Tuolumne,44,7,1,8,0,8,8,48.0,704.0,14.666666666666666,"Fewer than 1,000 EVs",5.5,0.16527706404935483,37,0,"Fewer than 1,000 EVs"
95380,Turlock,833,167,17,26,28,54,7,95.0,3783.0,39.82105263157895,"Fewer than 1,000 EVs",15.425925925925926,0.46355486314179317,666,47,"Fewer than 1,000 EVs"
95381,,25,3,0,0,0,0,0,,,,No location data,,,22,0,"Fewer than 1,000 EVs"
95382,Turlock,1364,263,4,9,0,9,9,103.0,4648.0,45.12621359223301,Locally sparse - chargers nearby,151.55555555555554,4.554301320471111,1101,0,Severely underserved (>3x state avg)
95383,Twain Harte,93,21,1,2,0,2,2,10.0,271.0,27.1,"Fewer than 1,000 EVs",46.5,1.3973424505990908,72,0,"Fewer than 1,000 EVs"
95385,,4,1,0,0,0,0,0,4.0,4218.0,1054.5,"Fewer than 1,000 EVs",,,3,0,"Fewer than 1,000 EVs"
95386,Waterford,171,40,1,2,0,2,2,2.0,349.0,174.5,"Fewer than 1,000 EVs",85.5,2.569307086585425,131,0,"Fewer than 1,000 EVs"
95387,Westley,15,1,2,0,4,4,0,48.0,443.0,9.229166666666666,"Fewer than 1,000 EVs",3.75,0.11268890730637829,14,4,"Fewer than 1,000 EVs"
95388,,141,31,0,0,0,0,0,58.0,2068.0,35.6551724137931,"Fewer than 1,000 EVs",,,110,0,"Fewer than 1,000 EVs"
95389,Yosemite National Park,33,2,9,79,0,79,1,79.0,33.0,0.4177215189873418,"Fewer than 1,000 EVs",0.4177215189873418,0.01255268840881176,31,78,"Fewer than 1,000 EVs"
95391,Mountain House,4304,1019,1,12,0,12,12,200.0,13707.0,68.535,Isolated - underserved by both measures,358.6666666666667,10.778067934370048,3285,0,Severely underserved (>3x state avg)
95401,Santa Rosa,1231,489,20,32,32,64,50,479.0,14982.0,31.2776617954071,Well served,19.234375,0.5780001870589653,742,14,At or above average
95402,Santa Rosa,40,18,1,1,0,1,0,,,,No location data,40.0,1.202015011268035,22,1,"Fewer than 1,000 EVs"
95403,Santa Rosa,2223,640,29,97,6,103,20,433.0,14527.0,33.54965357967667,Well served,21.58252427184466,0.64856295389535,1583,83,At or above average
95404,Santa Rosa,2671,890,11,21,0,21,11,489.0,14094.0,28.822085889570552,Locally sparse - chargers nearby,127.19047619047619,3.8221215417820495,1781,10,Severely underserved (>3x state avg)
95405,Santa Rosa,1248,523,4,7,0,7,5,458.0,14551.0,31.770742358078603,Locally sparse - chargers nearby,178.28571428571428,5.357552621651814,725,2,Severely underserved (>3x state avg)
95406,,14,4,0,0,0,0,0,,,,No location data,,,10,0,"Fewer than 1,000 EVs"
95407,Santa Rosa,1097,349,30,58,10,68,12,520.0,15278.0,29.380769230769232,Well served,16.13235294117647,0.48478326005920386,748,56,At or above average
95409,Santa Rosa,1771,599,1,2,0,2,0,412.0,11488.0,27.883495145631063,Locally sparse - chargers nearby,885.5,26.609607311946128,1172,2,Severely underserved (>3x state avg)
95410,,61,28,0,0,0,0,0,37.0,325.0,8.783783783783784,"Fewer than 1,000 EVs",,,33,0,"Fewer than 1,000 EVs"
95412,Annapolis,9,5,1,2,0,2,0,10.0,92.0,9.2,"Fewer than 1,000 EVs",4.5,0.13522668876765395,4,2,"Fewer than 1,000 EVs"
95413,,2,0,0,0,0,0,0,,,,No location data,,,2,0,"Fewer than 1,000 EVs"
95415,Boonville,40,15,1,6,0,6,0,11.0,91.0,8.272727272727273,"Fewer than 1,000 EVs",6.666666666666667,0.20033583521133919,25,6,"Fewer than 1,000 EVs"
95416,,10,7,0,0,0,0,0,,,,No location data,,,3,0,"Fewer than 1,000 EVs"
95418,,6,0,0,0,0,0,0,,,,No location data,,,6,0,"Fewer than 1,000 EVs"
95419,,16,7,0,0,0,0,0,77.0,4753.0,61.72727272727273,"Fewer than 1,000 EVs",,,9,0,"Fewer than 1,000 EVs"
95420,,30,15,0,0,0,0,0,66.0,620.0,9.393939393939394,"Fewer than 1,000 EVs",,,15,0,"Fewer than 1,000 EVs"
95421,,63,28,0,0,0,0,0,6.0,90.0,15.0,"Fewer than 1,000 EVs",,,35,0,"Fewer than 1,000 EVs"
95422,Clearlake,167,33,1,3,0,3,0,6.0,502.0,83.66666666666667,"Fewer than 1,000 EVs",55.666666666666664,1.672804224014682,134,3,"Fewer than 1,000 EVs"
95423,Clearlake Oaks,49,20,1,3,0,3,3,6.0,254.0,42.333333333333336,"Fewer than 1,000 EVs",16.333333333333332,0.49082279626778097,29,0,"Fewer than 1,000 EVs"
95424,,4,0,0,0,0,0,0,,,,No location data,,,4,0,"Fewer than 1,000 EVs"
95425,Cloverdale,400,175,5,6,2,8,2,16.0,562.0,35.125,"Fewer than 1,000 EVs",50.0,1.502518764085044,225,6,"Fewer than 1,000 EVs"
95426,,51,17,0,0,0,0,0,11.0,374.0,34.0,"Fewer than 1,000 EVs",,,34,0,"Fewer than 1,000 EVs"
95427,,19,13,0,0,0,0,0,4.0,305.0,76.25,"Fewer than 1,000 EVs",,,6,0,"Fewer than 1,000 EVs"
95428,,13,6,0,0,0,0,0,0.0,13.0,,"Fewer than 1,000 EVs",,,7,0,"Fewer than 1,000 EVs"
95429,,3,0,0,0,0,0,0,12.0,39.0,3.25,"Fewer than 1,000 EVs",,,3,0,"Fewer than 1,000 EVs"
95430,,5,4,0,0,0,0,0,39.0,1076.0,27.58974358974359,"Fewer than 1,000 EVs",,,1,0,"Fewer than 1,000 EVs"
95431,,3,2,0,0,0,0,0,321.0,8568.0,26.69158878504673,"Fewer than 1,000 EVs",,,1,0,"Fewer than 1,000 EVs"
95432,Elk,20,9,2,3,0,3,3,12.0,160.0,13.333333333333334,"Fewer than 1,000 EVs",6.666666666666667,0.20033583521133919,11,0,"Fewer than 1,000 EVs"
95433,,8,3,0,0,0,0,0,,,,No location data,,,5,0,"Fewer than 1,000 EVs"
95435,,0,1,0,0,0,0,0,7.0,539.0,77.0,"Fewer than 1,000 EVs",,,-1,0,"Fewer than 1,000 EVs"
95436,Forestville,325,136,5,9,0,9,3,288.0,9594.0,33.3125,"Fewer than 1,000 EVs",36.111111111111114,1.0851524407280873,189,6,"Fewer than 1,000 EVs"
95437,Fort Bragg,374,174,10,15,14,29,5,32.0,404.0,12.625,"Fewer than 1,000 EVs",12.89655172413793,0.3875462191502113,200,24,"Fewer than 1,000 EVs"
95438,Fulton,0,0,1,2,0,2,2,,,,No location data,0.0,0.0,0,0,"Fewer than 1,000 EVs"
95439,Fulton,18,13,2,3,0,3,3,456.0,14527.0,31.857456140350877,"Fewer than 1,000 EVs",6.0,0.18030225169020525,5,0,"Fewer than 1,000 EVs"
95441,Geyserville,119,52,5,9,8,17,7,41.0,519.0,12.658536585365852,"Fewer than 1,000 EVs",7.0,0.21035262697190615,67,10,"Fewer than 1,000 EVs"
95442,Glen Ellen,242,85,5,7,1,8,4,232.0,12487.0,53.82327586206897,"Fewer than 1,000 EVs",30.25,0.9090238522714515,157,4,"Fewer than 1,000 EVs"
95443,,3,1,0,0,0,0,0,10.0,520.0,52.0,"Fewer than 1,000 EVs",,,2,0,"Fewer than 1,000 EVs"
95444,,83,38,0,0,0,0,0,426.0,9389.0,22.039906103286384,"Fewer than 1,000 EVs",,,45,0,"Fewer than 1,000 EVs"
95445,,148,73,0,0,0,0,0,0.0,293.0,,"Fewer than 1,000 EVs",,,75,0,"Fewer than 1,000 EVs"
95446,Guerneville,249,92,3,7,0,7,5,115.0,2235.0,19.434782608695652,"Fewer than 1,000 EVs",35.57142857142857,1.0689347778776455,157,2,"Fewer than 1,000 EVs"
95448,Healdsburg,1315,489,52,101,6,107,47,234.0,3322.0,14.196581196581196,Well served,12.289719626168225,0.36931068687323976,826,60,At or above average
95449,Hopland,43,17,3,7,2,9,5,9.0,443.0,49.22222222222222,"Fewer than 1,000 EVs",4.777777777777778,0.14357401523479307,26,4,"Fewer than 1,000 EVs"
95450,Jenner,27,12,3,6,0,6,6,6.0,90.0,15.0,"Fewer than 1,000 EVs",4.5,0.13522668876765395,15,0,"Fewer than 1,000 EVs"
95451,Kelseyville,232,77,1,1,0,1,0,10.0,453.0,45.3,"Fewer than 1,000 EVs",232.0,6.971687065354604,155,1,"Fewer than 1,000 EVs"
95452,Kenwood,120,53,2,1,2,3,1,279.0,6593.0,23.630824372759857,"Fewer than 1,000 EVs",40.0,1.202015011268035,67,2,"Fewer than 1,000 EVs"
95453,Lakeport,235,64,3,6,0,6,2,17.0,304.0,17.88235294117647,"Fewer than 1,000 EVs",39.166666666666664,1.1769730318666176,171,4,"Fewer than 1,000 EVs"
95454,Laytonville,36,7,4,2,10,12,10,12.0,42.0,3.5,"Fewer than 1,000 EVs",3.0,0.09015112584510263,29,2,"Fewer than 1,000 EVs"
95456,Little River,46,25,6,12,0,12,8,40.0,326.0,8.15,"Fewer than 1,000 EVs",3.8333333333333335,0.11519310524652003,21,4,"Fewer than 1,000 EVs"
95457,,51,22,0,0,0,0,0,4.0,556.0,139.0,"Fewer than 1,000 EVs",,,29,0,"Fewer than 1,000 EVs"
95458,,35,10,0,0,0,0,0,16.0,380.0,23.75,"Fewer than 1,000 EVs",,,25,0,"Fewer than 1,000 EVs"
95459,,28,10,0,0,0,0,0,9.0,146.0,16.22222222222222,"Fewer than 1,000 EVs",,,18,0,"Fewer than 1,000 EVs"
95460,Mendocino,170,81,7,25,0,25,25,55.0,326.0,5.927272727272728,"Fewer than 1,000 EVs",6.8,0.20434255191556597,89,0,"Fewer than 1,000 EVs"
95461,Middletown,91,29,4,8,0,8,3,10.0,803.0,80.3,"Fewer than 1,000 EVs",11.375,0.34182301882934746,62,5,"Fewer than 1,000 EVs"
95462,Monte Rio,67,27,2,3,0,3,0,38.0,3509.0,92.34210526315788,"Fewer than 1,000 EVs",22.333333333333332,0.6711250479579862,40,3,"Fewer than 1,000 EVs"
95463,,9,7,0,0,0,0,0,12.0,151.0,12.583333333333334,"Fewer than 1,000 EVs",,,2,0,"Fewer than 1,000 EVs"
95464,,34,12,0,0,0,0,0,16.0,334.0,20.875,"Fewer than 1,000 EVs",,,22,0,"Fewer than 1,000 EVs"
95465,Occidental,163,86,1,2,0,2,2,50.0,3522.0,70.44,"Fewer than 1,000 EVs",81.5,2.4491055854586214,77,0,"Fewer than 1,000 EVs"
95466,Philo,42,18,5,8,1,9,7,15.0,139.0,9.266666666666667,"Fewer than 1,000 EVs",4.666666666666667,0.14023508464793744,24,2,"Fewer than 1,000 EVs"
95467,,247,80,0,0,0,0,0,11.0,389.0,35.36363636363637,"Fewer than 1,000 EVs",,,167,0,"Fewer than 1,000 EVs"
95468,Point Arena,56,29,2,7,0,7,2,7.0,232.0,33.142857142857146,"Fewer than 1,000 EVs",8.0,0.24040300225360703,27,5,"Fewer than 1,000 EVs"
95469,,22,7,0,0,0,0,0,0.0,22.0,,"Fewer than 1,000 EVs",,,15,0,"Fewer than 1,000 EVs"
95470,Redwood Valley,137,60,2,10,0,10,0,58.0,875.0,15.086206896551724,"Fewer than 1,000 EVs",13.7,0.411690141359302,77,10,"Fewer than 1,000 EVs"
95471,,6,6,0,0,0,0,0,197.0,3662.0,18.588832487309645,"Fewer than 1,000 EVs",,,0,0,"Fewer than 1,000 EVs"
95472,Sebastopol,2433,1107,12,16,14,30,9,436.0,9709.0,22.26834862385321,Locally sparse - chargers nearby,81.1,2.437085435345941,1326,21,Below average
95473,Rutherford,31,15,1,19,0,19,0,,,,No location data,1.631578947368421,0.04902955967014354,16,19,"Fewer than 1,000 EVs"
95476,Sonoma,2100,823,20,28,17,45,18,338.0,5838.0,17.272189349112427,Well served,46.666666666666664,1.4023508464793741,1277,27,Below average
95480,,3,2,0,0,0,0,0,10.0,92.0,9.2,"Fewer than 1,000 EVs",,,1,0,"Fewer than 1,000 EVs"
95481,,9,4,0,0,0,0,0,,,,No location data,,,5,0,"Fewer than 1,000 EVs"
95482,Ukiah,738,236,37,76,24,100,19,108.0,875.0,8.101851851851851,"Fewer than 1,000 EVs",7.38,0.22177176957895248,502,81,"Fewer than 1,000 EVs"
95484,,1,0,0,0,0,0,0,,,,No location data,,,1,0,"Fewer than 1,000 EVs"
95485,Upper Lake,24,8,2,2,8,10,2,10.0,96.0,9.6,"Fewer than 1,000 EVs",2.4,0.07212090067608211,16,8,"Fewer than 1,000 EVs"
95486,,6,4,0,0,0,0,0,38.0,1076.0,28.31578947368421,"Fewer than 1,000 EVs",,,2,0,"Fewer than 1,000 EVs"
95487,,11,6,0,0,0,0,0,,,,No location data,,,5,0,"Fewer than 1,000 EVs"
95488,,7,6,0,0,0,0,0,3.0,7.0,2.3333333333333335,"Fewer than 1,000 EVs",,,1,0,"Fewer than 1,000 EVs"
95490,Willits,221,82,6,10,6,16,10,21.0,221.0,10.523809523809524,"Fewer than 1,000 EVs",13.8125,0.4150708085784934,139,6,"Fewer than 1,000 EVs"
95492,Windsor,1427,506,15,30,12,42,21,411.0,12980.0,31.581508515815084,Well served,33.976190476190474,1.020997274452075,921,21,Below average
95493,,3,1,0,0,0,0,0,10.0,61.0,6.1,"Fewer than 1,000 EVs",,,2,0,"Fewer than 1,000 EVs"
95494,,9,3,0,0,0,0,0,6.0,197.0,32.833333333333336,"Fewer than 1,000 EVs",,,6,0,"Fewer than 1,000 EVs"
95496,,0,1,0,0,0,0,0,,,,No location data,,,-1,0,"Fewer than 1,000 EVs"
95497,Sea Ranch,80,43,4,8,0,8,3,10.0,240.0,24.0,"Fewer than 1,000 EVs",10.0,0.30050375281700875,37,5,"Fewer than 1,000 EVs"
95501,Eureka,467,150,17,36,26,62,29,140.0,1772.0,12.657142857142857,"Fewer than 1,000 EVs",7.532258064516129,0.22634718155732758,317,33,"Fewer than 1,000 EVs"
95502,,37,15,0,0,0,0,0,,,,No location data,,,22,0,"Fewer than 1,000 EVs"
95503,Eureka,580,242,4,5,4,9,1,93.0,1802.0,19.376344086021504,"Fewer than 1,000 EVs",64.44444444444444,1.9365797403762788,338,8,"Fewer than 1,000 EVs"
95514,,2,0,0,0,0,0,0,4.0,6.0,1.5,"Fewer than 1,000 EVs",,,2,0,"Fewer than 1,000 EVs"
95518,,30,17,0,0,0,0,0,,,,No location data,,,13,0,"Fewer than 1,000 EVs"
95519,McKinleyville,638,283,4,6,8,14,2,73.0,1342.0,18.383561643835616,"Fewer than 1,000 EVs",45.57142857142857,1.3694385306946542,355,12,"Fewer than 1,000 EVs"
95521,Arcata,570,268,16,26,14,40,2,140.0,2405.0,17.178571428571427,"Fewer than 1,000 EVs",14.25,0.4282178477642375,302,38,"Fewer than 1,000 EVs"
95524,,134,71,0,0,0,0,0,140.0,2405.0,17.178571428571427,"Fewer than 1,000 EVs",,,63,0,"Fewer than 1,000 EVs"
95525,Blue Lake,58,31,9,17,0,17,3,17.0,95.0,5.588235294117647,"Fewer than 1,000 EVs",3.411764705882353,0.10252480978462652,27,14,"Fewer than 1,000 EVs"
95526,,2,2,0,0,0,0,0,0.0,2.0,,"Fewer than 1,000 EVs",,,0,0,"Fewer than 1,000 EVs"
95527,,6,0,0,0,0,0,0,0.0,11.0,,"Fewer than 1,000 EVs",,,6,0,"Fewer than 1,000 EVs"
95528,,14,9,0,0,0,0,0,2.0,88.0,44.0,"Fewer than 1,000 EVs",,,5,0,"Fewer than 1,000 EVs"
95531,Crescent City,211,66,9,11,20,31,16,31.0,211.0,6.806451612903226,"Fewer than 1,000 EVs",6.806451612903226,0.20453642530448016,145,15,"Fewer than 1,000 EVs"
95534,,1,2,0,0,0,0,0,,,,No location data,,,-1,0,"Fewer than 1,000 EVs"
95536,Ferndale,50,18,4,5,0,5,5,37.0,342.0,9.243243243243244,"Fewer than 1,000 EVs",10.0,0.30050375281700875,32,0,"Fewer than 1,000 EVs"
95537,,5,3,0,0,0,0,0,77.0,1098.0,14.25974025974026,"Fewer than 1,000 EVs",,,2,0,"Fewer than 1,000 EVs"
95538,,0,1,0,0,0,0,0,37.0,234.0,6.324324324324325,"Fewer than 1,000 EVs",,,-1,0,"Fewer than 1,000 EVs"
95540,Fortuna,261,112,10,16,8,24,5,37.0,407.0,11.0,"Fewer than 1,000 EVs",10.875,0.32679783118849703,149,19,"Fewer than 1,000 EVs"
95542,Garberville,39,19,5,5,5,10,5,12.0,76.0,6.333333333333333,"Fewer than 1,000 EVs",3.9,0.11719646359863342,20,5,"Fewer than 1,000 EVs"
95543,,16,8,0,0,0,0,0,0.0,16.0,,"Fewer than 1,000 EVs",,,8,0,"Fewer than 1,000 EVs"
95545,,4,1,0,0,0,0,0,0.0,10.0,,"Fewer than 1,000 EVs",,,3,0,"Fewer than 1,000 EVs"
95546,Hoopa,15,0,6,40,8,48,12,48.0,15.0,0.3125,"Fewer than 1,000 EVs",0.3125,0.009390742275531523,15,36,"Fewer than 1,000 EVs"
95547,,30,18,0,0,0,0,0,37.0,341.0,9.216216216216216,"Fewer than 1,000 EVs",,,12,0,"Fewer than 1,000 EVs"
95548,Klamath,7,5,3,2,2,4,3,4.0,7.0,1.75,"Fewer than 1,000 EVs",1.75,0.05258815674297654,2,1,"Fewer than 1,000 EVs"
95549,,53,29,0,0,0,0,0,0.0,56.0,,"Fewer than 1,000 EVs",,,24,0,"Fewer than 1,000 EVs"
95550,,3,0,0,0,0,0,0,2.0,56.0,28.0,"Fewer than 1,000 EVs",,,3,0,"Fewer than 1,000 EVs"
95551,Loleta,30,11,4,4,2,6,0,89.0,892.0,10.02247191011236,"Fewer than 1,000 EVs",5.0,0.15025187640850438,19,6,"Fewer than 1,000 EVs"
95552,,2,0,0,0,0,0,0,0.0,2.0,,"Fewer than 1,000 EVs",,,2,0,"Fewer than 1,000 EVs"
95553,Miranda,10,4,1,2,2,4,0,9.0,48.0,5.333333333333333,"Fewer than 1,000 EVs",2.5,0.07512593820425219,6,4,"Fewer than 1,000 EVs"
95554,,2,3,0,0,0,0,0,4.0,50.0,12.5,"Fewer than 1,000 EVs",,,-1,0,"Fewer than 1,000 EVs"
95555,Orick,5,2,1,0,2,2,0,2.0,5.0,2.5,"Fewer than 1,000 EVs",2.5,0.07512593820425219,3,2,"Fewer than 1,000 EVs"
95556,Orleans,4,1,1,2,0,2,0,2.0,4.0,2.0,"Fewer than 1,000 EVs",2.0,0.06010075056340176,3,2,"Fewer than 1,000 EVs"
95558,,6,4,0,0,0,0,0,0.0,10.0,,"Fewer than 1,000 EVs",,,2,0,"Fewer than 1,000 EVs"
95559,,2,0,0,0,0,0,0,12.0,87.0,7.25,"Fewer than 1,000 EVs",,,2,0,"Fewer than 1,000 EVs"
95560,Redway,32,15,1,2,0,2,0,16.0,108.0,6.75,"Fewer than 1,000 EVs",16.0,0.48080600450721406,17,2,"Fewer than 1,000 EVs"
95562,Rio Dell,31,16,1,2,0,2,2,24.0,391.0,16.291666666666668,"Fewer than 1,000 EVs",15.5,0.4657808168663636,15,0,"Fewer than 1,000 EVs"
95563,,3,2,0,0,0,0,0,3.0,46.0,15.333333333333334,"Fewer than 1,000 EVs",,,1,0,"Fewer than 1,000 EVs"
95564,,16,5,0,0,0,0,0,107.0,1802.0,16.8411214953271,"Fewer than 1,000 EVs",,,11,0,"Fewer than 1,000 EVs"
95565,,5,5,0,0,0,0,0,2.0,347.0,173.5,"Fewer than 1,000 EVs",,,0,0,"Fewer than 1,000 EVs"
95567,Smith River,23,11,3,3,3,6,2,6.0,23.0,3.8333333333333335,"Fewer than 1,000 EVs",3.8333333333333335,0.11519310524652003,12,4,"Fewer than 1,000 EVs"
95569,,2,0,0,0,0,0,0,4.0,34.0,8.5,"Fewer than 1,000 EVs",,,2,0,"Fewer than 1,000 EVs"
95570,Trinidad,166,91,2,4,0,4,4,4.0,166.0,41.5,"Fewer than 1,000 EVs",41.5,1.2470905741905864,75,0,"Fewer than 1,000 EVs"
95571,,6,4,0,0,0,0,0,0.0,27.0,,"Fewer than 1,000 EVs",,,2,0,"Fewer than 1,000 EVs"
95573,Willow Creek,37,14,2,2,1,3,2,5.0,98.0,19.6,"Fewer than 1,000 EVs",12.333333333333334,0.3706212951409775,23,1,"Fewer than 1,000 EVs"
95585,Leggett,3,1,1,1,2,3,0,3.0,42.0,14.0,"Fewer than 1,000 EVs",1.0,0.03005037528170088,2,3,"Fewer than 1,000 EVs"
95587,,3,1,0,0,0,0,0,13.0,45.0,3.4615384615384617,"Fewer than 1,000 EVs",,,2,0,"Fewer than 1,000 EVs"
95589,Whitethorn,23,10,1,4,0,4,0,6.0,55.0,9.166666666666666,"Fewer than 1,000 EVs",5.75,0.17278965786978004,13,4,"Fewer than 1,000 EVs"
95595,,0,1,0,0,0,0,0,0.0,0.0,,"Fewer than 1,000 EVs",,,-1,0,"Fewer than 1,000 EVs"
95600,,1,0,0,0,0,0,0,,,,No location data,,,1,0,"Fewer than 1,000 EVs"
95601,Amador City,20,5,2,4,0,4,0,34.0,701.0,20.61764705882353,"Fewer than 1,000 EVs",5.0,0.15025187640850438,15,4,"Fewer than 1,000 EVs"
95602,,694,205,0,0,0,0,0,82.0,3557.0,43.3780487804878,"Fewer than 1,000 EVs",,,489,0,"Fewer than 1,000 EVs"
95603,Auburn,1134,365,29,30,49,79,7,114.0,3973.0,34.85087719298246,Well served,14.354430379746836,0.43135601986644045,769,72,At or above average
95604,,32,11,0,0,0,0,0,147.0,3952.0,26.8843537414966,"Fewer than 1,000 EVs",,,21,0,"Fewer than 1,000 EVs"
95605,West Sacramento,523,159,13,19,17,36,0,1592.0,32758.0,20.576633165829147,"Fewer than 1,000 EVs",14.527777777777779,0.43656517423137664,364,36,"Fewer than 1,000 EVs"
95606,Brooks,14,4,2,8,0,8,8,8.0,40.0,5.0,"Fewer than 1,000 EVs",1.75,0.05258815674297654,10,0,"Fewer than 1,000 EVs"
95607,,11,4,0,0,0,0,0,17.0,117.0,6.882352941176471,"Fewer than 1,000 EVs",,,7,0,"Fewer than 1,000 EVs"
95608,Carmichael,2687,730,12,24,32,56,1,1749.0,38379.0,21.943396226415093,Well served,47.982142857142854,1.4418813996773259,1957,55,Below average
95609,,11,4,0,0,0,0,0,,,,No location data,,,7,0,"Fewer than 1,000 EVs"
95610,Citrus Heights,1372,280,5,15,18,33,1,1075.0,48756.0,45.354418604651165,Well served,41.57575757575758,1.2493671177725336,1092,32,Below average
95611,,8,3,0,0,0,0,0,,,,No location data,,,5,0,"Fewer than 1,000 EVs"
95612,,45,10,0,0,0,0,0,152.0,14710.0,96.77631578947368,"Fewer than 1,000 EVs",,,35,0,"Fewer than 1,000 EVs"
95613,,16,8,0,0,0,0,0,100.0,1656.0,16.56,"Fewer than 1,000 EVs",,,8,0,"Fewer than 1,000 EVs"
95614,,151,47,0,0,0,0,0,88.0,2947.0,33.48863636363637,"Fewer than 1,000 EVs",,,104,0,"Fewer than 1,000 EVs"
95615,,16,5,0,0,0,0,0,66.0,8883.0,134.5909090909091,"Fewer than 1,000 EVs",,,11,0,"Fewer than 1,000 EVs"
95616,Davis,2709,938,34,110,26,136,73,315.0,5591.0,17.74920634920635,Well served,19.919117647058822,0.5985769605744682,1771,63,At or above average
95617,,25,14,0,0,0,0,0,,,,No location data,,,11,0,"Fewer than 1,000 EVs"
95618,Davis,2051,778,14,21,18,39,12,332.0,9451.0,28.466867469879517,Well served,52.58974358974359,1.580341530840218,1273,27,Below average
95619,,69,22,0,0,0,0,0,125.0,2581.0,20.648,"Fewer than 1,000 EVs",,,47,0,"Fewer than 1,000 EVs"
95620,Dixon,869,168,7,8,14,22,2,162.0,921.0,5.685185185185185,"Fewer than 1,000 EVs",39.5,1.1869898236271847,701,20,"Fewer than 1,000 EVs"
95621,Citrus Heights,1027,209,7,44,6,50,6,1112.0,48002.0,43.16726618705036,Well served,20.54,0.617234708286136,818,44,At or above average
95623,,115,47,0,0,0,0,0,134.0,2510.0,18.73134328358209,"Fewer than 1,000 EVs",,,68,0,"Fewer than 1,000 EVs"
95624,Elk Grove,3755,800,4,1,18,19,1,546.0,21010.0,38.47985347985348,Locally sparse - chargers nearby,197.6315789473684,5.938903114883515,2955,18,Severely underserved (>3x state avg)
95625,,7,0,0,0,0,0,0,264.0,7745.0,29.33712121212121,"Fewer than 1,000 EVs",,,7,0,"Fewer than 1,000 EVs"
95626,,172,47,0,0,0,0,0,601.0,24796.0,41.257903494176375,"Fewer than 1,000 EVs",,,125,0,"Fewer than 1,000 EVs"
95627,Esparto,61,15,5,9,0,9,0,80.0,911.0,11.3875,"Fewer than 1,000 EVs",6.777777777777778,0.20367476579819482,46,9,"Fewer than 1,000 EVs"
95628,Fair Oaks,2230,628,7,12,0,12,4,1064.0,39008.0,36.661654135338345,Locally sparse - chargers nearby,185.83333333333334,5.58436140651608,1602,8,Severely underserved (>3x state avg)
95629,,25,21,0,0,0,0,0,26.0,374.0,14.384615384615383,"Fewer than 1,000 EVs",,,4,0,"Fewer than 1,000 EVs"
95630,Folsom,7637,1675,57,161,66,227,48,730.0,27696.0,37.93972602739726,Well served,33.6431718061674,1.0109899384420689,5962,179,Below average
95631,,150,41,0,0,0,0,0,0.0,400.0,,"Fewer than 1,000 EVs",,,109,0,"Fewer than 1,000 EVs"
95632,Galt,817,173,5,4,24,28,6,203.0,1517.0,7.472906403940887,"Fewer than 1,000 EVs",29.178571428571427,0.8768270216124863,644,22,"Fewer than 1,000 EVs"
95633,,73,28,0,0,0,0,0,69.0,1322.0,19.15942028985507,"Fewer than 1,000 EVs",,,45,0,"Fewer than 1,000 EVs"
95634,Georgetown,44,12,1,2,0,2,0,2.0,117.0,58.5,"Fewer than 1,000 EVs",22.0,0.6611082561974193,32,2,"Fewer than 1,000 EVs"
95635,,21,8,0,0,0,0,0,67.0,1792.0,26.746268656716417,"Fewer than 1,000 EVs",,,13,0,"Fewer than 1,000 EVs"
95636,,7,9,0,0,0,0,0,21.0,84.0,4.0,"Fewer than 1,000 EVs",,,-2,0,"Fewer than 1,000 EVs"
95637,,15,2,0,0,0,0,0,0.0,44.0,,"Fewer than 1,000 EVs",,,13,0,"Fewer than 1,000 EVs"
95638,,68,23,0,0,0,0,0,0.0,1435.0,,"Fewer than 1,000 EVs",,,45,0,"Fewer than 1,000 EVs"
95639,,13,1,0,0,0,0,0,499.0,16312.0,32.68937875751503,"Fewer than 1,000 EVs",,,12,0,"Fewer than 1,000 EVs"
95640,Lone,203,52,1,4,0,4,0,21.0,461.0,21.952380952380953,"Fewer than 1,000 EVs",50.75,1.5250565455463194,151,4,"Fewer than 1,000 EVs"
95641,,32,17,0,0,0,0,0,5.0,729.0,145.8,"Fewer than 1,000 EVs",,,15,0,"Fewer than 1,000 EVs"
95642,Jackson,142,36,3,5,8,13,12,25.0,631.0,25.24,"Fewer than 1,000 EVs",10.923076923076923,0.32824256076934805,106,1,"Fewer than 1,000 EVs"
95645,Knights Landing,14,7,2,4,0,4,0,71.0,24.0,0.3380281690140845,"Fewer than 1,000 EVs",3.5,0.10517631348595308,7,4,"Fewer than 1,000 EVs"
95646,Kirkwood,6,1,4,14,0,14,8,14.0,14.0,1.0,"Fewer than 1,000 EVs",0.42857142857142855,0.012878732263586089,5,6,"Fewer than 1,000 EVs"
95648,Lincoln,3521,690,23,47,8,55,13,140.0,7627.0,54.47857142857143,Well served,64.01818181818182,1.9237703884885233,2831,42,Below average
95650,Loomis,957,295,2,4,8,12,0,545.0,16305.0,29.91743119266055,"Fewer than 1,000 EVs",79.75,2.396517428715645,662,12,"Fewer than 1,000 EVs"
95651,Lotus,34,13,1,3,0,3,3,139.0,1587.0,11.41726618705036,"Fewer than 1,000 EVs",11.333333333333334,0.3405709198592766,21,0,"Fewer than 1,000 EVs"
95652,McClellan Park,238,134,5,10,0,10,8,1928.0,50662.0,26.276970954356848,"Fewer than 1,000 EVs",23.8,0.7151989317044809,104,2,"Fewer than 1,000 EVs"
95653,,2,0,0,0,0,0,0,31.0,1290.0,41.61290322580645,"Fewer than 1,000 EVs",,,2,0,"Fewer than 1,000 EVs"
95655,,247,50,0,0,0,0,0,1113.0,28122.0,25.266846361185983,"Fewer than 1,000 EVs",,,197,0,"Fewer than 1,000 EVs"
95656,,11,7,0,0,0,0,0,,,,No location data,,,4,0,"Fewer than 1,000 EVs"
95658,Newcastle,390,105,1,1,0,1,0,377.0,14573.0,38.6551724137931,"Fewer than 1,000 EVs",390.0,11.719646359863342,285,1,"Fewer than 1,000 EVs"
95659,,10,3,0,0,0,0,0,6.0,229.0,38.166666666666664,"Fewer than 1,000 EVs",,,7,0,"Fewer than 1,000 EVs"
95660,North Highland,643,124,2,1,3,4,0,1954.0,47603.0,24.361821903787103,"Fewer than 1,000 EVs",160.75,4.830597826533416,519,4,"Fewer than 1,000 EVs"
95661,Roseville,1879,526,15,64,19,83,6,972.0,42921.0,44.157407407407405,Well served,22.63855421686747,0.6802970500519994,1353,77,At or above average
95662,Orangevale,1064,300,1,0,2,2,0,1027.0,43542.0,42.397273612463486,Locally sparse - chargers nearby,532.0,15.986799649864867,764,2,Severely underserved (>3x state avg)
95663,,192,50,0,0,0,0,0,493.0,18084.0,36.6815415821501,"Fewer than 1,000 EVs",,,142,0,"Fewer than 1,000 EVs"
95664,,62,21,0,0,0,0,0,241.0,12330.0,51.16182572614108,"Fewer than 1,000 EVs",,,41,0,"Fewer than 1,000 EVs"
95665,,71,13,0,0,0,0,0,21.0,490.0,23.333333333333332,"Fewer than 1,000 EVs",,,58,0,"Fewer than 1,000 EVs"
95666,,93,24,0,0,0,0,0,0.0,93.0,,"Fewer than 1,000 EVs",,,69,0,"Fewer than 1,000 EVs"
95667,Placerville,983,360,30,70,34,104,45,109.0,1428.0,13.10091743119266,"Fewer than 1,000 EVs",9.451923076923077,0.2840338355953073,623,59,"Fewer than 1,000 EVs"
95668,,28,5,0,0,0,0,0,63.0,8425.0,133.7301587301587,"Fewer than 1,000 EVs",,,23,0,"Fewer than 1,000 EVs"
95669,Plymouth,83,23,4,9,0,9,9,22.0,1635.0,74.31818181818181,"Fewer than 1,000 EVs",9.222222222222221,0.2771312387090192,60,0,"Fewer than 1,000 EVs"
95670,Rancho Cordova,2397,526,24,65,30,95,0,1187.0,38182.0,32.16680707666386,Well served,25.231578947368423,0.7582184163182842,1871,95,At or above average
95672,,247,63,0,0,0,0,0,284.0,16673.0,58.70774647887324,"Fewer than 1,000 EVs",,,184,0,"Fewer than 1,000 EVs"
95673,,400,100,0,0,0,0,0,1560.0,39218.0,25.13974358974359,"Fewer than 1,000 EVs",,,300,0,"Fewer than 1,000 EVs"
95674,,15,2,0,0,0,0,0,6.0,5193.0,865.5,"Fewer than 1,000 EVs",,,13,0,"Fewer than 1,000 EVs"
95675,,0,2,0,0,0,0,0,26.0,428.0,16.46153846153846,"Fewer than 1,000 EVs",,,-2,0,"Fewer than 1,000 EVs"
95676,,4,0,0,0,0,0,0,6.0,28.0,4.666666666666667,"Fewer than 1,000 EVs",,,4,0,"Fewer than 1,000 EVs"
95677,Rocklin,1698,456,24,34,64,98,21,608.0,29189.0,48.00822368421053,Well served,17.3265306122449,0.5206687472278376,1242,77,At or above average
95678,Roseville,1783,454,35,54,85,139,42,735.0,32887.0,44.74421768707483,Well served,12.827338129496402,0.3854663246566378,1329,97,At or above average
95679,,4,4,0,0,0,0,0,0.0,19.0,,"Fewer than 1,000 EVs",,,0,0,"Fewer than 1,000 EVs"
95680,,3,0,0,0,0,0,0,5.0,135.0,27.0,"Fewer than 1,000 EVs",,,3,0,"Fewer than 1,000 EVs"
95681,,16,8,0,0,0,0,0,14.0,3690.0,263.57142857142856,"Fewer than 1,000 EVs",,,8,0,"Fewer than 1,000 EVs"
95682,Cameron Park,1260,392,3,6,12,18,6,208.0,7305.0,35.12019230769231,Locally sparse - chargers nearby,70.0,2.1035262697190613,868,12,Below average
95683,Rancho Murieta,462,88,3,3,16,19,3,145.0,4196.0,28.93793103448276,"Fewer than 1,000 EVs",24.31578947368421,0.7306985989550423,374,16,"Fewer than 1,000 EVs"
95684,Somerset,77,16,4,5,0,5,2,9.0,137.0,15.22222222222222,"Fewer than 1,000 EVs",15.4,0.4627757793381935,61,3,"Fewer than 1,000 EVs"
95685,Sutter Creek,153,39,4,8,0,8,8,34.0,526.0,15.470588235294118,"Fewer than 1,000 EVs",19.125,0.5747134272625293,114,0,"Fewer than 1,000 EVs"
95686,,16,4,0,0,0,0,0,12.0,1308.0,109.0,"Fewer than 1,000 EVs",,,12,0,"Fewer than 1,000 EVs"
95687,Vacaville,2452,582,23,34,42,76,32,349.0,6876.0,19.702005730659025,Well served,32.26315789473684,0.9695200025096126,1870,44,At or above average
95688,Vacaville,1568,478,21,33,58,91,17,193.0,7166.0,37.129533678756474,Well served,17.23076923076923,0.5177910817769997,1090,74,At or above average
95689,,28,10,0,0,0,0,0,9.0,368.0,40.888888888888886,"Fewer than 1,000 EVs",,,18,0,"Fewer than 1,000 EVs"
95690,,68,15,0,0,0,0,0,5.0,135.0,27.0,"Fewer than 1,000 EVs",,,53,0,"Fewer than 1,000 EVs"
95691,West Sacramento,1969,500,20,25,10,35,4,1405.0,28195.0,20.06761565836299,Well served,56.25714285714286,1.6905482551334008,1469,31,Below average
95692,,99,17,0,0,0,0,0,9.0,4601.0,511.22222222222223,"Fewer than 1,000 EVs",,,82,0,"Fewer than 1,000 EVs"
95693,,329,87,0,0,0,0,0,262.0,7412.0,28.290076335877863,"Fewer than 1,000 EVs",,,242,0,"Fewer than 1,000 EVs"
95694,Winters,386,109,4,9,0,9,3,18.0,1956.0,108.66666666666669,"Fewer than 1,000 EVs",42.888888888888886,1.288827206526282,277,6,"Fewer than 1,000 EVs"
95695,Woodland,831,218,19,42,8,50,7,122.0,4908.0,40.22950819672131,"Fewer than 1,000 EVs",16.62,0.4994372371818686,613,43,"Fewer than 1,000 EVs"
95696,,10,11,0,0,0,0,0,,,,No location data,,,-1,0,"Fewer than 1,000 EVs"
95697,,4,1,0,0,0,0,0,114.0,2138.0,18.75438596491228,"Fewer than 1,000 EVs",,,3,0,"Fewer than 1,000 EVs"
95698,,6,1,0,0,0,0,0,67.0,934.0,13.940298507462687,"Fewer than 1,000 EVs",,,5,0,"Fewer than 1,000 EVs"
95699,,4,1,0,0,0,0,0,34.0,605.0,17.794117647058822,"Fewer than 1,000 EVs",,,3,0,"Fewer than 1,000 EVs"
95701,,27,4,0,0,0,0,0,0.0,838.0,,"Fewer than 1,000 EVs",,,23,0,"Fewer than 1,000 EVs"
95703,,51,20,0,0,0,0,0,102.0,2640.0,25.88235294117647,"Fewer than 1,000 EVs",,,31,0,"Fewer than 1,000 EVs"
95709,,138,27,0,0,0,0,0,90.0,1190.0,13.22222222222222,"Fewer than 1,000 EVs",,,111,0,"Fewer than 1,000 EVs"
95712,,11,2,0,0,0,0,0,,,,No location data,,,9,0,"Fewer than 1,000 EVs"
95713,Colfax,245,75,5,2,16,18,2,18.0,1376.0,76.44444444444444,"Fewer than 1,000 EVs",13.61111111111111,0.40901899688981747,170,16,"Fewer than 1,000 EVs"
95714,,8,0,0,0,0,0,0,14.0,890.0,63.57142857142857,"Fewer than 1,000 EVs",,,8,0,"Fewer than 1,000 EVs"
95715,,2,1,0,0,0,0,0,16.0,29.0,1.8125,"Fewer than 1,000 EVs",,,1,0,"Fewer than 1,000 EVs"
95717,,5,1,0,0,0,0,0,18.0,1040.0,57.77777777777778,"Fewer than 1,000 EVs",,,4,0,"Fewer than 1,000 EVs"
95720,,2,2,0,0,0,0,0,0.0,5.0,,"Fewer than 1,000 EVs",,,0,0,"Fewer than 1,000 EVs"
95722,,289,106,0,0,0,0,0,100.0,3241.0,32.41,"Fewer than 1,000 EVs",,,183,0,"Fewer than 1,000 EVs"
95724,,6,2,0,0,0,0,0,,,,No location data,,,4,0,"Fewer than 1,000 EVs"
95726,Pollock Pines,162,40,5,3,15,18,3,18.0,162.0,9.0,"Fewer than 1,000 EVs",9.0,0.2704533775353079,122,15,"Fewer than 1,000 EVs"
95728,Soda Springs,32,7,5,4,14,18,4,36.0,32.0,0.8888888888888888,"Fewer than 1,000 EVs",1.7777777777777777,0.05342288938969045,25,14,"Fewer than 1,000 EVs"
95735,Twin Bridges,3,0,1,2,0,2,0,10.0,518.0,51.8,"Fewer than 1,000 EVs",1.5,0.04507556292255131,3,2,"Fewer than 1,000 EVs"
95736,,23,5,0,0,0,0,0,78.0,1924.0,24.666666666666668,"Fewer than 1,000 EVs",,,18,0,"Fewer than 1,000 EVs"
95741,,23,4,0,0,0,0,0,,,,No location data,,,19,0,"Fewer than 1,000 EVs"
95742,Rancho Cordova,2426,339,6,8,22,30,0,681.0,26626.0,39.09838472834067,Locally sparse - chargers nearby,80.86666666666666,2.430073681113544,2087,30,Below average
95746,Granite Bay,2348,757,6,8,8,16,3,754.0,31349.0,41.57692307692308,Locally sparse - chargers nearby,146.75,4.409892572589603,1591,13,Severely underserved (>3x state avg)
95747,Roseville,7800,1187,8,14,14,28,4,651.0,24009.0,36.88018433179724,Locally sparse - chargers nearby,278.57142857142856,8.371175971330958,6613,24,Severely underserved (>3x state avg)
95757,Elk Grove,5102,845,109,202,10,212,4,379.0,13930.0,36.754617414248024,Well served,24.066037735849058,0.7231934655058391,4257,208,At or above average
95758,Elk Grove,3355,698,16,25,47,72,27,859.0,27990.0,32.584400465657744,Well served,46.59722222222222,1.4002640148625896,2657,45,Below average
95759,,13,4,0,0,0,0,0,,,,No location data,,,9,0,"Fewer than 1,000 EVs"
95762,El Dorado Hills,5069,1575,11,17,14,31,8,335.0,17687.0,52.797014925373134,Locally sparse - chargers nearby,163.51612903225808,4.913721042030379,3494,23,Severely underserved (>3x state avg)
95763,,28,10,0,0,0,0,0,,,,No location data,,,18,0,"Fewer than 1,000 EVs"
95765,Rocklin,3394,862,7,6,9,15,0,543.0,30418.0,56.01841620626151,Locally sparse - chargers nearby,226.26666666666668,6.799398247072852,2532,15,Severely underserved (>3x state avg)
95776,Woodland,1295,263,12,16,46,62,24,191.0,7397.0,38.72774869109948,Well served,20.887096774193548,0.6276650966097199,1032,38,At or above average
95798,,1,3,0,0,0,0,0,,,,No location data,,,-2,0,"Fewer than 1,000 EVs"
95811,Sacramento,608,231,48,99,0,99,13,1743.0,37456.0,21.48938611589214,"Fewer than 1,000 EVs",6.141414141414141,0.18455179970983973,377,86,"Fewer than 1,000 EVs"
95812,,47,5,0,0,0,0,0,,,,No location data,,,42,0,"Fewer than 1,000 EVs"
95813,,3,1,0,0,0,0,0,,,,No location data,,,2,0,"Fewer than 1,000 EVs"
95814,Sacramento,721,645,146,333,34,367,46,1692.0,37721.0,22.29373522458629,"Fewer than 1,000 EVs",1.9645776566757494,0.05903629585315077,76,321,"Fewer than 1,000 EVs"
95815,Sacramento,444,98,18,64,72,136,24,1879.0,44292.0,23.57211282597126,"Fewer than 1,000 EVs",3.264705882352941,0.09810563694908228,346,112,"Fewer than 1,000 EVs"
95816,Sacramento,2563,553,11,19,6,25,2,1800.0,40935.0,22.741666666666667,Locally sparse - chargers nearby,102.52,3.0807644738799738,2010,23,Severely underserved (>3x state avg)
95817,Sacramento,505,150,57,185,8,193,74,1834.0,43692.0,23.823336968375138,"Fewer than 1,000 EVs",2.616580310880829,0.07862922029667846,355,119,"Fewer than 1,000 EVs"
95818,Sacramento,1723,543,2,0,12,12,6,1687.0,37138.0,22.014226437462952,Locally sparse - chargers nearby,143.58333333333334,4.314733050864218,1180,6,Severely underserved (>3x state avg)
95819,Sacramento,1365,417,8,43,0,43,15,1904.0,46934.0,24.650210084033613,Well served,31.74418604651163,0.953924703709807,948,28,At or above average
95820,Sacramento,813,190,14,46,4,50,0,1867.0,38843.0,20.80503481521157,"Fewer than 1,000 EVs",16.26,0.48861910208045634,623,50,"Fewer than 1,000 EVs"
95821,Sacramento,1118,246,4,7,0,7,0,1965.0,45780.0,23.29770992366412,Locally sparse - chargers nearby,159.71428571428572,4.799474223563084,872,7,Severely underserved (>3x state avg)
95822,Sacramento,1467,405,13,32,8,40,10,1744.0,35681.0,20.459288990825687,Well served,36.675,1.1020975134563795,1062,30,Below average
95823,Sacramento,1379,192,12,16,54,70,0,1679.0,36398.0,21.678379988088142,Well served,19.7,0.5919923930495072,1187,70,At or above average
95824,Sacramento,441,62,1,5,0,5,0,1755.0,40404.0,23.022222222222226,"Fewer than 1,000 EVs",88.2,2.6504430998460173,379,5,"Fewer than 1,000 EVs"
95825,Sacramento,978,240,5,44,14,58,0,1982.0,48767.0,24.60494450050454,"Fewer than 1,000 EVs",16.862068965517242,0.5067115004397148,738,58,"Fewer than 1,000 EVs"
95826,Sacramento,1122,276,13,25,20,45,5,1884.0,46835.0,24.859341825902337,Well served,24.933333333333334,0.7492560236904086,846,40,At or above average
95827,Sacramento,807,195,26,44,12,56,8,1635.0,40087.0,24.518042813455654,"Fewer than 1,000 EVs",14.410714285714286,0.43304737236308233,612,48,"Fewer than 1,000 EVs"
95828,Sacramento,2030,311,4,6,6,12,2,1684.0,32093.0,19.057600950118765,Locally sparse - chargers nearby,169.16666666666666,5.083521818487731,1719,10,Severely underserved (>3x state avg)
95829,Sacramento,2395,362,2,3,0,3,0,1188.0,34224.0,28.80808080808081,Locally sparse - chargers nearby,798.3333333333334,23.99021626655787,2033,3,Severely underserved (>3x state avg)
95830,,48,11,0,0,0,0,0,742.0,24048.0,32.40970350404313,"Fewer than 1,000 EVs",,,37,0,"Fewer than 1,000 EVs"
95831,Sacramento,2199,612,4,10,0,10,0,1541.0,28012.0,18.17780661907852,Locally sparse - chargers nearby,219.9,6.608077524446023,1587,10,Severely underserved (>3x state avg)
95832,Sacramento,265,45,4,6,28,34,0,1248.0,27519.0,22.05048076923077,"Fewer than 1,000 EVs",7.794117647058823,0.23421616028384507,220,34,"Fewer than 1,000 EVs"
95833,Sacramento,1433,306,36,102,12,114,7,1603.0,30725.0,19.167186525265127,Well served,12.570175438596491,0.3777384892866435,1127,107,At or above average
95834,Sacramento,2917,860,30,59,42,101,10,1540.0,30397.0,19.73831168831169,Well served,28.88118811881188,0.8678905415516976,2057,91,At or above average
95835,Sacramento,3272,637,17,61,0,61,0,1376.0,28971.0,21.054505813953487,Well served,53.63934426229508,1.611882424946316,2635,61,Below average
95837,Sacramento,26,10,3,4,8,12,4,919.0,14531.0,15.811751904243744,"Fewer than 1,000 EVs",2.1666666666666665,0.06510914644368523,16,8,"Fewer than 1,000 EVs"
95838,Sacramento,751,128,5,9,3,12,0,1868.0,39809.0,21.3110278372591,"Fewer than 1,000 EVs",62.583333333333336,1.8806526530464467,623,12,"Fewer than 1,000 EVs"
95841,Sacramento,582,132,6,54,14,68,14,1894.0,47850.0,25.263991552270326,"Fewer than 1,000 EVs",8.558823529411764,0.25719585902867514,450,54,"Fewer than 1,000 EVs"
95842,Sacramento,845,159,4,2,20,22,2,1234.0,49428.0,40.055105348460295,"Fewer than 1,000 EVs",38.40909090909091,1.1542075960471472,686,20,"Fewer than 1,000 EVs"
95843,Antelope,2148,313,1,1,0,1,1,1082.0,43571.0,40.26894639556377,Locally sparse - chargers nearby,2148.0,64.54820610509348,1835,0,Severely underserved (>3x state avg)
95851,,5,0,0,0,0,0,0,,,,No location data,,,5,0,"Fewer than 1,000 EVs"
95852,,9,6,0,0,0,0,0,,,,No location data,,,3,0,"Fewer than 1,000 EVs"
95853,,2,1,0,0,0,0,0,,,,No location data,,,1,0,"Fewer than 1,000 EVs"
95860,,6,6,0,0,0,0,0,,,,No location data,,,0,0,"Fewer than 1,000 EVs"
95864,Sacramento,1732,515,2,3,0,3,1,1961.0,48397.0,24.67975522692504,Locally sparse - chargers nearby,577.3333333333334,17.349083329301973,1217,2,Severely underserved (>3x state avg)
95865,,14,9,0,0,0,0,0,,,,No location data,,,5,0,"Fewer than 1,000 EVs"
95866,,4,5,0,0,0,0,0,,,,No location data,,,-1,0,"Fewer than 1,000 EVs"
95883,,0,1,0,0,0,0,0,,,,No location data,,,-1,0,"Fewer than 1,000 EVs"
95899,,28,5,0,0,0,0,0,,,,No location data,,,23,0,"Fewer than 1,000 EVs"
95901,Marysville,516,109,4,4,12,16,0,42.0,616.0,14.666666666666666,"Fewer than 1,000 EVs",32.25,0.9691246028348532,407,16,"Fewer than 1,000 EVs"
95903,,39,6,0,0,0,0,0,9.0,710.0,78.88888888888889,"Fewer than 1,000 EVs",,,33,0,"Fewer than 1,000 EVs"
95910,,1,0,0,0,0,0,0,2.0,802.0,401.0,"Fewer than 1,000 EVs",,,1,0,"Fewer than 1,000 EVs"
95912,,59,14,0,0,0,0,0,7.0,79.0,11.285714285714286,"Fewer than 1,000 EVs",,,45,0,"Fewer than 1,000 EVs"
95913,,3,3,0,0,0,0,0,12.0,164.0,13.666666666666666,"Fewer than 1,000 EVs",,,0,0,"Fewer than 1,000 EVs"
95914,,11,4,0,0,0,0,0,12.0,415.0,34.583333333333336,"Fewer than 1,000 EVs",,,7,0,"Fewer than 1,000 EVs"
95916,,3,3,0,0,0,0,0,0.0,8.0,,"Fewer than 1,000 EVs",,,0,0,"Fewer than 1,000 EVs"
95917,,38,6,0,0,0,0,0,2.0,151.0,75.5,"Fewer than 1,000 EVs",,,32,0,"Fewer than 1,000 EVs"
95918,,61,15,0,0,0,0,0,9.0,1022.0,113.55555555555556,"Fewer than 1,000 EVs",,,46,0,"Fewer than 1,000 EVs"
95919,,8,3,0,0,0,0,0,9.0,362.0,40.22222222222222,"Fewer than 1,000 EVs",,,5,0,"Fewer than 1,000 EVs"
95920,,6,2,0,0,0,0,0,0.0,58.0,,"Fewer than 1,000 EVs",,,4,0,"Fewer than 1,000 EVs"
95922,,3,0,0,0,0,0,0,4.0,39.0,9.75,"Fewer than 1,000 EVs",,,3,0,"Fewer than 1,000 EVs"
95924,,6,2,0,0,0,0,0,,,,No location data,,,4,0,"Fewer than 1,000 EVs"
95925,,2,1,0,0,0,0,0,13.0,53.0,4.076923076923077,"Fewer than 1,000 EVs",,,1,0,"Fewer than 1,000 EVs"
95926,Chico,686,204,3,4,1,5,2,126.0,2534.0,20.11111111111111,"Fewer than 1,000 EVs",137.2,4.12291148864936,482,3,"Fewer than 1,000 EVs"
95927,,22,3,0,0,0,0,0,,,,No location data,,,19,0,"Fewer than 1,000 EVs"
95928,Chico,907,259,35,80,36,116,31,126.0,1708.0,13.555555555555555,"Fewer than 1,000 EVs",7.818965517241379,0.23496284810778184,648,85,"Fewer than 1,000 EVs"
95930,,3,1,0,0,0,0,0,0.0,21.0,,"Fewer than 1,000 EVs",,,2,0,"Fewer than 1,000 EVs"
95932,Colusa,69,13,1,8,0,8,0,9.0,69.0,7.666666666666667,"Fewer than 1,000 EVs",8.625,0.25918448680467004,56,8,"Fewer than 1,000 EVs"
95934,,4,0,0,0,0,0,0,12.0,13.0,1.0833333333333333,"Fewer than 1,000 EVs",,,4,0,"Fewer than 1,000 EVs"
95935,,8,3,0,0,0,0,0,13.0,136.0,10.461538461538462,"Fewer than 1,000 EVs",,,5,0,"Fewer than 1,000 EVs"
95936,Downieville,5,1,2,2,0,2,1,2.0,6.0,3.0,"Fewer than 1,000 EVs",2.5,0.07512593820425219,4,1,"Fewer than 1,000 EVs"
95937,Dunnigan,16,5,6,2,65,67,6,67.0,92.0,1.373134328358209,"Fewer than 1,000 EVs",0.23880597014925373,0.007176209022495732,11,61,"Fewer than 1,000 EVs"
95938,,90,29,0,0,0,0,0,118.0,1000.0,8.474576271186441,"Fewer than 1,000 EVs",,,61,0,"Fewer than 1,000 EVs"
95941,,5,3,0,0,0,0,0,0.0,21.0,,"Fewer than 1,000 EVs",,,2,0,"Fewer than 1,000 EVs"
95942,,42,17,0,0,0,0,0,0.0,120.0,,"Fewer than 1,000 EVs",,,25,0,"Fewer than 1,000 EVs"
95943,,8,1,0,0,0,0,0,0.0,42.0,,"Fewer than 1,000 EVs",,,7,0,"Fewer than 1,000 EVs"
95945,Grass Valley,605,182,12,20,2,22,4,52.0,921.0,17.71153846153846,"Fewer than 1,000 EVs",27.5,0.8263853202467741,423,18,"Fewer than 1,000 EVs"
95946,,355,98,0,0,0,0,0,34.0,1145.0,33.6764705882353,"Fewer than 1,000 EVs",,,257,0,"Fewer than 1,000 EVs"
95947,,9,5,0,0,0,0,0,0.0,20.0,,"Fewer than 1,000 EVs",,,4,0,"Fewer than 1,000 EVs"
95948,Gridley,104,25,1,0,2,2,0,2.0,306.0,153.0,"Fewer than 1,000 EVs",52.0,1.5626195146484456,79,2,"Fewer than 1,000 EVs"
95949,Grass Valley,601,210,1,0,12,12,0,46.0,2060.0,44.78260869565217,"Fewer than 1,000 EVs",50.083333333333336,1.5050229620251856,391,12,"Fewer than 1,000 EVs"
95950,,4,1,0,0,0,0,0,0.0,69.0,,"Fewer than 1,000 EVs",,,3,0,"Fewer than 1,000 EVs"
95951,,25,3,0,0,0,0,0,49.0,1626.0,33.183673469387756,"Fewer than 1,000 EVs",,,22,0,"Fewer than 1,000 EVs"
95953,,164,22,0,0,0,0,0,14.0,312.0,22.285714285714285,"Fewer than 1,000 EVs",,,142,0,"Fewer than 1,000 EVs"
95954,,77,17,0,0,0,0,0,0.0,120.0,,"Fewer than 1,000 EVs",,,60,0,"Fewer than 1,000 EVs"
95955,,10,0,0,0,0,0,0,9.0,10.0,1.1111111111111112,"Fewer than 1,000 EVs",,,10,0,"Fewer than 1,000 EVs"
95956,,6,4,0,0,0,0,0,0.0,7.0,,"Fewer than 1,000 EVs",,,2,0,"Fewer than 1,000 EVs"
95957,,6,2,0,0,0,0,0,0.0,1006.0,,"Fewer than 1,000 EVs",,,4,0,"Fewer than 1,000 EVs"
95959,Nevada City,796,303,1,4,0,4,0,4.0,824.0,206.0,"Fewer than 1,000 EVs",199.0,5.980024681058475,493,4,"Fewer than 1,000 EVs"
95960,,23,7,0,0,0,0,0,4.0,36.0,9.0,"Fewer than 1,000 EVs",,,16,0,"Fewer than 1,000 EVs"
95961,Olivehurst,911,111,1,1,0,1,0,46.0,2570.0,55.869565217391305,"Fewer than 1,000 EVs",911.0,27.3758918816295,800,1,"Fewer than 1,000 EVs"
95962,Oregon House,30,12,2,9,0,9,0,9.0,532.0,59.111111111111114,"Fewer than 1,000 EVs",3.3333333333333335,0.10016791760566959,18,9,"Fewer than 1,000 EVs"
95963,Orland,153,35,2,0,8,8,4,8.0,156.0,19.5,"Fewer than 1,000 EVs",19.125,0.5747134272625293,118,4,"Fewer than 1,000 EVs"
95965,Oroville,183,50,3,5,8,13,0,16.0,418.0,26.125,"Fewer than 1,000 EVs",14.076923076923077,0.42301682127317386,133,13,"Fewer than 1,000 EVs"
95966,Oroville,294,80,1,3,0,3,3,16.0,324.0,20.25,"Fewer than 1,000 EVs",98.0,2.944936777606686,214,0,"Fewer than 1,000 EVs"
95967,,6,2,0,0,0,0,0,,,,No location data,,,4,0,"Fewer than 1,000 EVs"
95968,,10,0,0,0,0,0,0,18.0,315.0,17.5,"Fewer than 1,000 EVs",,,10,0,"Fewer than 1,000 EVs"
95969,Paradise,235,42,2,3,8,11,0,92.0,418.0,4.543478260869565,"Fewer than 1,000 EVs",21.363636363636363,0.6419852901090641,193,11,"Fewer than 1,000 EVs"
95970,,3,1,0,0,0,0,0,0.0,9.0,,"Fewer than 1,000 EVs",,,2,0,"Fewer than 1,000 EVs"
95971,Quincy,64,19,3,4,8,12,0,12.0,64.0,5.333333333333333,"Fewer than 1,000 EVs",5.333333333333333,0.16026866816907134,45,12,"Fewer than 1,000 EVs"
95972,,1,0,0,0,0,0,0,12.0,415.0,34.583333333333336,"Fewer than 1,000 EVs",,,1,0,"Fewer than 1,000 EVs"
95973,Chico,916,224,3,4,1,5,0,10.0,1607.0,160.7,"Fewer than 1,000 EVs",183.2,5.5052287516076,692,5,"Fewer than 1,000 EVs"
95974,,3,0,0,0,0,0,0,11.0,137.0,12.454545454545457,"Fewer than 1,000 EVs",,,3,0,"Fewer than 1,000 EVs"
95975,,58,22,0,0,0,0,0,34.0,1689.0,49.6764705882353,"Fewer than 1,000 EVs",,,36,0,"Fewer than 1,000 EVs"
95977,,40,18,0,0,0,0,0,0.0,1154.0,,"Fewer than 1,000 EVs",,,22,0,"Fewer than 1,000 EVs"
95978,,1,0,0,0,0,0,0,0.0,120.0,,"Fewer than 1,000 EVs",,,1,0,"Fewer than 1,000 EVs"
95979,,5,3,0,0,0,0,0,0.0,5.0,,"Fewer than 1,000 EVs",,,2,0,"Fewer than 1,000 EVs"
95982,,44,10,0,0,0,0,0,20.0,1166.0,58.3,"Fewer than 1,000 EVs",,,34,0,"Fewer than 1,000 EVs"
95983,,7,2,0,0,0,0,0,0.0,16.0,,"Fewer than 1,000 EVs",,,5,0,"Fewer than 1,000 EVs"
95984,,1,0,0,0,0,0,0,4.0,7.0,1.75,"Fewer than 1,000 EVs",,,1,0,"Fewer than 1,000 EVs"
95987,Williams,52,10,4,2,21,23,14,23.0,52.0,2.260869565217391,"Fewer than 1,000 EVs",2.260869565217391,0.0679399788977585,42,9,"Fewer than 1,000 EVs"
95988,Willows,74,25,1,0,4,4,4,4.0,74.0,18.5,"Fewer than 1,000 EVs",18.5,0.5559319427114662,49,0,"Fewer than 1,000 EVs"
95991,Yuba City,593,132,3,9,6,15,4,46.0,2471.0,53.71739130434783,"Fewer than 1,000 EVs",39.53333333333333,1.1879915028032413,461,11,"Fewer than 1,000 EVs"
95992,,15,3,0,0,0,0,0,,,,No location data,,,12,0,"Fewer than 1,000 EVs"
95993,Yuba City,952,183,2,2,10,12,10,44.0,2506.0,56.95454545454545,"Fewer than 1,000 EVs",79.33333333333333,2.383996439014936,769,2,"Fewer than 1,000 EVs"
96001,Redding,830,197,14,26,12,38,0,201.0,2340.0,11.64179104477612,"Fewer than 1,000 EVs",21.842105263157894,0.6563634601003087,633,38,"Fewer than 1,000 EVs"
96002,Redding,588,131,34,45,80,125,9,232.0,2550.0,10.991379310344827,"Fewer than 1,000 EVs",4.704,0.14135696532512093,457,116,"Fewer than 1,000 EVs"
96003,Redding,791,172,6,19,20,39,0,194.0,2458.0,12.670103092783505,"Fewer than 1,000 EVs",20.28205128205128,0.6094832525083435,619,39,"Fewer than 1,000 EVs"
96006,,3,0,0,0,0,0,0,0.0,3.0,,"Fewer than 1,000 EVs",,,3,0,"Fewer than 1,000 EVs"
96007,Anderson,210,41,4,2,13,15,4,192.0,798.0,4.15625,"Fewer than 1,000 EVs",14.0,0.4207052539438123,169,11,"Fewer than 1,000 EVs"
96008,,23,8,0,0,0,0,0,0.0,41.0,,"Fewer than 1,000 EVs",,,15,0,"Fewer than 1,000 EVs"
96009,,1,0,0,0,0,0,0,0.0,1.0,,"Fewer than 1,000 EVs",,,1,0,"Fewer than 1,000 EVs"
96010,,2,0,0,0,0,0,0,0.0,8.0,,"Fewer than 1,000 EVs",,,2,0,"Fewer than 1,000 EVs"
96011,,1,1,0,0,0,0,0,0.0,1.0,,"Fewer than 1,000 EVs",,,0,0,"Fewer than 1,000 EVs"
96012,,1,0,0,0,0,0,0,,,,No location data,,,1,0,"Fewer than 1,000 EVs"
96013,Burney,16,2,1,0,8,8,0,8.0,17.0,2.125,"Fewer than 1,000 EVs",2.0,0.06010075056340176,14,8,"Fewer than 1,000 EVs"
96014,,1,1,0,0,0,0,0,0.0,1.0,,"Fewer than 1,000 EVs",,,0,0,"Fewer than 1,000 EVs"
96015,,5,0,0,0,0,0,0,0.0,5.0,,"Fewer than 1,000 EVs",,,5,0,"Fewer than 1,000 EVs"
96016,,1,0,0,0,0,0,0,8.0,28.0,3.5,"Fewer than 1,000 EVs",,,1,0,"Fewer than 1,000 EVs"
96017,,4,1,0,0,0,0,0,5.0,24.0,4.8,"Fewer than 1,000 EVs",,,3,0,"Fewer than 1,000 EVs"
96019,,118,29,0,0,0,0,0,174.0,1739.0,9.994252873563218,"Fewer than 1,000 EVs",,,89,0,"Fewer than 1,000 EVs"
96020,,15,6,0,0,0,0,0,0.0,43.0,,"Fewer than 1,000 EVs",,,9,0,"Fewer than 1,000 EVs"
96021,Corning,122,36,8,41,20,61,38,61.0,146.0,2.3934426229508197,"Fewer than 1,000 EVs",2.0,0.06010075056340176,86,23,"Fewer than 1,000 EVs"
96022,Cottonwood,211,51,1,0,12,12,0,12.0,211.0,17.583333333333332,"Fewer than 1,000 EVs",17.583333333333332,0.5283857653699071,160,12,"Fewer than 1,000 EVs"
96023,,1,0,0,0,0,0,0,0.0,1.0,,"Fewer than 1,000 EVs",,,1,0,"Fewer than 1,000 EVs"
96024,,20,8,0,0,0,0,0,8.0,42.0,5.25,"Fewer than 1,000 EVs",,,12,0,"Fewer than 1,000 EVs"
96025,Dunsmuir,20,3,3,4,1,5,4,54.0,197.0,3.648148148148149,"Fewer than 1,000 EVs",4.0,0.12020150112680351,17,1,"Fewer than 1,000 EVs"
96027,,13,1,0,0,0,0,0,0.0,13.0,,"Fewer than 1,000 EVs",,,12,0,"Fewer than 1,000 EVs"
96028,,8,1,0,0,0,0,0,0.0,21.0,,"Fewer than 1,000 EVs",,,7,0,"Fewer than 1,000 EVs"
96029,,1,1,0,0,0,0,0,0.0,1.0,,"Fewer than 1,000 EVs",,,0,0,"Fewer than 1,000 EVs"
96031,,1,0,0,0,0,0,0,0.0,1.0,,"Fewer than 1,000 EVs",,,1,0,"Fewer than 1,000 EVs"
96032,,19,6,0,0,0,0,0,0.0,21.0,,"Fewer than 1,000 EVs",,,13,0,"Fewer than 1,000 EVs"
96033,,2,0,0,0,0,0,0,0.0,15.0,,"Fewer than 1,000 EVs",,,2,0,"Fewer than 1,000 EVs"
96034,,3,0,0,0,0,0,0,0.0,3.0,,"Fewer than 1,000 EVs",,,3,0,"Fewer than 1,000 EVs"
96035,,20,8,0,0,0,0,0,65.0,178.0,2.7384615384615385,"Fewer than 1,000 EVs",,,12,0,"Fewer than 1,000 EVs"
96037,,2,1,0,0,0,0,0,0.0,21.0,,"Fewer than 1,000 EVs",,,1,0,"Fewer than 1,000 EVs"
96038,,4,0,0,0,0,0,0,30.0,4.0,0.1333333333333333,"Fewer than 1,000 EVs",,,4,0,"Fewer than 1,000 EVs"
96039,,1,1,0,0,0,0,0,0.0,1.0,,"Fewer than 1,000 EVs",,,0,0,"Fewer than 1,000 EVs"
96040,,3,1,0,0,0,0,0,0.0,4.0,,"Fewer than 1,000 EVs",,,2,0,"Fewer than 1,000 EVs"
96041,,12,5,0,0,0,0,0,0.0,12.0,,"Fewer than 1,000 EVs",,,7,0,"Fewer than 1,000 EVs"
96044,,9,1,0,0,0,0,0,0.0,9.0,,"Fewer than 1,000 EVs",,,8,0,"Fewer than 1,000 EVs"
96046,,3,1,0,0,0,0,0,0.0,3.0,,"Fewer than 1,000 EVs",,,2,0,"Fewer than 1,000 EVs"
96047,,15,4,0,0,0,0,0,0.0,15.0,,"Fewer than 1,000 EVs",,,11,0,"Fewer than 1,000 EVs"
96048,,9,2,0,0,0,0,0,8.0,61.0,7.625,"Fewer than 1,000 EVs",,,7,0,"Fewer than 1,000 EVs"
96049,,11,5,0,0,0,0,0,,,,No location data,,,6,0,"Fewer than 1,000 EVs"
96050,,1,1,0,0,0,0,0,0.0,2.0,,"Fewer than 1,000 EVs",,,0,0,"Fewer than 1,000 EVs"
96051,Lakehead,18,5,2,2,1,3,1,3.0,18.0,6.0,"Fewer than 1,000 EVs",6.0,0.18030225169020525,13,2,"Fewer than 1,000 EVs"
96052,Lewiston,22,7,1,2,0,2,2,10.0,94.0,9.4,"Fewer than 1,000 EVs",11.0,0.33055412809870965,15,0,"Fewer than 1,000 EVs"
96055,,30,8,0,0,0,0,0,0.0,61.0,,"Fewer than 1,000 EVs",,,22,0,"Fewer than 1,000 EVs"
96056,,12,3,0,0,0,0,0,0.0,20.0,,"Fewer than 1,000 EVs",,,9,0,"Fewer than 1,000 EVs"
96057,,14,2,0,0,0,0,0,0.0,14.0,,"Fewer than 1,000 EVs",,,12,0,"Fewer than 1,000 EVs"
96058,,3,0,0,0,0,0,0,0.0,3.0,,"Fewer than 1,000 EVs",,,3,0,"Fewer than 1,000 EVs"
96059,,4,0,0,0,0,0,0,2.0,67.0,33.5,"Fewer than 1,000 EVs",,,4,0,"Fewer than 1,000 EVs"
96061,,2,0,0,0,0,0,0,4.0,3.0,0.75,"Fewer than 1,000 EVs",,,2,0,"Fewer than 1,000 EVs"
96062,,23,12,0,0,0,0,0,4.0,172.0,43.0,"Fewer than 1,000 EVs",,,11,0,"Fewer than 1,000 EVs"
96063,Mineral,1,0,2,4,0,4,2,4.0,3.0,0.75,"Fewer than 1,000 EVs",0.25,0.00751259382042522,1,2,"Fewer than 1,000 EVs"
96064,,33,4,0,0,0,0,0,0.0,33.0,,"Fewer than 1,000 EVs",,,29,0,"Fewer than 1,000 EVs"
96065,,2,3,0,0,0,0,0,0.0,9.0,,"Fewer than 1,000 EVs",,,-1,0,"Fewer than 1,000 EVs"
96067,Mount Shasta,173,51,11,12,37,49,24,93.0,193.0,2.075268817204301,"Fewer than 1,000 EVs",3.5306122448979593,0.10609622293335208,122,25,"Fewer than 1,000 EVs"
96069,,18,12,0,0,0,0,0,0.0,82.0,,"Fewer than 1,000 EVs",,,6,0,"Fewer than 1,000 EVs"
96073,Palo Cedro,131,34,1,4,0,4,0,195.0,1533.0,7.861538461538461,"Fewer than 1,000 EVs",32.75,0.9841497904757037,97,4,"Fewer than 1,000 EVs"
96075,,3,2,0,0,0,0,0,0.0,7.0,,"Fewer than 1,000 EVs",,,1,0,"Fewer than 1,000 EVs"
96076,,1,0,0,0,0,0,0,0.0,1.0,,"Fewer than 1,000 EVs",,,1,0,"Fewer than 1,000 EVs"
96078,,2,1,0,0,0,0,0,39.0,56.0,1.435897435897436,"Fewer than 1,000 EVs",,,1,0,"Fewer than 1,000 EVs"
96080,Red Bluff,308,75,13,11,28,39,11,39.0,308.0,7.897435897435898,"Fewer than 1,000 EVs",7.897435897435898,0.23732091248112488,233,28,"Fewer than 1,000 EVs"
96084,,7,1,0,0,0,0,0,0.0,27.0,,"Fewer than 1,000 EVs",,,6,0,"Fewer than 1,000 EVs"
96085,,1,0,0,0,0,0,0,0.0,2.0,,"Fewer than 1,000 EVs",,,1,0,"Fewer than 1,000 EVs"
96087,,13,0,0,0,0,0,0,0.0,845.0,,"Fewer than 1,000 EVs",,,13,0,"Fewer than 1,000 EVs"
96088,Shingletown,60,13,1,2,0,2,2,2.0,75.0,37.5,"Fewer than 1,000 EVs",30.0,0.9015112584510263,47,0,"Fewer than 1,000 EVs"
96089,,2,1,0,0,0,0,0,,,,No location data,,,1,0,"Fewer than 1,000 EVs"
96090,,4,0,0,0,0,0,0,31.0,183.0,5.903225806451613,"Fewer than 1,000 EVs",,,4,0,"Fewer than 1,000 EVs"
96091,Coffee Creek,6,3,2,2,0,2,2,2.0,6.0,3.0,"Fewer than 1,000 EVs",3.0,0.09015112584510263,3,0,"Fewer than 1,000 EVs"
96092,,5,3,0,0,0,0,0,0.0,955.0,,"Fewer than 1,000 EVs",,,2,0,"Fewer than 1,000 EVs"
96093,Weaverville,52,16,1,0,8,8,0,10.0,83.0,8.3,"Fewer than 1,000 EVs",6.5,0.1953274393310557,36,8,"Fewer than 1,000 EVs"
96094,Weed,98,15,6,2,37,39,0,39.0,98.0,2.5128205128205128,"Fewer than 1,000 EVs",2.5128205128205128,0.07551119942581246,83,39,"Fewer than 1,000 EVs"
96096,,11,5,0,0,0,0,0,2.0,89.0,44.5,"Fewer than 1,000 EVs",,,6,0,"Fewer than 1,000 EVs"
96097,Yreka,64,12,7,4,26,30,5,30.0,64.0,2.1333333333333333,"Fewer than 1,000 EVs",2.1333333333333333,0.06410746726762853,52,25,"Fewer than 1,000 EVs"
96099,,13,6,0,0,0,0,0,,,,No location data,,,7,0,"Fewer than 1,000 EVs"
96101,Alturas,25,1,2,2,8,10,2,10.0,25.0,2.5,"Fewer than 1,000 EVs",2.5,0.07512593820425219,24,8,"Fewer than 1,000 EVs"
96103,Graeagle,16,1,2,4,0,4,4,6.0,27.0,4.5,"Fewer than 1,000 EVs",4.0,0.12020150112680351,15,0,"Fewer than 1,000 EVs"
96104,,3,0,0,0,0,0,0,0.0,3.0,,"Fewer than 1,000 EVs",,,3,0,"Fewer than 1,000 EVs"
96105,,2,0,0,0,0,0,0,0.0,4.0,,"Fewer than 1,000 EVs",,,2,0,"Fewer than 1,000 EVs"
96106,Clio,11,1,1,2,0,2,2,14.0,73.0,5.214285714285714,"Fewer than 1,000 EVs",5.5,0.16527706404935483,10,0,"Fewer than 1,000 EVs"
96107,Coleville,6,1,1,0,4,4,0,4.0,6.0,1.5,"Fewer than 1,000 EVs",1.5,0.04507556292255131,5,4,"Fewer than 1,000 EVs"
96108,,1,0,0,0,0,0,0,0.0,1.0,,"Fewer than 1,000 EVs",,,1,0,"Fewer than 1,000 EVs"
96109,,7,0,0,0,0,0,0,0.0,7.0,,"Fewer than 1,000 EVs",,,7,0,"Fewer than 1,000 EVs"
96111,,3,1,0,0,0,0,0,19.0,3.0,0.1578947368421052,"Fewer than 1,000 EVs",,,2,0,"Fewer than 1,000 EVs"
96113,,1,0,0,0,0,0,0,0.0,1.0,,"Fewer than 1,000 EVs",,,1,0,"Fewer than 1,000 EVs"
96114,,19,4,0,0,0,0,0,1.0,21.0,21.0,"Fewer than 1,000 EVs",,,15,0,"Fewer than 1,000 EVs"
96115,Lake City,0,0,1,2,0,2,2,2.0,0.0,0.0,"Fewer than 1,000 EVs",0.0,0.0,0,0,"Fewer than 1,000 EVs"
96117,,2,1,0,0,0,0,0,0.0,2.0,,"Fewer than 1,000 EVs",,,1,0,"Fewer than 1,000 EVs"
96118,Loyalton,15,0,1,1,0,1,0,1.0,15.0,15.0,"Fewer than 1,000 EVs",15.0,0.45075562922551315,15,1,"Fewer than 1,000 EVs"
96119,,1,0,0,0,0,0,0,0.0,1.0,,"Fewer than 1,000 EVs",,,1,0,"Fewer than 1,000 EVs"
96120,Hope Valley,31,7,2,4,0,4,4,4.0,31.0,7.75,"Fewer than 1,000 EVs",7.75,0.2328904084331818,24,0,"Fewer than 1,000 EVs"
96121,,1,0,0,0,0,0,0,0.0,1.0,,"Fewer than 1,000 EVs",,,1,0,"Fewer than 1,000 EVs"
96122,Portola,33,4,1,0,8,8,0,13.0,46.0,3.5384615384615383,"Fewer than 1,000 EVs",4.125,0.12395779803701612,29,8,"Fewer than 1,000 EVs"
96124,,5,1,0,0,0,0,0,2.0,29.0,14.5,"Fewer than 1,000 EVs",,,4,0,"Fewer than 1,000 EVs"
96125,,8,0,0,0,0,0,0,3.0,24.0,8.0,"Fewer than 1,000 EVs",,,8,0,"Fewer than 1,000 EVs"
96126,,5,2,0,0,0,0,0,0.0,10.0,,"Fewer than 1,000 EVs",,,3,0,"Fewer than 1,000 EVs"
96127,,1,0,0,0,0,0,0,,,,No location data,,,1,0,"Fewer than 1,000 EVs"
96128,,2,0,0,0,0,0,0,0.0,21.0,,"Fewer than 1,000 EVs",,,2,0,"Fewer than 1,000 EVs"
96129,,2,2,0,0,0,0,0,11.0,37.0,3.363636363636364,"Fewer than 1,000 EVs",,,0,0,"Fewer than 1,000 EVs"
96130,Susanville,63,6,5,7,8,15,4,15.0,63.0,4.2,"Fewer than 1,000 EVs",4.2,0.1262115761831437,57,11,"Fewer than 1,000 EVs"
96133,,2,1,0,0,0,0,0,4.0,2.0,0.5,"Fewer than 1,000 EVs",,,1,0,"Fewer than 1,000 EVs"
96134,Tulelake,5,1,1,2,0,2,0,2.0,5.0,2.5,"Fewer than 1,000 EVs",2.5,0.07512593820425219,4,2,"Fewer than 1,000 EVs"
96137,,28,8,0,0,0,0,0,0.0,43.0,,"Fewer than 1,000 EVs",,,20,0,"Fewer than 1,000 EVs"
96140,,62,16,0,0,0,0,0,146.0,393.0,2.691780821917808,"Fewer than 1,000 EVs",,,46,0,"Fewer than 1,000 EVs"
96141,,19,1,0,0,0,0,0,41.0,277.0,6.7560975609756095,"Fewer than 1,000 EVs",,,18,0,"Fewer than 1,000 EVs"
96142,,23,9,0,0,0,0,0,83.0,547.0,6.590361445783133,"Fewer than 1,000 EVs",,,14,0,"Fewer than 1,000 EVs"
96143,,57,7,0,0,0,0,0,90.0,325.0,3.611111111111111,"Fewer than 1,000 EVs",,,50,0,"Fewer than 1,000 EVs"
96145,Tahoe City,167,40,8,12,6,18,8,106.0,412.0,3.8867924528301887,"Fewer than 1,000 EVs",9.277777777777779,0.27880070400244705,127,10,"Fewer than 1,000 EVs"
96146,Olympic Valley,68,22,3,23,0,23,11,148.0,1465.0,9.89864864864865,"Fewer than 1,000 EVs",2.9565217391304346,0.0888445877893765,46,12,"Fewer than 1,000 EVs"
96148,Tahoe Vista,39,7,1,2,0,2,2,124.0,393.0,3.1693548387096775,"Fewer than 1,000 EVs",19.5,0.5859823179931671,32,0,"Fewer than 1,000 EVs"
96150,South Lake Tahoe,505,102,21,53,38,91,24,93.0,539.0,5.795698924731183,"Fewer than 1,000 EVs",5.549450549450549,0.16676307161823015,403,67,"Fewer than 1,000 EVs"
96151,,17,7,0,0,0,0,0,,,,No location data,,,10,0,"Fewer than 1,000 EVs"
96155,,8,0,0,0,0,0,0,24.0,522.0,21.75,"Fewer than 1,000 EVs",,,8,0,"Fewer than 1,000 EVs"
96158,,22,4,0,0,0,0,0,,,,No location data,,,18,0,"Fewer than 1,000 EVs"
96160,,49,7,0,0,0,0,0,,,,No location data,,,42,0,"Fewer than 1,000 EVs"
96161,Truckee,1110,238,27,44,59,103,45,105.0,1178.0,11.219047619047618,Well served,10.776699029126213,0.3238438501231842,872,58,At or above average
96162,,34,1,0,0,0,0,0,,,,No location data,,,33,0,"Fewer than 1,000 EVs"
