zip,ev_2025,ev_2021,station_count,l2_ports,dcfc_ports,total_ports,total_ports_2021,city,latitude,longitude,ports_within_radius,evs_within_radius,evs_per_port_in_zip,evs_per_port_nearby,access_class
90001,561,99,0,0,0,0,0,,33.97365,-118.24904,7173.0,138704,,19.33695803708351,"Fewer than 1,000 EVs"
90002,566,89,3,5,2,7,1,Los Angeles,33.94906,-118.24679,5615.0,132608,80.85714285714286,23.61674087266251,"Fewer than 1,000 EVs"
90003,691,81,3,3,0,3,0,Los Angeles,33.96409,-118.27368,7302.0,155087,230.33333333333334,21.238975623116954,"Fewer than 1,000 EVs"
90004,2718,738,15,107,0,107,25,Los Angeles,34.07624,-118.31101,9415.0,192669,25.401869158878505,20.46404673393521,Well served
90005,1824,327,19,105,0,105,29,Los Angeles,34.05939,-118.30909,9612.0,193529,17.37142857142857,20.134103204327925,Well served
90006,1203,193,10,39,0,39,20,Los Angeles,34.04807,-118.29411,9489.0,182976,30.846153846153847,19.28295921593424,Well served
90007,714,121,49,157,0,157,46,Los Angeles,34.02819,-118.28486,9006.0,177027,4.547770700636943,19.656562291805464,"Fewer than 1,000 EVs"
90008,1508,355,10,10,0,10,0,Los Angeles,34.01037,-118.3428,9354.0,184240,150.8,19.696386572589265,Locally sparse - chargers nearby
90010,726,162,8,47,6,53,36,Los Angeles,34.06209,-118.31262,9618.0,191207,13.69811320754717,19.880120607194844,"Fewer than 1,000 EVs"
90011,899,124,8,20,0,20,0,Los Angeles,34.00689,-118.25861,8003.0,162438,44.95,20.297138573035113,"Fewer than 1,000 EVs"
90012,2652,977,63,449,40,489,230,Los Angeles,34.06679,-118.23878,7588.0,149909,5.423312883435583,19.75606220347918,Well served
90013,723,221,14,81,2,83,4,Los Angeles,34.04435,-118.24,7754.0,155074,8.710843373493976,19.99922620582925,"Fewer than 1,000 EVs"
90014,483,181,29,76,0,76,5,Los Angeles,34.04302,-118.25182,8278.0,155228,6.355263157894737,18.75187243295482,"Fewer than 1,000 EVs"
90015,1512,389,76,267,12,279,41,Los Angeles,34.03932,-118.26625,8335.0,172810,5.419354838709677,20.733053389322137,Well served
90016,2051,434,21,33,3,36,6,Los Angeles,34.02881,-118.35436,9586.0,184127,56.97222222222222,19.207907364907157,Well served
90017,1417,375,43,100,1,101,23,Los Angeles,34.05306,-118.26447,8595.0,164592,14.029702970297029,19.149738219895287,Well served
90018,1360,312,9,14,0,14,0,Los Angeles,34.0286,-118.31737,9806.0,178827,97.14285714285714,18.23648786457271,Locally sparse - chargers nearby
90019,3036,780,11,26,1,27,3,Los Angeles,34.04861,-118.33874,10216.0,196790,112.44444444444444,19.262920908379012,Locally sparse - chargers nearby
90020,1512,387,8,56,10,66,2,Los Angeles,34.06638,-118.30986,9565.0,190358,22.90909090909091,19.901515943544172,Well served
90021,381,112,13,48,44,92,30,Los Angeles,34.02909,-118.23889,7546.0,147369,4.141304347826087,19.529419560031805,"Fewer than 1,000 EVs"
90022,799,135,1,0,6,6,0,Los Angeles,34.02455,-118.15608,5042.0,115894,133.16666666666666,22.98571995239984,"Fewer than 1,000 EVs"
90023,506,112,1,2,0,2,0,Los Angeles,34.02264,-118.19986,6171.0,125144,253.0,20.279371252633286,"Fewer than 1,000 EVs"
90024,3195,1102,19,61,0,61,49,Los Angeles,34.06565,-118.43521,8210.0,181044,52.377049180327866,22.051644336175396,Well served
90025,4128,1247,115,533,27,560,365,Los Angeles,34.04551,-118.44583,7667.0,159638,7.371428571428571,20.82144254597626,Well served
90026,2891,977,20,46,2,48,13,Los Angeles,34.07883,-118.2637,8092.0,164645,60.229166666666664,20.346638655462186,Well served
90027,3074,1072,20,122,26,148,38,Los Angeles,34.12515,-118.29049,7962.0,174444,20.77027027027027,21.909570459683497,Well served
90028,1955,431,83,291,36,327,99,Los Angeles,34.09982,-118.3268,9129.0,176040,5.978593272171254,19.28360170883996,Well served
90029,945,227,17,46,0,46,16,Los Angeles,34.08983,-118.29467,8553.0,176752,20.543478260869566,20.66549748626213,"Fewer than 1,000 EVs"
90031,1261,278,7,5,16,21,1,Los Angeles,34.08122,-118.21081,6967.0,149972,60.04761904761905,21.52605138510119,Well served
90032,1437,388,42,120,22,142,0,Los Angeles,34.0793,-118.17835,5994.0,142197,10.119718309859154,23.723223223223222,Well served
90033,542,103,36,153,14,167,2,Los Angeles,34.05117,-118.21165,6499.0,146052,3.245508982035928,22.472995845514696,"Fewer than 1,000 EVs"
90034,3692,997,36,82,46,128,35,Los Angeles,34.03059,-118.39936,9210.0,178100,28.84375,19.337676438653638,Well served
90035,2685,658,24,50,0,50,19,Los Angeles,34.05139,-118.38577,9441.0,191542,53.7,20.288316915580978,Well served
90036,3284,860,29,135,0,135,30,Los Angeles,34.07013,-118.34978,10083.0,203814,24.325925925925926,20.213626896756917,Well served
90037,652,105,9,16,2,18,1,Los Angeles,34.00271,-118.28747,8671.0,159456,36.22222222222222,18.389574443547456,"Fewer than 1,000 EVs"
90038,1325,288,62,403,83,486,207,Los Angeles,34.08882,-118.32671,9403.0,183605,2.7263374485596708,19.526215037753907,Well served
90039,2409,894,42,88,2,90,5,Los Angeles,34.11242,-118.26153,7721.0,160894,26.766666666666666,20.838492423261236,Well served
90040,368,97,3,2,60,62,2,Commerce,33.99318,-118.1489,4343.0,102401,5.935483870967742,23.578402026249137,"Fewer than 1,000 EVs"
90041,1835,611,17,21,0,21,2,Los Angeles,34.13749,-118.20746,6531.0,137952,87.38095238095238,21.12264584290308,Locally sparse - chargers nearby
90042,2721,830,19,230,8,238,135,Los Angeles,34.11475,-118.192,6326.0,145679,11.432773109243698,23.028612077141954,Well served
90043,1982,440,7,9,0,9,0,Los Angeles,33.98876,-118.33519,9083.0,170098,220.22222222222223,18.727072553121214,Locally sparse - chargers nearby
90044,1114,158,12,41,5,46,22,Los Angeles,33.95253,-118.29194,6687.0,151081,24.217391304347824,22.59324061612083,Well served
90045,14524,1158,79,424,15,439,160,Los Angeles,33.95302,-118.40028,6318.0,141831,33.08428246013668,22.44871794871795,Well served
90046,4662,1622,50,359,10,369,132,West Hollywood,34.10752,-118.36575,9443.0,189374,12.634146341463415,20.054431854283596,Well served
90047,1422,245,8,7,8,15,4,Los Angeles,33.95456,-118.30899,7586.0,153712,94.8,20.262588979699448,Locally sparse - chargers nearby
90048,2423,710,44,212,16,228,71,Los Angeles,34.07293,-118.3727,9880.0,200326,10.62719298245614,20.27591093117409,Well served
90049,5801,2154,35,190,4,194,95,Los Angeles,34.08749,-118.48976,6796.0,149857,29.9020618556701,22.0507651559741,Well served
90056,849,266,5,15,0,15,8,Los Angeles,33.99361,-118.36884,8620.0,166842,56.6,19.35522041763341,"Fewer than 1,000 EVs"
90057,769,183,6,58,0,58,40,Los Angeles,34.06205,-118.27704,8796.0,168677,13.258620689655173,19.176557526148247,"Fewer than 1,000 EVs"
90058,223,74,24,4,41,45,0,Vernon,34.00264,-118.21452,6051.0,125354,4.955555555555556,20.71624524871922,"Fewer than 1,000 EVs"
90059,569,89,4,11,8,19,4,Los Angeles,33.92709,-118.2491,5224.0,124728,29.94736842105263,23.875957120980093,"Fewer than 1,000 EVs"
90061,437,63,5,5,0,5,2,Los Angeles,33.92037,-118.27383,5015.0,124607,87.4,24.846859421734795,"Fewer than 1,000 EVs"
90062,687,110,1,1,0,1,0,Los Angeles,34.0035,-118.30904,9204.0,174975,687.0,19.010756192959583,"Fewer than 1,000 EVs"
90063,1331,326,1,4,0,4,4,Los Angeles,34.0452,-118.18583,6155.0,136906,332.75,22.243054427294883,Locally sparse - chargers nearby
90064,3716,1149,51,149,22,171,41,Los Angeles,34.0358,-118.42653,8399.0,170829,21.730994152046783,20.33920704845815,Well served
90065,2858,928,9,23,0,23,2,Los Angeles,34.10867,-118.22813,7110.0,155661,124.26086956521739,21.89324894514768,Locally sparse - chargers nearby
90066,4951,1589,22,146,12,158,12,Los Angeles,34.00166,-118.43104,7148.0,153106,31.335443037974684,21.419418019026303,Well served
90067,925,356,85,348,3,351,30,Los Angeles,34.0565,-118.41373,9041.0,177339,2.635327635327635,19.614976219444753,"Fewer than 1,000 EVs"
90068,2792,1078,66,167,1,168,31,Los Angeles,34.12794,-118.32914,8576.0,181080,16.61904761904762,21.11473880597015,Well served
90069,2466,851,35,74,8,82,38,West Hollywood,34.09401,-118.38154,9361.0,205529,30.073170731707318,21.95588078196774,Well served
90071,46,30,53,119,4,123,30,Los Angeles,34.05239,-118.25518,8236.0,164046,0.37398373983739835,19.91816415735794,"Fewer than 1,000 EVs"
90073,5,0,0,0,0,0,0,,34.05738,-118.45956,7296.0,163382,,22.393366228070175,"Fewer than 1,000 EVs"
90077,1867,686,6,85,0,85,5,Los Angeles,34.10536,-118.45591,7653.0,164405,21.96470588235294,21.482425192734876,Well served
90079,0,1,0,0,0,0,0,,34.04058,-118.25541,8313.0,155957,,18.76061590280284,"Fewer than 1,000 EVs"
90089,26,17,12,59,0,59,0,Los Angeles,34.02158,-118.2856,9135.0,167548,0.4406779661016949,18.341324575807334,"Fewer than 1,000 EVs"
90094,1572,557,21,37,15,52,25,Los Angeles,33.97523,-118.41837,6854.0,151491,30.23076923076923,22.10256784359498,Well served
90095,147,42,5,41,6,47,47,Los Angeles,34.07121,-118.44334,7898.0,174161,3.127659574468085,22.0512788047607,"Fewer than 1,000 EVs"
90201,1316,190,4,0,4,4,0,Bell,33.97113,-118.1709,4554.0,100176,329.0,21.99736495388669,Locally sparse - chargers nearby
90210,3759,1371,53,100,0,100,37,Beverly Hills,34.10251,-118.41505,8851.0,177154,37.59,20.015139532256242,Well served
90211,1282,382,4,7,0,7,0,Beverly Hills,34.06498,-118.38293,9650.0,192492,183.14285714285714,19.947357512953367,Locally sparse - chargers nearby
90212,1731,513,18,54,0,54,14,Beverly Hills,34.06208,-118.40173,9502.0,184405,32.05555555555556,19.406966954325405,Well served
90220,884,157,4,6,4,10,4,Compton,33.88058,-118.23591,3291.0,103202,88.4,31.35885749012458,"Fewer than 1,000 EVs"
90221,655,117,12,20,2,22,0,Compton,33.88542,-118.20614,2760.0,88331,29.772727272727273,32.00398550724638,"Fewer than 1,000 EVs"
90222,410,63,0,0,0,0,0,,33.91213,-118.23721,4322.0,116905,,27.048819990745024,"Fewer than 1,000 EVs"
90230,2458,775,34,71,29,100,45,Culver City,33.99691,-118.39487,8395.0,165077,24.58,19.663728409767717,Well served
90232,1629,571,65,208,17,225,39,Culver City,34.01859,-118.39157,8998.0,173254,7.24,19.254723271838188,Well served
90240,1377,342,3,2,20,22,12,Downey,33.9564,-118.11803,2817.0,93995,62.59090909090909,33.36705715299964,Well served
90241,1770,447,22,43,19,62,42,Downey,33.94076,-118.1295,2686.0,89957,28.548387096774192,33.49106478034252,Well served
90242,1241,268,8,80,6,86,86,Downey,33.92216,-118.14167,2485.0,87378,14.430232558139535,35.162173038229376,Well served
90245,1562,549,61,162,4,166,48,El Segundo,33.91709,-118.40161,4957.0,125201,9.409638554216867,25.257413758321565,Well served
90247,1551,343,8,45,11,56,6,Gardena,33.89159,-118.29735,3322.0,108469,27.696428571428573,32.65171583383504,Well served
90248,672,215,21,35,32,67,0,Carson,33.87689,-118.28362,3382.0,113648,10.029850746268657,33.603784742755764,"Fewer than 1,000 EVs"
90249,1115,236,2,30,0,30,2,Gardena,33.90152,-118.31707,3730.0,114461,37.166666666666664,30.686595174262735,Well served
90250,3212,846,21,40,41,81,50,Hawthorne,33.91383,-118.34996,3864.0,126977,39.65432098765432,32.86154244306418,Well served
90254,2426,997,6,30,28,58,30,Hermosa Beach,33.86532,-118.39616,2661.0,100601,41.827586206896555,37.80571213829388,Well served
90255,829,154,2,0,18,18,0,Huntington Park,33.97697,-118.21725,5347.0,116359,46.05555555555556,21.76154853188704,"Fewer than 1,000 EVs"
90260,1069,246,2,2,8,10,0,Lawndale,33.88768,-118.34952,3158.0,115592,106.9,36.60291323622546,Locally sparse - chargers nearby
90262,849,149,4,8,0,8,6,Lynwood,33.92384,-118.20133,4271.0,90117,106.125,21.09974244907516,"Fewer than 1,000 EVs"
90263,13,0,6,12,0,12,2,Malibu,34.03919,-118.70809,436.0,12860,1.0833333333333333,29.495412844036696,"Fewer than 1,000 EVs"
90265,1786,874,58,140,40,180,23,Malibu,34.07282,-118.84995,525.0,20849,9.922222222222222,39.712380952380954,Well served
90266,5316,2437,38,89,38,127,91,Manhattan Beach,33.88968,-118.39705,3329.0,111519,41.85826771653543,33.49924902373085,Well served
90270,288,46,0,0,0,0,0,,33.98856,-118.18774,4660.0,108516,,23.286695278969958,"Fewer than 1,000 EVs"
90272,2424,1703,9,23,10,33,16,Pacific Palisades,34.08066,-118.54459,4366.0,114836,73.45454545454545,26.302336234539624,Locally sparse - chargers nearby
90274,4128,1669,8,22,5,27,10,Rolling Hills Estates,33.77732,-118.3684,1539.0,58839,152.88888888888889,38.23196881091618,Locally sparse - chargers nearby
90275,5706,2033,6,12,0,12,4,Rancho Palos Verdes,33.7555,-118.36338,1312.0,51399,475.5,39.176067073170735,Locally sparse - chargers nearby
90277,3484,1298,8,14,6,20,2,Redondo Beach,33.83099,-118.38441,2161.0,82982,174.2,38.39981490050902,Locally sparse - chargers nearby
90278,4326,1577,7,7,13,20,9,Redondo Beach,33.87362,-118.37028,2752.0,105334,216.3,38.27543604651163,Locally sparse - chargers nearby
90280,1488,252,5,6,15,21,5,South Gate,33.94453,-118.19256,4358.0,99512,70.85714285714286,22.83432767324461,Locally sparse - chargers nearby
90290,850,381,1,2,0,2,0,Topanga,34.09725,-118.6125,2295.0,64070,425.0,27.917211328976034,"Fewer than 1,000 EVs"
90291,2717,1071,9,42,2,44,32,Los Angeles,33.99447,-118.46315,5746.0,131885,61.75,22.952488687782804,Well served
90292,3111,1067,19,194,18,212,74,Marina Del Rey,33.97865,-118.44707,5708.0,134252,14.674528301886792,23.519971969166082,Well served
90293,1167,413,3,3,0,3,1,Los Angeles,33.95071,-118.43745,5231.0,128661,389.0,24.59587077040719,Locally sparse - chargers nearby
90301,5137,150,26,38,64,102,4,Inglewood,33.95647,-118.35863,8419.0,154458,50.36274509803921,18.34635942510987,Well served
90302,857,197,0,0,0,0,0,,33.97472,-118.35565,8920.0,164694,,18.463452914798207,"Fewer than 1,000 EVs"
90303,590,79,6,20,52,72,0,Inglewood,33.93601,-118.33112,6316.0,147250,8.194444444444445,23.313806206459784,"Fewer than 1,000 EVs"
90304,493,86,2,4,0,4,2,Inglewood,33.93736,-118.35879,6798.0,152372,123.25,22.414239482200646,"Fewer than 1,000 EVs"
90305,768,155,10,19,0,19,0,Inglewood,33.9583,-118.33113,8594.0,159284,40.421052631578945,18.534326274144753,"Fewer than 1,000 EVs"
90401,1420,281,99,171,57,228,79,Santa Monica,34.01584,-118.49251,4950.0,121955,6.228070175438597,24.63737373737374,Well served
90402,1986,899,3,5,0,5,5,Santa Monica,34.03598,-118.50391,4986.0,129423,397.2,25.95728038507822,Locally sparse - chargers nearby
90403,2421,892,17,57,4,61,42,Santa Monica,34.03164,-118.48975,5625.0,131061,39.68852459016394,23.299733333333332,Well served
90404,1601,513,52,111,96,207,29,Santa Monica,34.02665,-118.47381,6246.0,142576,7.734299516908212,22.826769132244635,Well served
90405,2935,1145,69,203,0,203,30,Santa Monica,34.01208,-118.4679,5948.0,140889,14.458128078817735,23.686785474108945,Well served
90501,2619,850,60,140,6,146,33,Torrance,33.8336,-118.31419,2745.0,96423,17.938356164383563,35.126775956284156,Well served
90502,916,223,20,97,0,97,8,Torrance,33.83497,-118.29291,2820.0,86026,9.443298969072165,30.50567375886525,"Fewer than 1,000 EVs"
90503,3454,1018,49,82,52,134,20,Torrance,33.84089,-118.3538,2340.0,90915,25.776119402985074,38.8525641025641,Well served
90504,1978,593,9,12,6,18,0,Torrance,33.86693,-118.33135,2622.0,106018,109.88888888888889,40.43401983218917,Locally sparse - chargers nearby
90505,2826,880,31,63,20,83,9,Torrance,33.80904,-118.34775,2310.0,66109,34.04819277108434,28.61861471861472,Well served
90506,2,2,0,0,0,0,0,,33.88493,-118.33044,3101.0,115118,,37.12286359238955,"Fewer than 1,000 EVs"
90601,1565,448,13,52,7,59,33,Whittier,34.0078,-118.03287,2007.0,104926,26.52542372881356,52.280019930244144,Well served
90602,993,193,1,2,0,2,2,Whittier,33.97317,-118.02341,2138.0,101911,496.5,47.6665107577175,"Fewer than 1,000 EVs"
90603,994,268,2,0,26,26,0,Whittier,33.94487,-117.99239,2610.0,105390,38.23076923076923,40.37931034482759,"Fewer than 1,000 EVs"
90604,1328,326,5,10,0,10,2,Whittier,33.93012,-118.01226,2641.0,99738,132.8,37.76524043922757,Locally sparse - chargers nearby
90605,1213,311,1,0,1,1,0,Whittier,33.95209,-118.02085,2433.0,98596,1213.0,40.52445540484998,Locally sparse - chargers nearby
90606,764,192,6,4,20,24,0,Whittier,33.97742,-118.0661,2335.0,98073,31.833333333333332,42.00128479657388,"Fewer than 1,000 EVs"
90620,2574,633,6,4,36,40,8,Buena Park,33.84616,-118.01176,2780.0,123819,64.35,44.53920863309352,Well served
90621,2568,542,12,23,45,68,36,Buena Park,33.87396,-117.99346,2682.0,111700,37.76470588235294,41.64802386278896,Well served
90623,1370,385,0,0,0,0,0,,33.85038,-118.04088,2811.0,107771,,38.33902525791533,Locally sparse - chargers nearby
90630,4099,1053,56,91,12,103,0,Cypress,33.81814,-118.03814,2900.0,116744,39.79611650485437,40.25655172413793,Well served
90631,3654,857,12,17,4,21,1,La Habra,33.94266,-117.95126,2412.0,106031,174.0,43.95978441127695,Locally sparse - chargers nearby
90638,2719,658,27,50,4,54,7,La Mirada,33.90236,-118.00907,2653.0,103839,50.351851851851855,39.1402186204297,Well served
90639,6,0,0,0,0,0,0,,33.90565,-118.01499,2669.0,106216,,39.796178343949045,"Fewer than 1,000 EVs"
90640,2069,471,31,76,72,148,23,Montebello,34.01506,-118.111,4209.0,107390,13.97972972972973,25.514373960560704,Well served
90650,2743,653,16,39,22,61,3,Norwalk,33.90703,-118.08249,2223.0,95512,44.967213114754095,42.96536212325686,Well served
90660,1447,282,4,71,8,79,0,Pico Rivera,33.98868,-118.09111,2877.0,97455,18.31645569620253,33.87382690302398,Well served
90670,859,306,11,21,14,35,0,Santa Fe Springs,33.93279,-118.0626,2259.0,102235,24.542857142857144,45.25675077467906,"Fewer than 1,000 EVs"
90680,1267,227,9,6,25,31,0,Stanton,33.80115,-117.99532,2822.0,120330,40.87096774193548,42.63997165131113,Well served
90701,752,165,1,12,0,12,0,Artesia,33.8676,-118.08055,2521.0,97156,62.666666666666664,38.5386751289171,"Fewer than 1,000 EVs"
90703,4971,1518,26,51,24,75,24,Cerritos,33.86797,-118.06874,2449.0,105819,66.28,43.209064924458964,Well served
90704,39,31,0,0,0,0,0,,33.3765,-118.43678,0.0,39,,,"Fewer than 1,000 EVs"
90706,2049,461,22,36,19,55,2,Bellflower,33.88802,-118.12709,2561.0,91336,37.25454545454546,35.66419367434596,Well served
90710,1113,258,4,23,0,23,0,Los Angeles,33.79806,-118.29918,2164.0,70483,48.391304347826086,32.57070240295749,Well served
90712,1586,453,7,19,8,27,5,Lakewood,33.849,-118.14677,2484.0,79455,58.74074074074074,31.98671497584541,Well served
90713,1263,355,4,4,20,24,0,Lakewood,33.84797,-118.11268,2266.0,95762,52.625,42.2603706972639,Well served
90715,746,172,2,4,0,4,2,Hawaiian Gardens,33.84037,-118.07887,2620.0,102463,186.5,39.108015267175574,"Fewer than 1,000 EVs"
90716,234,47,3,3,44,47,3,Hawaiian Gardens,33.8305,-118.07295,2732.0,99218,4.9787234042553195,36.31698389458273,"Fewer than 1,000 EVs"
90717,894,287,5,17,0,17,0,Lomita,33.79345,-118.31706,1956.0,68789,52.588235294117645,35.168200408997954,"Fewer than 1,000 EVs"
90720,2110,776,12,25,20,45,0,Los Alamitos,33.79573,-118.06342,2655.0,102446,46.888888888888886,38.58606403013183,Well served
90723,892,199,20,93,0,93,4,Paramount,33.89768,-118.16508,2777.0,89022,9.591397849462366,32.05689593086064,"Fewer than 1,000 EVs"
90731,1792,559,28,49,0,49,19,Los Angeles,33.7334,-118.27398,1464.0,46823,36.57142857142857,31.98292349726776,Well served
90732,1436,344,3,5,2,7,3,Los Angeles,33.74319,-118.31048,1469.0,51178,205.14285714285714,34.83866575901974,Locally sparse - chargers nearby
90740,1710,684,12,18,12,30,7,Seal Beach,33.75461,-118.07129,2203.0,90551,57.0,41.10349523377213,Well served
90742,92,37,0,0,0,0,0,,33.71834,-118.07174,1467.0,77288,,52.684389911383775,"Fewer than 1,000 EVs"
90743,56,20,0,0,0,0,0,,33.72963,-118.08594,1401.0,76563,,54.64882226980728,"Fewer than 1,000 EVs"
90744,714,119,7,9,14,23,2,Wilmington,33.77821,-118.26087,1901.0,70340,31.043478260869566,37.00157811678064,"Fewer than 1,000 EVs"
90745,2030,388,35,81,32,113,16,Carson,33.82117,-118.26458,2568.0,89940,17.964601769911503,35.02336448598131,Well served
90746,1339,285,37,66,2,68,2,Carson,33.85855,-118.25518,3111.0,100630,19.691176470588236,32.34651237544198,Well served
90747,10,0,0,0,0,0,0,,33.86372,-118.25142,3131.0,106515,,34.01948259342063,"Fewer than 1,000 EVs"
90755,854,321,13,19,29,48,5,Signal Hill,33.80274,-118.16747,2398.0,73857,17.791666666666668,30.799416180150125,"Fewer than 1,000 EVs"
90802,1744,493,107,228,28,256,35,Long Beach,33.75035,-118.21143,1757.0,56993,6.8125,32.43767785998862,Well served
90803,2398,1058,23,30,26,56,10,Long Beach,33.76162,-118.12178,1740.0,72531,42.82142857142857,41.68448275862069,Well served
90804,977,322,1,0,4,4,0,Long Beach,33.78223,-118.14917,2069.0,74544,244.25,36.02899951667472,"Fewer than 1,000 EVs"
90805,1911,408,9,76,17,93,3,Long Beach,33.86494,-118.18051,2658.0,81694,20.548387096774192,30.735139202407826,Well served
90806,1266,370,10,14,8,22,0,Long Beach,33.80819,-118.17797,2411.0,77831,57.54545454545455,32.281625881377025,Well served
90807,1966,695,1,2,0,2,2,Long Beach,33.83098,-118.18113,2543.0,83579,983.0,32.8662996460873,Locally sparse - chargers nearby
90808,2582,898,19,43,4,47,6,Long Beach,33.82406,-118.11236,2223.0,92954,54.93617021276596,41.81466486729644,Well served
90810,756,139,12,20,0,20,2,Carson,33.81912,-118.22096,2453.0,90237,37.8,36.786384019567876,"Fewer than 1,000 EVs"
90813,647,166,19,26,18,44,0,Long Beach,33.78237,-118.19656,2126.0,78927,14.704545454545455,37.12464722483537,"Fewer than 1,000 EVs"
90814,1101,459,0,0,0,0,0,,33.7716,-118.14351,1856.0,76524,,41.230603448275865,Locally sparse - chargers nearby
90815,2408,875,6,13,14,27,0,Long Beach,33.79572,-118.11592,1978.0,83108,89.18518518518519,42.01617795753286,Locally sparse - chargers nearby
90831,2,0,0,0,0,0,0,,33.76824,-118.20055,1968.0,64785,,32.91920731707317,"Fewer than 1,000 EVs"
90840,1,0,2,4,0,4,4,Long Beach,33.78449,-118.12133,1954.0,81316,0.25,41.615148413510745,"Fewer than 1,000 EVs"
91001,2151,1125,0,0,0,0,0,,34.19522,-118.13866,2004.0,90230,,45.0249500998004,Locally sparse - chargers nearby
91006,3970,1149,11,15,7,22,7,Arcadia,34.1352,-118.02667,2132.0,82758,180.45454545454547,38.81707317073171,Locally sparse - chargers nearby
91007,3179,850,14,28,6,34,18,Arcadia,34.12842,-118.04818,2353.0,91097,93.5,38.71525711857203,Locally sparse - chargers nearby
91008,152,58,0,0,0,0,0,,34.15363,-117.96862,1273.0,60397,,47.4446190102121,"Fewer than 1,000 EVs"
91010,1176,273,4,11,30,41,1,Duarte,34.14114,-117.95918,1314.0,63146,28.682926829268293,48.05631659056316,Well served
91011,3477,1210,9,13,0,13,0,La Cañada Flintridge,34.21757,-118.20346,1954.0,80105,267.46153846153845,40.99539406345957,Locally sparse - chargers nearby
91016,2553,782,17,29,13,42,4,Monrovia,34.15246,-118.00065,1557.0,71591,60.785714285714285,45.9800899165061,Well served
91020,569,147,0,0,0,0,0,,34.21144,-118.23065,2937.0,88377,,30.09090909090909,"Fewer than 1,000 EVs"
91024,1050,386,0,0,0,0,0,,34.17177,-118.04654,1715.0,73783,,43.02215743440233,Locally sparse - chargers nearby
91030,2642,893,12,14,19,33,2,South Pasadena,34.11029,-118.15748,5116.0,129457,80.06060606060606,25.30433932759969,Locally sparse - chargers nearby
91040,1829,414,1,1,0,1,0,Los Angeles,34.25861,-118.33468,2051.0,90550,1829.0,44.14919551438323,Locally sparse - chargers nearby
91042,2187,404,6,8,0,8,1,Tujunga,34.30687,-118.25701,345.0,33875,273.375,98.18840579710145,Isolated - underserved by both measures
91046,9,1,0,0,0,0,0,,34.2117,-118.24092,3400.0,92187,,27.113823529411764,"Fewer than 1,000 EVs"
91101,1486,460,27,85,40,125,99,Pasadena,34.14671,-118.13895,3710.0,111192,11.888,29.97088948787062,Well served
91103,1534,471,5,51,9,60,29,Pasadena,34.16738,-118.16446,3722.0,111188,25.566666666666666,29.87318645889307,Well served
91104,2443,740,2,12,0,12,0,Pasadena,34.16766,-118.12341,2482.0,100629,203.58333333333334,40.54351329572925,Locally sparse - chargers nearby
91105,1861,725,18,87,50,137,79,Pasadena,34.14045,-118.16716,4982.0,130549,13.583941605839415,26.204134885588118,Well served
91106,1872,599,4,2,26,28,2,Pasadena,34.13861,-118.12825,3787.0,110369,66.85714285714286,29.144177449168208,Locally sparse - chargers nearby
91107,3218,1046,27,87,52,139,2,Pasadena,34.15919,-118.08688,2392.0,83629,23.151079136690647,34.96195652173913,Well served
91108,2213,811,1,4,0,4,0,San Marino,34.12232,-118.11363,3751.0,106459,553.25,28.381498267128766,Locally sparse - chargers nearby
91125,6,1,2,107,8,115,115,Pasadena,34.13772,-118.12492,3730.0,110369,0.05217391304347826,29.589544235924933,"Fewer than 1,000 EVs"
91201,1855,407,7,14,0,14,0,Glendale,34.17041,-118.28902,6850.0,148966,132.5,21.746861313868614,Locally sparse - chargers nearby
91202,1925,469,2,24,0,24,4,Glendale,34.18221,-118.26761,6278.0,128395,80.20833333333333,20.451576935329722,Locally sparse - chargers nearby
91203,1382,260,19,51,0,51,16,Glendale,34.15287,-118.26355,6905.0,148583,27.098039215686274,21.518175235336713,Well served
91204,1225,213,9,39,3,42,3,Glendale,34.13554,-118.26093,7049.0,158786,29.166666666666668,22.52603206128529,Well served
91205,2027,419,9,17,3,20,4,Glendale,34.13679,-118.24339,7052.0,148257,101.35,21.023397617697107,Locally sparse - chargers nearby
91206,2843,696,3,24,32,56,0,Glendale,34.16076,-118.21311,6010.0,130239,50.767857142857146,21.670382695507488,Well served
91207,1141,323,0,0,0,0,0,,34.16872,-118.24477,6514.0,140130,,21.512127724900214,Locally sparse - chargers nearby
91208,1868,520,12,19,0,19,2,Glendale,34.19333,-118.23839,5254.0,115434,98.3157894736842,21.970688998858012,Locally sparse - chargers nearby
91210,47,20,3,4,20,24,20,Glendale,34.14468,-118.25809,6988.0,154640,1.9583333333333333,22.129364625071553,"Fewer than 1,000 EVs"
91214,3260,766,2,3,3,6,6,La Crescenta,34.23759,-118.24778,2121.0,80066,543.3333333333334,37.74917491749175,Locally sparse - chargers nearby
91301,3164,936,17,69,41,110,6,Agoura Hills,34.12314,-118.75685,771.0,42425,28.763636363636362,55.025940337224384,Well served
91302,4623,1443,12,19,31,50,5,Calabasas,34.12295,-118.67193,934.0,45829,92.46,49.06745182012848,Locally sparse - chargers nearby
91303,1234,207,28,82,14,96,10,Los Angeles,34.19784,-118.6017,1571.0,88377,12.854166666666666,56.25525143220879,Well served
91304,3106,677,5,8,0,8,2,Los Angeles,34.22472,-118.63261,1073.0,75543,388.25,70.40354147250699,Isolated - underserved by both measures
91306,2381,445,5,18,0,18,1,Los Angeles,34.20926,-118.5755,1604.0,97155,132.27777777777777,60.57044887780549,Locally sparse - chargers nearby
91307,3052,757,6,14,0,14,3,West Hills,34.20177,-118.66226,1067.0,69085,218.0,64.74695407685098,Locally sparse - chargers nearby
91311,3632,824,27,49,8,57,16,Chatsworth,34.29011,-118.60776,1115.0,68312,63.719298245614034,61.266367713004485,Well served
91316,3027,850,15,24,4,28,5,Los Angeles,34.15836,-118.51658,4422.0,138424,108.10714285714286,31.303482587064675,Locally sparse - chargers nearby
91320,3924,1198,13,19,8,27,10,Thousand Oaks,34.17339,-118.94795,574.0,24183,145.33333333333334,42.13066202090592,Locally sparse - chargers nearby
91321,1659,461,7,11,16,27,0,Santa Clarita,34.36479,-118.4922,681.0,50301,61.44444444444444,73.86343612334802,Locally fine - crowded region
91324,2017,483,13,17,32,49,2,Northridge,34.23855,-118.55015,1733.0,91611,41.16326530612245,52.86266589728794,Well served
91325,2456,598,20,47,4,51,2,Northridge,34.23636,-118.51777,1971.0,98114,48.15686274509804,49.77879249112126,Well served
91326,6106,1657,8,17,0,17,1,Los Angeles,34.28022,-118.5566,1547.0,78627,359.1764705882353,50.82546864899806,Locally sparse - chargers nearby
91330,10,2,8,23,0,23,23,Northridge,34.2446,-118.52669,1812.0,89902,0.43478260869565216,49.61479028697572,"Fewer than 1,000 EVs"
91331,2112,354,9,7,10,17,2,Los Angeles,34.25602,-118.41939,2344.0,92341,124.23529411764706,39.39462457337884,Locally sparse - chargers nearby
91335,3379,639,10,32,0,32,3,Los Angeles,34.20107,-118.5407,1870.0,108355,105.59375,57.94385026737968,Locally sparse - chargers nearby
91340,736,160,13,22,36,58,12,San Fernando,34.28668,-118.43479,1735.0,79103,12.689655172413794,45.59250720461095,"Fewer than 1,000 EVs"
91342,3654,725,13,60,4,64,16,Sylmar,34.31778,-118.39207,969.0,56621,57.09375,58.43240454076368,Well served
91343,2799,597,10,29,0,29,3,Los Angeles,34.23837,-118.48076,2386.0,103286,96.51724137931035,43.2883487007544,Locally sparse - chargers nearby
91344,4740,1106,5,4,24,28,25,Granada Hills,34.28991,-118.5047,1697.0,78872,169.28571428571428,46.477312905126695,Locally sparse - chargers nearby
91345,753,140,8,23,0,23,20,Mission Hills,34.26591,-118.45948,2059.0,89619,32.73913043478261,43.52549781447305,"Fewer than 1,000 EVs"
91350,4296,1113,10,28,4,32,2,Santa Clarita,34.43028,-118.50283,319.0,27513,134.25,86.24764890282131,Isolated - underserved by both measures
91351,1781,420,9,11,1,12,0,Santa Clarita,34.43269,-118.46276,320.0,26427,148.41666666666666,82.584375,Isolated - underserved by both measures
91352,1905,323,8,57,0,57,1,Los Angeles,34.23183,-118.36596,3598.0,109177,33.421052631578945,30.343802112284603,Well served
91354,3836,1181,0,0,0,0,0,,34.46039,-118.5528,258.0,21019,,81.46899224806202,Isolated - underserved by both measures
91355,2682,850,43,71,90,161,48,Santa Clarita,34.42379,-118.58437,258.0,26707,16.658385093167702,103.51550387596899,Locally fine - crowded region
91356,3677,959,25,50,0,50,20,Los Angeles,34.15504,-118.54757,3009.0,116710,73.54,38.78697241608508,Locally sparse - chargers nearby
91360,2970,825,18,138,36,174,34,Thousand Oaks,34.21475,-118.87735,792.0,31644,17.06896551724138,39.95454545454545,Well served
91361,2789,867,23,43,4,47,18,Westlake Village,34.14016,-118.88398,599.0,23750,59.340425531914896,39.64941569282137,Well served
91362,4353,1344,36,95,27,122,43,Thousand Oaks,34.19244,-118.81949,795.0,39321,35.68032786885246,49.46037735849057,Well served
91364,3759,977,7,68,0,68,1,Woodland Hills,34.1548,-118.59492,1621.0,87985,55.279411764705884,54.27822331893893,Well served
91367,4935,1057,45,90,10,100,22,Los Angeles,34.17708,-118.61518,1431.0,77761,49.35,54.340321453529,Well served
91377,1850,517,1,14,0,14,0,Oak Park,34.1847,-118.76652,1019.0,42580,132.14285714285714,41.786064769381746,Locally sparse - chargers nearby
91381,3725,854,1,0,4,4,0,Stevenson Ranch,34.3753,-118.60744,438.0,38017,931.25,86.79680365296804,Isolated - underserved by both measures
91384,1553,448,1,0,12,12,0,Castaic,34.51604,-118.67289,159.0,8071,129.41666666666666,50.76100628930818,Locally sparse - chargers nearby
91387,3307,868,6,8,2,10,0,Santa Clarita,34.39708,-118.3707,228.0,21299,330.7,93.41666666666667,Isolated - underserved by both measures
91390,1487,432,0,0,0,0,0,,34.53159,-118.40668,35.0,14707,,420.2,Isolated - underserved by both measures
91401,2918,679,6,14,9,23,3,Sherman Oaks,34.17801,-118.43183,5917.0,148415,126.8695652173913,25.08281223593037,Locally sparse - chargers nearby
91402,1826,282,13,76,0,76,29,Panorama City,34.22413,-118.4448,2704.0,115252,24.026315789473685,42.62278106508876,Well served
91403,3170,1004,12,20,41,61,0,Los Angeles,34.14716,-118.46311,6945.0,154792,51.967213114754095,22.288264938804897,Well served
91405,2970,949,60,236,7,243,48,Los Angeles,34.20153,-118.44863,4098.0,130336,12.222222222222221,31.80478282088824,Well served
91406,2756,668,17,42,8,50,13,Van Nuys,34.19791,-118.48987,2789.0,127174,55.12,45.59842237361061,Well served
91411,1309,394,13,59,6,65,17,Los Angeles,34.17853,-118.45956,5629.0,142042,20.138461538461538,25.2339669568307,Well served
91423,3477,1063,19,31,4,35,2,Los Angeles,34.14924,-118.43239,7102.0,164892,99.34285714285714,23.21768515911011,Locally sparse - chargers nearby
91436,3272,1204,11,44,1,45,10,Los Angeles,34.15219,-118.49053,6040.0,152028,72.71111111111111,25.17019867549669,Locally sparse - chargers nearby
91501,1798,398,0,0,0,0,0,,34.19469,-118.29431,5283.0,130334,,24.670452394472836,Locally sparse - chargers nearby
91502,710,191,49,89,32,121,45,Burbank,34.17684,-118.30936,6563.0,145629,5.867768595041323,22.189395093707144,"Fewer than 1,000 EVs"
91504,2269,501,9,19,8,27,9,Burbank,34.21349,-118.31478,3913.0,116856,84.03703703703704,29.86353181702019,Locally sparse - chargers nearby
91505,2310,686,37,63,9,72,19,Burbank,34.17583,-118.34692,5916.0,147353,32.083333333333336,24.907538877620013,Well served
91506,1450,418,10,15,24,39,3,Burbank,34.17134,-118.32384,6754.0,148818,37.17948717948718,22.034053893988748,Well served
91601,2278,573,23,149,0,149,14,Los Angeles,34.16827,-118.37222,6481.0,162314,15.288590604026846,25.044591883968522,Well served
91602,1816,591,29,75,0,75,12,Universal City,34.15078,-118.36633,7853.0,167064,24.213333333333335,21.273908060613778,Well served
91604,4069,1353,18,207,0,207,78,Los Angeles,34.13985,-118.39435,7611.0,182189,19.657004830917874,23.937590329785838,Well served
91605,2436,404,9,25,4,29,10,Los Angeles,34.20699,-118.40067,4377.0,132264,84.0,30.217957505140507,Locally sparse - chargers nearby
91606,2152,427,44,81,0,81,2,Los Angeles,34.18655,-118.38867,5484.0,150426,26.567901234567902,27.429978118161927,Well served
91607,2485,622,7,31,8,39,10,Los Angeles,34.16633,-118.39982,6662.0,157941,63.717948717948715,23.707745421795256,Well served
91608,5,4,43,96,14,110,30,Universal City,34.13839,-118.35272,8423.0,169311,0.045454545454545456,20.101032886145077,"Fewer than 1,000 EVs"
91701,2225,568,2,4,0,4,0,Rancho Cucamonga,34.13784,-117.60028,810.0,41317,556.25,51.00864197530864,Locally sparse - chargers nearby
91702,2313,633,11,20,17,37,5,Azusa,34.24129,-117.82614,145.0,9607,62.513513513513516,66.2551724137931,Well served
91706,2223,499,6,27,32,59,13,Baldwin Park,34.09627,-117.96855,1646.0,80494,37.67796610169491,48.90279465370595,Well served
91708,2483,343,9,10,20,30,0,Chino,33.95141,-117.64506,790.0,54922,82.76666666666667,69.52151898734178,Isolated - underserved by both measures
91709,8930,2198,21,53,38,91,5,Chino Hills,33.95105,-117.72549,1230.0,71671,98.13186813186813,58.26910569105691,Locally sparse - chargers nearby
91710,4442,1142,6,4,32,36,2,Chino,34.00507,-117.68249,1364.0,63874,123.38888888888889,46.828445747800586,Locally sparse - chargers nearby
91711,2859,961,33,62,4,66,14,Claremont,34.12836,-117.71523,1024.0,42065,43.31818181818182,41.0791015625,Well served
91722,1365,309,3,2,20,22,0,Covina,34.09731,-117.90612,1400.0,67760,62.04545454545455,48.4,Well served
91723,880,196,16,21,31,52,6,Covina,34.08495,-117.88652,1398.0,66710,16.923076923076923,47.71816881258941,"Fewer than 1,000 EVs"
91724,1387,361,1,2,0,2,0,Covina,34.0805,-117.85515,1437.0,56512,693.5,39.32637439109256,Locally sparse - chargers nearby
91730,3411,781,21,27,9,36,11,Rancho Cucamonga,34.10023,-117.5811,860.0,45657,94.75,53.08953488372093,Locally sparse - chargers nearby
91731,988,234,15,23,5,28,5,El Monte,34.07914,-118.04047,2680.0,94708,35.285714285714285,35.33880597014925,"Fewer than 1,000 EVs"
91732,2066,451,10,15,22,37,0,El Monte,34.07239,-118.01455,2416.0,103089,55.83783783783784,42.6692880794702,Well served
91733,1341,320,2,2,4,6,0,South El Monte,34.0454,-118.05314,2859.0,104451,223.5,36.53410283315845,Locally sparse - chargers nearby
91737,1906,509,1,4,0,4,0,Rancho Cucamonga,34.15523,-117.57808,701.0,38728,476.5,55.24679029957204,Locally sparse - chargers nearby
91739,4015,1019,4,2,21,23,13,Rancho Cucamonga,34.1622,-117.51558,363.0,34982,174.56521739130434,96.36914600550965,Isolated - underserved by both measures
91740,1177,349,10,21,1,22,0,Glendora,34.11884,-117.8534,1306.0,54455,53.5,41.69601837672282,Well served
91741,1908,605,11,18,8,26,2,Glendora,34.1647,-117.83197,822.0,32572,73.38461538461539,39.62530413625304,Locally sparse - chargers nearby
91744,2277,398,8,16,4,20,4,City of Industry,34.02914,-117.93735,1672.0,88546,113.85,52.958133971291865,Locally sparse - chargers nearby
91745,4235,1058,4,2,14,16,0,Hacienda Heights,33.99926,-117.97225,2097.0,99639,264.6875,47.51502145922747,Locally sparse - chargers nearby
91746,899,210,40,89,4,93,6,City of Industry,34.04397,-117.98785,1973.0,93595,9.666666666666666,47.43791180942727,"Fewer than 1,000 EVs"
91748,4105,1021,10,7,48,55,13,City of Industry,33.9769,-117.89924,1904.0,85227,74.63636363636364,44.76207983193277,Locally sparse - chargers nearby
91750,2022,640,10,16,16,32,0,La Verne,34.14927,-117.76647,851.0,31064,63.1875,36.50293772032902,Well served
91752,1968,449,4,6,17,23,0,Eastvale,33.99575,-117.53399,946.0,45240,85.56521739130434,47.82241014799154,Locally sparse - chargers nearby
91754,2435,649,8,34,5,39,2,Monterey Park,34.051,-118.14451,5083.0,123746,62.43589743589744,24.34507180798741,Well served
91755,1849,439,1,4,0,4,0,Monterey Park,34.04832,-118.11496,4464.0,116006,462.25,25.98700716845878,Locally sparse - chargers nearby
91759,16,7,0,0,0,0,0,,34.2541,-117.69194,1.0,14110,,14110.0,"Fewer than 1,000 EVs"
91761,3908,702,88,188,28,216,32,Ontario,34.03541,-117.5915,990.0,62660,18.09259259259259,63.292929292929294,Well served
91762,2966,489,3,15,0,15,0,Ontario,34.02764,-117.64308,1018.0,54705,197.73333333333332,53.737721021611,Locally sparse - chargers nearby
91763,1112,282,6,12,5,17,5,Montclair,34.07208,-117.69828,1322.0,64601,65.41176470588235,48.8661119515885,Well served
91764,1418,311,31,93,81,174,20,Ontario,34.07533,-117.60164,1106.0,50357,8.149425287356323,45.53074141048825,Well served
91765,5694,1653,51,85,35,120,4,Diamond Bar,33.98725,-117.81473,1545.0,82629,47.45,53.48155339805825,Well served
91766,2217,527,8,65,50,115,0,Pomona,34.04192,-117.75698,1405.0,68299,19.278260869565216,48.61138790035587,Well served
91767,1392,296,17,41,2,43,1,Pomona,34.08143,-117.73868,1394.0,66481,32.372093023255815,47.69081779053084,Well served
91768,838,210,8,43,1,44,40,Pomona,34.06358,-117.78941,1343.0,65102,19.045454545454547,48.47505584512286,"Fewer than 1,000 EVs"
91770,4341,882,9,22,10,32,10,Rosemead,34.06395,-118.08361,3546.0,105545,135.65625,29.764523406655385,Locally sparse - chargers nearby
91773,2171,615,17,40,6,46,17,San Dimas,34.1072,-117.80928,1310.0,49657,47.19565217391305,37.90610687022901,Well served
91775,2155,612,1,0,6,6,0,San Gabriel,34.11454,-118.08946,3248.0,98587,359.1666666666667,30.35314039408867,Locally sparse - chargers nearby
91776,2416,564,8,18,43,61,20,San Gabriel,34.08987,-118.09519,3695.0,108432,39.60655737704918,29.345602165087957,Well served
91780,3126,874,4,8,0,8,2,Temple City,34.10152,-118.05584,2595.0,97128,390.75,37.428901734104045,Locally sparse - chargers nearby
91784,2566,722,0,0,0,0,0,,34.14103,-117.65831,915.0,41640,,45.50819672131148,Locally sparse - chargers nearby
91786,2124,538,6,7,68,75,2,Upland,34.10525,-117.66206,1045.0,41592,28.32,39.80095693779904,Well served
91789,5445,1480,78,148,20,168,8,Walnut,34.01858,-117.85408,1630.0,82720,32.410714285714285,50.74846625766871,Well served
91790,2335,498,9,70,8,78,2,West Covina,34.06722,-117.93788,1574.0,78659,29.935897435897434,49.97395171537484,Well served
91791,2492,658,4,5,62,67,0,West Covina,34.06134,-117.89425,1488.0,76173,37.19402985074627,51.19153225806452,Well served
91792,1532,339,1,2,0,2,2,West Covina,34.02586,-117.89989,1653.0,65572,766.0,39.66848154869933,Locally sparse - chargers nearby
91801,3001,777,7,26,12,38,4,Alhambra,34.09093,-118.12776,4634.0,116541,78.97368421052632,25.149115235217955,Locally sparse - chargers nearby
91803,1859,520,2,0,28,28,0,Alhambra,34.0749,-118.14624,5103.0,123111,66.39285714285714,24.12522045855379,Well served
91901,724,179,5,14,22,36,8,Alpine,32.81467,-116.71929,69.0,6142,20.11111111111111,89.01449275362319,"Fewer than 1,000 EVs"
91902,1171,275,0,0,0,0,0,,32.67479,-117.00475,1138.0,47287,,41.55272407732865,Locally sparse - chargers nearby
91905,40,7,0,0,0,0,0,,32.67773,-116.30734,12.0,151,,12.583333333333334,"Fewer than 1,000 EVs"
91906,94,24,6,10,0,10,0,Campo,32.66241,-116.47255,10.0,245,9.4,24.5,"Fewer than 1,000 EVs"
91910,2831,613,22,67,26,93,6,Chula Vista,32.63653,-117.06301,1264.0,46972,30.440860215053764,37.16139240506329,Well served
91911,2303,332,21,29,12,41,10,Chula Vista,32.60686,-117.04984,687.0,31815,56.170731707317074,46.31004366812227,Well served
91913,4654,806,3,9,0,9,0,Chula Vista,32.62174,-116.98609,441.0,29696,517.1111111111111,67.33786848072562,Isolated - underserved by both measures
91914,1676,408,6,16,32,48,18,Chula Vista,32.66604,-116.95426,587.0,39501,34.916666666666664,67.29301533219761,Locally fine - crowded region
91915,2923,535,8,16,16,32,4,Chula Vista,32.62266,-116.95013,409.0,28470,91.34375,69.60880195599022,Isolated - underserved by both measures
91916,53,13,0,0,0,0,0,,32.91103,-116.63201,38.0,788,,20.736842105263158,"Fewer than 1,000 EVs"
91917,25,10,0,0,0,0,0,,32.6267,-116.71894,0.0,708,,,"Fewer than 1,000 EVs"
91931,9,1,1,2,0,2,0,Guatay,32.83758,-116.58029,36.0,884,4.5,24.555555555555557,"Fewer than 1,000 EVs"
91932,557,123,6,12,0,12,2,Imperial Beach,32.56923,-117.11798,392.0,19135,46.416666666666664,48.81377551020408,"Fewer than 1,000 EVs"
91934,17,4,1,0,12,12,0,Jacumba Hot Springs,32.66488,-116.16828,12.0,57,1.4166666666666667,4.75,"Fewer than 1,000 EVs"
91935,640,166,1,8,0,8,0,Jamul,32.70214,-116.78721,71.0,4626,80.0,65.15492957746478,"Fewer than 1,000 EVs"
91941,2023,600,0,0,0,0,0,,32.75964,-116.99253,1254.0,53052,,42.30622009569378,Locally sparse - chargers nearby
91942,1605,356,10,24,12,36,6,La Mesa,32.77728,-117.02129,1960.0,52637,44.583333333333336,26.85561224489796,Well served
91945,830,142,6,9,8,17,1,Lemon Grove,32.73315,-117.03402,2098.0,65619,48.8235294117647,31.276930409914204,"Fewer than 1,000 EVs"
91948,2,2,0,0,0,0,0,,32.87509,-116.47076,10.0,160,,16.0,"Fewer than 1,000 EVs"
91950,1094,145,28,42,12,54,5,National City,32.66952,-117.09313,1867.0,58273,20.25925925925926,31.212104981253347,Well served
91962,96,13,0,0,0,0,0,,32.79248,-116.48044,10.0,201,,20.1,"Fewer than 1,000 EVs"
91963,15,4,0,0,0,0,0,,32.64798,-116.5964,10.0,162,,16.2,"Fewer than 1,000 EVs"
91977,2061,338,2,4,0,4,0,Spring Valley,32.72387,-116.99631,1389.0,53319,515.25,38.3866090712743,Locally sparse - chargers nearby
91978,557,75,0,0,0,0,0,,32.71209,-116.94103,694.0,44426,,64.01440922190201,"Fewer than 1,000 EVs"
91980,28,1,0,0,0,0,0,,32.58685,-116.61969,2.0,68,,34.0,"Fewer than 1,000 EVs"
92003,449,120,0,0,0,0,0,,33.28701,-117.19977,281.0,20667,,73.54804270462634,"Fewer than 1,000 EVs"
92004,86,25,5,6,6,12,0,Borrego Springs,33.18481,-116.15688,12.0,86,7.166666666666667,7.166666666666667,"Fewer than 1,000 EVs"
92007,1087,353,4,7,0,7,0,Cardiff by the Sea,33.02216,-117.27389,1028.0,56202,155.28571428571428,54.67120622568093,Locally sparse - chargers nearby
92008,2402,705,25,95,35,130,11,Carlsbad,33.14564,-117.31691,761.0,39614,18.476923076923075,52.05519053876478,Well served
92009,5348,1705,18,30,26,56,35,Carlsbad,33.09535,-117.24574,991.0,51285,95.5,51.75075681130171,Locally sparse - chargers nearby
92010,1777,520,15,30,0,30,3,Carlsbad,33.15676,-117.28423,808.0,39950,59.233333333333334,49.443069306930695,Well served
92011,2782,830,8,21,0,21,7,Carlsbad,33.10698,-117.29507,851.0,43776,132.47619047619048,51.4406580493537,Locally sparse - chargers nearby
92014,2199,837,11,18,1,19,13,Del Mar,32.96797,-117.24879,1842.0,58962,115.73684210526316,32.009771986970684,Locally sparse - chargers nearby
92019,2680,423,11,37,0,37,0,El Cajon,32.77886,-116.87142,431.0,22180,72.43243243243244,51.461716937354986,Locally sparse - chargers nearby
92020,2188,411,38,63,25,88,8,El Cajon,32.79557,-116.9697,699.0,43918,24.863636363636363,62.82975679542203,Well served
92021,2036,330,29,51,29,80,7,El Cajon,32.83514,-116.87462,420.0,16973,25.45,40.411904761904765,Well served
92024,5477,1937,22,32,40,72,5,Encinitas,33.05716,-117.25651,1060.0,60869,76.06944444444444,57.42358490566038,Locally sparse - chargers nearby
92025,1913,480,21,34,29,63,5,Escondido,33.08492,-117.02967,538.0,32958,30.365079365079364,61.260223048327134,Well served
92026,2718,685,13,53,12,65,4,Escondido,33.2111,-117.11157,544.0,22489,41.815384615384616,41.34007352941177,Well served
92027,2006,498,7,35,16,51,2,Escondido,33.13263,-116.98335,380.0,11476,39.333333333333336,30.2,Well served
92028,2982,709,18,28,11,39,4,Fallbrook,33.38613,-117.22658,185.0,7833,76.46153846153847,42.34054054054054,Locally sparse - chargers nearby
92029,2078,544,15,27,0,27,7,Escondido,33.08555,-117.12885,854.0,59291,76.96296296296296,69.42740046838408,Isolated - underserved by both measures
92036,110,30,5,2,4,6,2,Julian,33.01137,-116.37672,6.0,110,18.333333333333332,18.333333333333332,"Fewer than 1,000 EVs"
92037,4798,1772,93,478,38,516,59,San Diego,32.85257,-117.25104,2455.0,50136,9.2984496124031,20.421995926680243,Well served
92040,1276,295,15,27,12,39,6,Lakeside,32.90665,-116.88875,384.0,20262,32.717948717948715,52.765625,Well served
92054,1656,460,36,53,66,119,10,Oceanside,33.19377,-117.35508,626.0,25832,13.915966386554622,41.26517571884984,Well served
92055,21,9,0,0,0,0,0,,33.38123,-117.42874,1.0,4000,,4000.0,"Fewer than 1,000 EVs"
92056,3008,731,22,44,4,48,7,Oceanside,33.20197,-117.28939,728.0,33499,62.666666666666664,46.01510989010989,Well served
92057,2869,759,4,4,20,24,0,Oceanside,33.25326,-117.28704,604.0,23784,119.54166666666667,39.37748344370861,Locally sparse - chargers nearby
92058,1166,251,2,2,8,10,0,Oceanside,33.28379,-117.34182,361.0,19354,116.6,53.61218836565097,Locally sparse - chargers nearby
92059,66,18,0,0,0,0,0,,33.38277,-117.05193,176.0,6901,,39.21022727272727,"Fewer than 1,000 EVs"
92060,12,5,0,0,0,0,0,,33.35043,-116.86451,28.0,240,,8.571428571428571,"Fewer than 1,000 EVs"
92061,106,35,4,18,10,28,0,Pauma Valley,33.30036,-116.93048,72.0,1467,3.7857142857142856,20.375,"Fewer than 1,000 EVs"
92064,4712,1230,8,10,11,21,4,Poway,32.98038,-117.01746,440.0,40955,224.38095238095238,93.07954545454545,Isolated - underserved by both measures
92065,1478,421,7,10,14,24,6,Ramona,33.04736,-116.84386,34.0,3484,61.583333333333336,102.47058823529412,Locally fine - crowded region
92066,6,0,0,0,0,0,0,,33.21541,-116.53583,12.0,44,,3.6666666666666665,"Fewer than 1,000 EVs"
92067,2071,837,5,10,0,10,2,Rancho Santa Fe,33.02087,-117.19209,1601.0,62202,207.1,38.851967520299816,Locally sparse - chargers nearby
92069,2651,614,11,24,24,48,4,San Marcos,33.17536,-117.15761,735.0,42863,55.229166666666664,58.31700680272109,Well served
92070,18,5,3,4,8,12,2,Santa Ysabel,33.18513,-116.74071,34.0,56,1.5,1.6470588235294117,"Fewer than 1,000 EVs"
92071,2557,531,26,68,11,79,30,Santee,32.85045,-116.99479,866.0,47716,32.36708860759494,55.09930715935335,Well served
92075,1513,551,36,75,8,83,26,Solana Beach,32.99735,-117.25875,1927.0,57478,18.228915662650603,29.827711468604047,Well served
92078,4566,1240,22,37,2,39,14,San Marcos,33.11834,-117.18554,998.0,52061,117.07692307692308,52.16533066132264,Locally sparse - chargers nearby
92081,1800,450,18,37,37,74,8,Vista,33.16451,-117.24056,907.0,42942,24.324324324324323,47.34509371554576,Well served
92082,1283,302,9,32,12,44,0,Valley Center,33.2518,-117.00284,206.0,6179,29.15909090909091,29.99514563106796,Well served
92083,1062,266,9,18,30,48,2,Vista,33.19808,-117.24844,768.0,41694,22.125,54.2890625,Well served
92084,1962,483,9,21,22,43,0,Vista,33.22454,-117.20334,785.0,36217,45.627906976744185,46.136305732484075,Well served
92086,38,14,0,0,0,0,0,,33.29718,-116.64176,0.0,62,,,"Fewer than 1,000 EVs"
92091,336,114,0,0,0,0,0,,33.03432,-117.19704,1268.0,65698,,51.81230283911672,"Fewer than 1,000 EVs"
92092,81,8,0,0,0,0,0,,32.87544,-117.23621,2362.0,54294,,22.98645215918713,"Fewer than 1,000 EVs"
92093,81,63,15,249,2,251,7,La Jolla,32.88219,-117.23706,2284.0,54636,0.32270916334661354,23.92119089316988,"Fewer than 1,000 EVs"
92096,1,0,0,0,0,0,0,,33.12819,-117.15631,954.0,49461,,51.84591194968554,"Fewer than 1,000 EVs"
92101,4293,901,265,569,34,603,113,San Diego,32.7162,-117.18589,1885.0,49730,7.119402985074627,26.381962864721487,Well served
92102,1020,260,3,4,0,4,0,San Diego,32.71595,-117.11749,2057.0,56902,255.0,27.662615459406904,Locally sparse - chargers nearby
92103,2813,907,32,104,4,108,0,San Diego,32.74782,-117.16738,2669.0,57553,26.046296296296298,21.563506931434993,Well served
92104,2146,689,3,4,4,8,4,San Diego,32.74191,-117.12781,2009.0,60117,268.25,29.923842707814835,Locally sparse - chargers nearby
92105,1783,395,1,5,0,5,5,San Diego,32.73756,-117.09193,2179.0,63892,356.6,29.321707205139973,Locally sparse - chargers nearby
92106,1502,473,6,13,24,37,8,San Diego,32.71334,-117.23617,1645.0,38492,40.5945945945946,23.39939209726444,Well served
92107,1492,527,0,0,0,0,0,,32.7402,-117.24357,2500.0,40878,,16.3512,Locally sparse - chargers nearby
92108,2029,443,61,115,155,270,73,San Diego,32.77423,-117.14097,3013.0,72397,7.514814814814815,24.028211085297045,Well served
92109,2483,784,9,62,0,62,9,San Diego,32.78699,-117.23273,2938.0,47934,40.04838709677419,16.315180394826413,Well served
92110,1500,422,28,40,76,116,20,San Diego,32.76533,-117.19965,2882.0,51685,12.931034482758621,17.933726578764748,Well served
92111,2354,573,29,42,48,90,23,San Diego,32.8065,-117.16897,3102.0,74001,26.155555555555555,23.85589941972921,Well served
92113,637,101,7,8,15,23,9,San Diego,32.69591,-117.12012,2039.0,60748,27.695652173913043,29.79303580186366,"Fewer than 1,000 EVs"
92114,1827,258,2,4,0,4,0,San Diego,32.70778,-117.05529,2122.0,60382,456.75,28.45523091423186,Locally sparse - chargers nearby
92115,2106,550,12,21,13,34,6,San Diego,32.76154,-117.07187,2221.0,63408,61.94117647058823,28.54930211616389,Well served
92116,1772,555,2,7,6,13,0,San Diego,32.76484,-117.12303,2527.0,72285,136.30769230769232,28.605065294815986,Locally sparse - chargers nearby
92117,3041,822,3,1,11,12,3,San Diego,32.82493,-117.19972,3095.0,67734,253.41666666666666,21.884975767366722,Locally sparse - chargers nearby
92118,1334,382,20,42,5,47,8,Coronado,32.67466,-117.16915,1776.0,43233,28.382978723404257,24.342905405405407,Well served
92119,1327,329,1,0,12,12,0,San Diego,32.80896,-117.03232,1647.0,58249,110.58333333333333,35.366727383120825,Locally sparse - chargers nearby
92120,2302,569,8,46,1,47,3,San Diego,32.79526,-117.07317,2332.0,66257,48.97872340425532,28.412092624356774,Well served
92121,766,306,110,309,23,332,32,San Diego,32.8973,-117.20231,2322.0,65802,2.3072289156626504,28.338501291989665,"Fewer than 1,000 EVs"
92122,3318,898,25,54,20,74,28,San Diego,32.85681,-117.21017,2668.0,68113,44.83783783783784,25.52961019490255,Well served
92123,2360,503,61,137,25,162,20,San Diego,32.80958,-117.13419,3191.0,73633,14.567901234567902,23.075211532434974,Well served
92124,1867,467,0,0,0,0,0,,32.82823,-117.08528,3061.0,74096,,24.206468474354786,Locally sparse - chargers nearby
92126,5374,1099,17,35,34,69,16,San Diego,32.912,-117.14344,2265.0,76434,77.8840579710145,33.74569536423841,Locally sparse - chargers nearby
92127,7509,2253,56,125,16,141,22,San Diego,33.01913,-117.12339,1100.0,70777,53.255319148936174,64.34272727272727,Well served
92128,4804,1142,11,46,5,51,2,San Diego,32.99687,-117.07308,719.0,49820,94.19607843137256,69.29068150208623,Isolated - underserved by both measures
92129,5919,1492,12,24,14,38,14,San Diego,32.96354,-117.12622,1905.0,64308,155.76315789473685,33.75748031496063,Locally sparse - chargers nearby
92130,10291,3061,39,99,36,135,30,San Diego,32.94763,-117.20586,2007.0,65844,76.22962962962963,32.80717488789238,Locally sparse - chargers nearby
92131,4813,1371,11,16,12,28,1,San Diego,32.89604,-117.05737,1630.0,74305,171.89285714285714,45.58588957055215,Locally sparse - chargers nearby
92132,1,0,6,12,0,12,0,San Diego,32.71368,-117.17201,1923.0,48017,0.08333333333333333,24.96983879355174,"Fewer than 1,000 EVs"
92134,3,1,0,0,0,0,0,,32.72512,-117.14541,1977.0,60232,,30.466363176530095,"Fewer than 1,000 EVs"
92136,32,5,0,0,0,0,0,,32.68254,-117.12307,1904.0,58268,,30.602941176470587,"Fewer than 1,000 EVs"
92139,952,173,1,0,6,6,0,San Diego,32.68006,-117.04889,1826.0,56426,158.66666666666666,30.901423877327492,"Fewer than 1,000 EVs"
92140,3,0,1,0,1,1,0,San Diego,32.74041,-117.1984,2584.0,51790,3.0,20.042569659442723,"Fewer than 1,000 EVs"
92145,12,2,0,0,0,0,0,,32.86292,-117.14579,2703.0,71706,,26.528301886792452,"Fewer than 1,000 EVs"
92147,0,1,0,0,0,0,0,,32.72478,-117.21895,1890.0,48048,,25.42222222222222,"Fewer than 1,000 EVs"
92154,2854,425,9,3,29,32,4,San Diego,32.578,-116.96621,367.0,22286,89.1875,60.724795640326974,Locally sparse - chargers nearby
92155,2,0,1,8,0,8,0,San Diego,32.67148,-117.16714,1775.0,43233,0.25,24.356619718309858,"Fewer than 1,000 EVs"
92161,0,0,1,2,0,2,2,San Diego,32.8742,-117.23159,2375.0,56066,0.0,23.606736842105263,"Fewer than 1,000 EVs"
92173,714,86,5,2,30,32,7,San Diego,32.55552,-117.05114,377.0,21761,22.3125,57.721485411140584,"Fewer than 1,000 EVs"
92182,3,1,16,24,1,25,11,San Diego,32.77498,-117.07424,2193.0,65050,0.12,29.662562699498405,"Fewer than 1,000 EVs"
92201,1147,182,17,28,2,30,15,Indio,33.70804,-116.23502,330.0,9345,38.233333333333334,28.318181818181817,Well served
92203,1651,297,4,3,51,54,50,Indio,33.75159,-116.24139,402.0,7401,30.574074074074073,18.41044776119403,Well served
92210,506,150,23,66,0,66,20,Indian Wells,33.70357,-116.33953,493.0,12639,7.666666666666667,25.636916835699797,"Fewer than 1,000 EVs"
92211,1771,396,18,81,8,89,4,Palm Desert,33.76593,-116.33241,510.0,12997,19.89887640449438,25.484313725490196,Well served
92220,933,133,3,6,3,9,2,Banning,33.93992,-116.83935,100.0,4156,103.66666666666667,41.56,"Fewer than 1,000 EVs"
92223,3169,542,8,8,48,56,21,Beaumont,33.9382,-116.98137,117.0,8744,56.589285714285715,74.73504273504274,Locally fine - crowded region
92225,102,29,13,39,4,43,6,Blythe,33.71642,-114.65606,43.0,102,2.372093023255814,2.372093023255814,"Fewer than 1,000 EVs"
92227,257,35,4,7,16,23,0,Brawley,32.98677,-115.3341,23.0,257,11.173913043478262,11.173913043478262,"Fewer than 1,000 EVs"
92230,29,5,5,4,36,40,28,Cabazon,33.9088,-116.76879,46.0,1103,0.725,23.97826086956522,"Fewer than 1,000 EVs"
92231,578,55,11,17,16,33,0,Calexico,32.68751,-115.56433,138.0,1350,17.515151515151516,9.782608695652174,"Fewer than 1,000 EVs"
92233,22,5,2,2,8,10,0,Calipatria,33.14736,-115.50686,10.0,29,2.2,2.9,"Fewer than 1,000 EVs"
92234,1852,339,13,43,14,57,12,Cathedral City,33.81386,-116.46663,547.0,10991,32.49122807017544,20.09323583180987,Well served
92236,482,43,2,2,1,3,2,Coachella,33.70276,-116.07254,80.0,1629,160.66666666666666,20.3625,"Fewer than 1,000 EVs"
92239,7,1,0,0,0,0,0,,33.87424,-115.24396,0.0,7,,,"Fewer than 1,000 EVs"
92240,726,132,8,16,0,16,1,Desert Hot Springs,33.95291,-116.5194,250.0,2801,45.375,11.204,"Fewer than 1,000 EVs"
92241,171,37,1,7,0,7,0,Desert Hot Springs,33.84634,-116.28342,306.0,4899,24.428571428571427,16.00980392156863,"Fewer than 1,000 EVs"
92242,4,1,0,0,0,0,0,,34.19019,-114.30755,0.0,4,,,"Fewer than 1,000 EVs"
92243,672,93,9,12,70,82,36,El Centro,32.77285,-115.60065,144.0,1909,8.195121951219512,13.256944444444445,"Fewer than 1,000 EVs"
92249,100,6,1,0,20,20,0,Heber,32.72606,-115.48218,138.0,1350,5.0,9.782608695652174,"Fewer than 1,000 EVs"
92250,56,8,0,0,0,0,0,,32.79188,-115.23454,0.0,56,,,"Fewer than 1,000 EVs"
92251,550,63,5,9,0,9,0,Imperial,32.87129,-115.71804,39.0,1231,61.111111111111114,31.564102564102566,"Fewer than 1,000 EVs"
92252,208,52,6,16,12,28,0,Joshua Tree,34.14801,-116.28422,63.0,750,7.428571428571429,11.904761904761905,"Fewer than 1,000 EVs"
92253,2155,485,14,47,15,62,26,La Quinta,33.65562,-116.28785,379.0,8692,34.75806451612903,22.934036939313984,Well served
92254,67,7,0,0,0,0,0,,33.54371,-115.99995,1.0,197,,197.0,"Fewer than 1,000 EVs"
92256,88,22,0,0,0,0,0,,34.07207,-116.61761,12.0,863,,71.91666666666667,"Fewer than 1,000 EVs"
92257,17,3,0,0,0,0,0,,33.33976,-115.52814,0.0,17,,,"Fewer than 1,000 EVs"
92258,14,1,0,0,0,0,0,,33.91791,-116.56002,271.0,4565,,16.8450184501845,"Fewer than 1,000 EVs"
92259,4,1,0,0,0,0,0,,32.73478,-115.94632,0.0,4,,,"Fewer than 1,000 EVs"
92260,1462,380,11,41,5,46,31,Palm Desert,33.69841,-116.40519,435.0,12840,31.782608695652176,29.517241379310345,Well served
92262,1945,553,91,166,38,204,76,Palm Springs,33.86287,-116.55736,354.0,6343,9.534313725490197,17.918079096045197,Well served
92264,1665,420,14,32,4,36,33,Palm Springs,33.73575,-116.50544,496.0,9781,46.25,19.719758064516128,Well served
92266,0,1,0,0,0,0,0,,33.17507,-114.92594,0.0,0,,,"Fewer than 1,000 EVs"
92268,21,3,0,0,0,0,0,,34.16146,-116.55002,35.0,651,,18.6,"Fewer than 1,000 EVs"
92270,2123,539,27,53,44,97,48,Rancho Mirage,33.76399,-116.42705,651.0,9538,21.88659793814433,14.651305683563749,Well served
92273,9,0,0,0,0,0,0,,32.80798,-115.69592,67.0,1231,,18.37313432835821,"Fewer than 1,000 EVs"
92274,130,21,1,0,1,1,0,Thermal,33.47031,-116.11387,1.0,197,130.0,197.0,"Fewer than 1,000 EVs"
92275,5,3,0,0,0,0,0,,33.20783,-115.88084,0.0,5,,,"Fewer than 1,000 EVs"
92276,159,47,0,0,0,0,0,,33.83234,-116.38648,595.0,9709,,16.31764705882353,"Fewer than 1,000 EVs"
92277,342,71,5,4,10,14,8,Twentynine Palms,34.11248,-115.68752,14.0,342,24.428571428571427,24.428571428571427,"Fewer than 1,000 EVs"
92278,4,1,0,0,0,0,0,,34.23505,-116.05825,14.0,4,,0.2857142857142857,"Fewer than 1,000 EVs"
92280,1,0,0,0,0,0,0,,34.13963,-114.84652,0.0,1,,,"Fewer than 1,000 EVs"
92281,7,1,0,0,0,0,0,,33.05033,-115.61264,33.0,29,,0.8787878787878788,"Fewer than 1,000 EVs"
92282,28,8,0,0,0,0,0,,33.96253,-116.65829,62.0,2830,,45.645161290322584,"Fewer than 1,000 EVs"
92283,3,0,0,0,0,0,0,,32.83741,-114.79462,0.0,3,,,"Fewer than 1,000 EVs"
92284,542,114,6,11,24,35,0,Yucca Valley,34.16013,-116.42474,57.0,771,15.485714285714286,13.526315789473685,"Fewer than 1,000 EVs"
92285,41,7,0,0,0,0,0,,34.33762,-116.51364,0.0,41,,,"Fewer than 1,000 EVs"
92301,534,76,1,15,0,15,0,Adelanto,34.65183,-117.52617,15.0,534,35.6,35.6,"Fewer than 1,000 EVs"
92305,8,3,0,0,0,0,0,,34.17018,-116.83231,54.0,335,,6.203703703703703,"Fewer than 1,000 EVs"
92307,933,209,4,7,0,7,2,Apple Valley,34.59078,-117.14127,30.0,933,133.28571428571428,31.1,"Fewer than 1,000 EVs"
92308,896,189,7,13,6,19,0,Apple Valley,34.42005,-117.15558,64.0,3319,47.1578947368421,51.859375,"Fewer than 1,000 EVs"
92309,2,1,7,0,164,164,108,Baker,35.24942,-116.15578,164.0,2,0.012195121951219513,0.012195121951219513,"Fewer than 1,000 EVs"
92310,96,13,0,0,0,0,0,,35.33443,-116.76306,0.0,96,,,"Fewer than 1,000 EVs"
92311,320,54,17,57,229,286,27,Barstow,34.97204,-117.0101,286.0,338,1.118881118881119,1.1818181818181819,"Fewer than 1,000 EVs"
92313,379,82,5,36,2,38,1,Grand Terrace,34.03142,-117.31373,1348.0,27703,9.973684210526315,20.551186943620177,"Fewer than 1,000 EVs"
92314,135,28,0,0,0,0,0,,34.2576,-116.80075,54.0,329,,6.092592592592593,"Fewer than 1,000 EVs"
92315,132,28,12,32,22,54,0,Big Bear Lake,34.22011,-116.95301,54.0,489,2.4444444444444446,9.055555555555555,"Fewer than 1,000 EVs"
92316,442,65,5,6,0,6,0,Bloomington,34.0576,-117.39076,1168.0,26991,73.66666666666667,23.108732876712327,"Fewer than 1,000 EVs"
92317,87,17,1,0,1,1,0,Blue Jay,34.24507,-117.20874,292.0,3978,87.0,13.623287671232877,"Fewer than 1,000 EVs"
92320,450,74,2,7,12,19,7,Calimesa,33.9874,-117.05024,200.0,11351,23.68421052631579,56.755,"Fewer than 1,000 EVs"
92321,29,13,0,0,0,0,0,,34.24748,-117.14694,216.0,3561,,16.48611111111111,"Fewer than 1,000 EVs"
92322,18,7,0,0,0,0,0,,34.25419,-117.32259,261.0,6186,,23.701149425287355,"Fewer than 1,000 EVs"
92324,1092,239,10,35,47,82,6,Colton,34.03398,-117.29008,1314.0,22263,13.317073170731707,16.942922374429223,Well served
92325,236,62,1,1,0,1,0,Crestline,34.24554,-117.27506,334.0,8766,236.0,26.24550898203593,"Fewer than 1,000 EVs"
92327,1,0,0,0,0,0,0,,34.86632,-116.84347,204.0,19,,0.09313725490196079,"Fewer than 1,000 EVs"
92328,3,1,1,2,0,2,2,Death Valley,36.39482,-117.02718,2.0,3,1.5,1.5,"Fewer than 1,000 EVs"
92332,0,0,2,1,4,5,1,Essex,34.90728,-115.36409,5.0,0,0.0,0.0,"Fewer than 1,000 EVs"
92333,19,4,0,0,0,0,0,,34.26951,-116.96277,54.0,481,,8.907407407407407,"Fewer than 1,000 EVs"
92335,1363,244,26,44,0,44,6,Fontana,34.08733,-117.46519,948.0,34695,30.977272727272727,36.598101265822784,Well served
92336,6889,1135,6,7,31,38,24,Fontana,34.13686,-117.46033,512.0,29988,181.28947368421052,58.5703125,Locally sparse - chargers nearby
92337,1093,225,3,8,0,8,1,Fontana,34.04967,-117.47145,979.0,43955,136.625,44.89785495403473,Locally sparse - chargers nearby
92339,25,13,0,0,0,0,0,,34.08189,-116.83838,1.0,2635,,2635.0,"Fewer than 1,000 EVs"
92341,13,1,0,0,0,0,0,,34.24009,-117.06798,77.0,720,,9.35064935064935,"Fewer than 1,000 EVs"
92342,204,47,0,0,0,0,0,,34.76078,-117.33795,0.0,217,,,"Fewer than 1,000 EVs"
92344,787,124,0,0,0,0,0,,34.39176,-117.40657,136.0,5040,,37.05882352941177,"Fewer than 1,000 EVs"
92345,1417,235,13,17,64,81,30,Hesperia,34.36415,-117.30984,162.0,6203,17.493827160493826,38.29012345679013,Well served
92346,1891,410,24,38,19,57,8,Highland,34.12629,-117.1792,845.0,11500,33.175438596491226,13.609467455621301,Well served
92347,7,3,0,0,0,0,0,,34.95003,-117.25802,0.0,7,,,"Fewer than 1,000 EVs"
92350,9,6,0,0,0,0,0,,34.05296,-117.2617,1237.0,18312,,14.803556992724333,"Fewer than 1,000 EVs"
92352,221,49,4,4,12,16,2,Lake Arrowhead,34.26824,-117.18486,198.0,4996,13.8125,25.232323232323232,"Fewer than 1,000 EVs"
92354,1164,258,24,44,4,48,3,Loma Linda,34.04933,-117.25119,1223.0,18312,24.25,14.973017170891252,Well served
92356,57,15,2,3,0,3,2,Lucerne Valley,34.49633,-116.89265,3.0,57,19.0,19.0,"Fewer than 1,000 EVs"
92358,32,9,0,0,0,0,0,,34.24624,-117.56762,68.0,17649,,259.54411764705884,"Fewer than 1,000 EVs"
92359,234,41,0,0,0,0,0,,34.08296,-117.07026,199.0,8335,,41.88442211055276,"Fewer than 1,000 EVs"
92363,29,5,5,0,34,34,8,Needles,34.70863,-114.57562,34.0,29,0.8529411764705882,0.8529411764705882,"Fewer than 1,000 EVs"
92364,0,0,3,2,4,6,0,Nipton,35.35678,-115.43741,6.0,0,0.0,0.0,"Fewer than 1,000 EVs"
92365,24,3,0,0,0,0,0,,34.88843,-116.54129,0.0,24,,,"Fewer than 1,000 EVs"
92368,13,4,0,0,0,0,0,,34.65508,-117.30893,76.0,1078,,14.18421052631579,"Fewer than 1,000 EVs"
92369,9,3,0,0,0,0,0,,34.13941,-117.21966,930.0,13310,,14.311827956989248,"Fewer than 1,000 EVs"
92371,248,57,0,0,0,0,0,,34.43837,-117.54266,36.0,2916,,81.0,"Fewer than 1,000 EVs"
92372,128,30,0,0,0,0,0,,34.45097,-117.62859,1.0,573,,573.0,"Fewer than 1,000 EVs"
92373,2074,628,4,8,4,12,4,Redlands,34.00648,-117.15351,795.0,18807,172.83333333333334,23.656603773584905,Locally sparse - chargers nearby
92374,1861,361,29,56,63,119,11,Redlands,34.06738,-117.17482,892.0,14855,15.638655462184873,16.65358744394619,Well served
92376,1413,211,9,23,14,37,0,Rialto,34.11053,-117.37997,1072.0,27581,38.189189189189186,25.728544776119403,Well served
92377,825,175,2,4,0,4,0,Rialto,34.15234,-117.40412,804.0,22747,206.25,28.29228855721393,"Fewer than 1,000 EVs"
92378,13,2,0,0,0,0,0,,34.23206,-117.22483,435.0,6537,,15.027586206896551,"Fewer than 1,000 EVs"
92382,147,34,0,0,0,0,0,,34.20604,-117.11276,214.0,3946,,18.439252336448597,"Fewer than 1,000 EVs"
92384,1,0,2,3,6,9,0,Shoshone,35.98255,-116.1505,9.0,1,0.1111111111111111,0.1111111111111111,"Fewer than 1,000 EVs"
92385,19,2,1,39,0,39,0,Skyforest,34.21345,-117.23057,574.0,6891,0.48717948717948717,12.005226480836237,"Fewer than 1,000 EVs"
92386,35,7,0,0,0,0,0,,34.23702,-116.82523,54.0,329,,6.092592592592593,"Fewer than 1,000 EVs"
92391,40,15,0,0,0,0,0,,34.23958,-117.23665,400.0,7954,,19.885,"Fewer than 1,000 EVs"
92392,1582,247,10,15,21,36,12,Victorville,34.479,-117.40884,224.0,5901,43.94444444444444,26.34375,Well served
92394,861,127,7,4,30,34,2,Victorville,34.563,-117.3542,221.0,3462,25.323529411764707,15.665158371040723,"Fewer than 1,000 EVs"
92395,1006,201,18,27,31,58,4,Victorville,34.50032,-117.29479,242.0,6549,17.344827586206897,27.06198347107438,Well served
92397,171,46,1,1,0,1,0,Wrightwood,34.36212,-117.69136,1.0,591,171.0,591.0,"Fewer than 1,000 EVs"
92398,18,3,5,2,64,66,24,Yermo,34.97178,-116.83808,66.0,339,0.2727272727272727,5.136363636363637,"Fewer than 1,000 EVs"
92399,1669,390,6,13,0,13,1,Yucaipa,34.04469,-117.004,93.0,9482,128.3846153846154,101.95698924731182,Isolated - underserved by both measures
92401,17,4,6,10,0,10,0,San Bernardino,34.10586,-117.29188,1107.0,26167,1.7,23.637759710930442,"Fewer than 1,000 EVs"
92404,856,201,17,120,0,120,0,San Bernardino,34.17862,-117.23891,889.0,12150,7.133333333333334,13.667041619797525,"Fewer than 1,000 EVs"
92405,399,89,1,0,2,2,2,San Bernardino,34.14578,-117.30225,1050.0,20555,199.5,19.576190476190476,"Fewer than 1,000 EVs"
92407,1794,381,3,3,13,16,3,San Bernardino,34.22394,-117.38839,305.0,17257,112.125,56.58032786885246,Locally sparse - chargers nearby
92408,354,58,94,175,47,222,18,San Bernardino,34.0845,-117.2653,1131.0,17906,1.5945945945945945,15.832007073386384,"Fewer than 1,000 EVs"
92410,471,68,28,76,10,86,8,San Bernardino,34.10655,-117.29574,1113.0,26167,5.476744186046512,23.510332434860736,"Fewer than 1,000 EVs"
92411,252,46,3,6,0,6,0,San Bernardino,34.12214,-117.32291,1033.0,23601,42.0,22.84704743465634,"Fewer than 1,000 EVs"
92415,25,9,2,22,0,22,0,San Bernardino,34.10506,-117.28685,1105.0,16121,1.1363636363636365,14.589140271493212,"Fewer than 1,000 EVs"
92501,677,179,22,42,27,69,47,Riverside,33.99496,-117.37367,974.0,29265,9.81159420289855,30.046201232032853,"Fewer than 1,000 EVs"
92503,3370,803,12,24,1,25,8,Riverside,33.88308,-117.45222,447.0,36547,134.8,81.76062639821029,Isolated - underserved by both measures
92504,1762,407,14,28,0,28,4,Riverside,33.90607,-117.39854,564.0,25690,62.92857142857143,45.54964539007092,Well served
92505,1392,281,2,10,0,10,8,Riverside,33.92663,-117.4928,624.0,38249,139.2,61.29647435897436,Locally sparse - chargers nearby
92506,2459,744,3,13,2,15,13,Riverside,33.93478,-117.36689,709.0,23037,163.93333333333334,32.492242595204516,Locally sparse - chargers nearby
92507,2020,437,55,95,22,117,41,Riverside,33.97464,-117.32234,1168.0,27172,17.264957264957264,23.263698630136986,Well served
92508,2288,513,4,6,1,7,0,Riverside,33.89039,-117.3282,531.0,21037,326.85714285714283,39.61770244821092,Locally sparse - chargers nearby
92509,2023,401,9,11,34,45,11,Riverside,34.00293,-117.44547,994.0,35209,44.955555555555556,35.4215291750503,Well served
92518,325,11,6,22,0,22,2,Riverside,33.89602,-117.27705,497.0,19261,14.772727272727273,38.754527162977865,"Fewer than 1,000 EVs"
92521,8,5,0,0,0,0,0,,33.96794,-117.32731,996.0,23984,,24.080321285140563,"Fewer than 1,000 EVs"
92530,2006,413,6,10,27,37,33,Lake Elsinore,33.63386,-117.37949,81.0,10707,54.21621621621622,132.1851851851852,Locally fine - crowded region
92532,2891,486,7,0,27,27,0,Lake Elsinore,33.69052,-117.30241,199.0,14406,107.07407407407408,72.39195979899498,Isolated - underserved by both measures
92536,122,37,0,0,0,0,0,,33.48791,-116.81528,6.0,134,,22.333333333333332,"Fewer than 1,000 EVs"
92539,71,8,6,8,2,10,3,Anza,33.51579,-116.64432,10.0,140,7.1,14.0,"Fewer than 1,000 EVs"
92543,563,96,3,4,2,6,4,Hemet,33.69867,-116.97916,15.0,6709,93.83333333333333,447.26666666666665,"Fewer than 1,000 EVs"
92544,822,168,0,0,0,0,0,,33.64581,-116.86033,4.0,1385,,346.25,"Fewer than 1,000 EVs"
92545,1022,194,3,3,2,5,3,Hemet,33.7311,-117.0359,63.0,12174,204.4,193.23809523809524,Isolated - underserved by both measures
92548,256,25,0,0,0,0,0,,33.76392,-117.10907,130.0,13969,,107.45384615384616,"Fewer than 1,000 EVs"
92549,113,31,3,6,0,6,2,Idyllwild,33.80886,-116.71212,146.0,2087,18.833333333333332,14.294520547945206,"Fewer than 1,000 EVs"
92551,808,131,5,7,1,8,0,Moreno Valley,33.88148,-117.22521,361.0,17635,101.0,48.850415512465375,"Fewer than 1,000 EVs"
92553,1250,181,16,51,27,78,17,Moreno Valley,33.92335,-117.24532,590.0,21339,16.025641025641026,36.16779661016949,Well served
92555,1894,348,21,42,1,43,9,Moreno Valley,33.9133,-117.10867,283.0,13939,44.04651162790697,49.254416961130744,Well served
92557,1649,324,10,38,6,44,2,Moreno Valley,33.96855,-117.25704,1074.0,24509,37.47727272727273,22.82029795158287,Well served
92561,69,14,0,0,0,0,0,,33.63704,-116.57441,6.0,1805,,300.8333333333333,"Fewer than 1,000 EVs"
92562,3525,869,24,34,35,69,10,Murrieta,33.53579,-117.35098,102.0,7306,51.08695652173913,71.62745098039215,Locally fine - crowded region
92563,4847,986,15,30,34,64,16,Murrieta,33.58435,-117.14458,482.0,23309,75.734375,48.35892116182573,Locally sparse - chargers nearby
92567,210,44,0,0,0,0,0,,33.82378,-117.10305,129.0,8418,,65.25581395348837,"Fewer than 1,000 EVs"
92570,1169,266,8,19,0,19,4,Perris,33.78377,-117.31737,181.0,17459,61.526315789473685,96.45856353591161,Locally fine - crowded region
92571,1481,204,9,14,18,32,0,Perris,33.84182,-117.19522,275.0,13448,46.28125,48.90181818181818,Well served
92582,629,115,1,2,0,2,2,San Jacinto,33.80489,-117.01873,74.0,9807,314.5,132.52702702702703,"Fewer than 1,000 EVs"
92583,541,84,1,2,0,2,0,San Jacinto,33.79662,-116.93188,50.0,2755,270.5,55.1,"Fewer than 1,000 EVs"
92584,3959,628,4,12,38,50,23,Menifee,33.66167,-117.18079,359.0,23188,79.18,64.59052924791087,Locally sparse - chargers nearby
92585,1523,216,0,0,0,0,0,,33.74217,-117.16723,163.0,17466,,107.15337423312883,Isolated - underserved by both measures
92586,595,129,1,2,0,2,0,Menifee,33.70773,-117.20045,275.0,23092,297.5,83.97090909090909,"Fewer than 1,000 EVs"
92587,855,253,0,0,0,0,0,,33.69466,-117.25196,263.0,19509,,74.1787072243346,"Fewer than 1,000 EVs"
92590,367,107,11,28,1,29,9,Temecula,33.48391,-117.22075,451.0,16085,12.655172413793103,35.66518847006652,"Fewer than 1,000 EVs"
92591,2956,573,16,30,58,88,12,Temecula,33.53432,-117.1092,446.0,20451,33.59090909090909,45.8542600896861,Well served
92592,5446,1263,25,106,38,144,22,Temecula,33.511,-117.0242,339.0,16191,37.81944444444444,47.76106194690266,Well served
92595,1408,311,4,13,4,17,3,Wildomar,33.61638,-117.26028,389.0,20453,82.82352941176471,52.57840616966581,Locally sparse - chargers nearby
92596,2876,397,4,23,0,23,0,Winchester,33.64739,-117.07641,316.0,24043,125.04347826086956,76.08544303797468,Isolated - underserved by both measures
92602,5828,1482,16,20,11,31,8,Irvine,33.72645,-117.7287,2888.0,99700,188.0,34.52216066481994,Locally sparse - chargers nearby
92603,3612,1244,64,109,1,110,6,Irvine,33.62927,-117.79408,3310.0,119923,32.836363636363636,36.230513595166165,Well served
92604,2756,829,27,46,36,82,10,Irvine,33.6879,-117.7889,3529.0,131219,33.609756097560975,37.1830546897138,Well served
92606,2983,770,20,45,2,47,4,Irvine,33.69849,-117.8123,3734.0,131666,63.46808510638298,35.261381896089986,Well served
92610,1749,510,10,19,5,24,8,Lake Forest,33.68336,-117.65404,1484.0,85150,72.875,57.378706199460915,Locally sparse - chargers nearby
92612,3491,930,130,259,17,276,56,Irvine,33.65984,-117.82457,3550.0,126437,12.648550724637682,35.616056338028166,Well served
92614,3610,986,63,139,40,179,70,Irvine,33.68173,-117.83316,3798.0,128747,20.16759776536313,33.8986308583465,Well served
92617,963,355,107,181,0,181,38,Irvine,33.64197,-117.84103,3381.0,116911,5.320441988950276,34.57882283348122,"Fewer than 1,000 EVs"
92618,14710,3296,336,730,33,763,78,Irvine,33.66729,-117.73362,3048.0,114517,19.27916120576671,37.57119422572178,Well served
92620,9716,2743,15,20,11,31,10,Irvine,33.70661,-117.75695,3366.0,119170,313.4193548387097,35.4040404040404,Locally sparse - chargers nearby
92624,537,178,2,2,12,14,2,Dana Point,33.46082,-117.66656,433.0,37539,38.357142857142854,86.69515011547344,"Fewer than 1,000 EVs"
92625,1953,820,3,9,0,9,9,Newport Beach,33.60229,-117.86551,3067.0,98272,217.0,32.041734594065865,Locally sparse - chargers nearby
92626,3686,1146,102,258,61,319,52,Costa Mesa,33.67896,-117.90844,3834.0,103052,11.554858934169278,26.878455920709442,Well served
92627,3293,1139,5,7,20,27,2,Costa Mesa,33.64786,-117.9205,3089.0,85900,121.96296296296296,27.80835221754613,Locally sparse - chargers nearby
92629,2582,866,12,24,0,24,6,Dana Point,33.47678,-117.70459,480.0,44564,107.58333333333333,92.84166666666667,Isolated - underserved by both measures
92630,6598,1786,22,46,26,72,2,Lake Forest,33.64709,-117.68428,2332.0,103137,91.63888888888889,44.226843910806174,Locally sparse - chargers nearby
92637,1104,271,9,14,3,17,7,Laguna Woods,33.60796,-117.72799,2791.0,108689,64.94117647058823,38.94267287710498,Well served
92646,4173,1409,4,17,10,27,1,Huntington Beach,33.66525,-117.96755,2557.0,78131,154.55555555555554,30.555729370355884,Locally sparse - chargers nearby
92647,3146,1025,18,34,24,58,16,Huntington Beach,33.72395,-118.00685,2967.0,90058,54.241379310344826,30.353218739467476,Well served
92648,4115,1664,25,85,7,92,26,Huntington Beach,33.68212,-118.0101,2213.0,76046,44.72826086956522,34.36330772706733,Well served
92649,2849,1150,2,5,3,8,4,Huntington Beach,33.72037,-118.04423,2096.0,82080,356.125,39.16030534351145,Locally sparse - chargers nearby
92651,3646,1495,12,34,0,34,20,Laguna Beach,33.56535,-117.77399,2381.0,95541,107.23529411764706,40.12641747165057,Locally sparse - chargers nearby
92653,2933,943,9,17,33,50,2,Laguna Hills,33.59276,-117.69994,1904.0,109857,58.66,57.698004201680675,Well served
92655,349,81,0,0,0,0,0,,33.74606,-117.98765,3386.0,113364,,33.48021264028352,"Fewer than 1,000 EVs"
92656,5359,1608,18,37,2,39,16,Aliso Viejo,33.57518,-117.73036,2180.0,104834,137.4102564102564,48.08899082568807,Locally sparse - chargers nearby
92657,2416,958,10,15,2,17,9,Newport Beach,33.59571,-117.83069,3064.0,106395,142.11764705882354,34.724216710182766,Locally sparse - chargers nearby
92660,4814,1901,92,167,24,191,48,Newport Beach,33.63375,-117.87504,3319.0,108217,25.20418848167539,32.60530280204881,Well served
92661,302,125,0,0,0,0,0,,33.60231,-117.89872,2673.0,63915,,23.911335578002245,"Fewer than 1,000 EVs"
92662,252,93,0,0,0,0,0,,33.60547,-117.89218,2900.0,67867,,23.40241379310345,"Fewer than 1,000 EVs"
92663,2042,840,13,28,0,28,20,Newport Beach,33.62328,-117.93022,2389.0,73296,72.92857142857143,30.680619506069487,Locally sparse - chargers nearby
92672,2813,1019,13,15,69,84,50,San Clemente,33.3825,-117.5403,133.0,12635,33.48809523809524,95.0,Locally fine - crowded region
92673,3471,1292,6,3,31,34,22,San Clemente,33.46611,-117.61204,393.0,25601,102.08823529411765,65.14249363867684,Locally sparse - chargers nearby
92675,3050,1039,13,18,27,45,7,San Juan Capistrano,33.49977,-117.65366,546.0,48357,67.77777777777777,88.56593406593407,Isolated - underserved by both measures
92676,197,69,0,0,0,0,0,,33.75306,-117.63534,1118.0,73988,,66.17889087656529,"Fewer than 1,000 EVs"
92677,7355,2290,10,15,5,20,0,Laguna Niguel,33.52777,-117.70523,1041.0,75693,367.75,72.71181556195965,Isolated - underserved by both measures
92678,22,13,0,0,0,0,0,,33.64627,-117.50662,180.0,24629,,136.82777777777778,"Fewer than 1,000 EVs"
92679,4563,1510,1,1,0,1,0,Coto De Caza,33.65274,-117.56048,385.0,38144,4563.0,99.07532467532468,Isolated - underserved by both measures
92683,5242,1334,17,45,26,71,28,Westminster,33.75242,-117.99383,3296.0,104189,73.83098591549296,31.610740291262136,Locally sparse - chargers nearby
92688,3793,1081,3,8,11,19,4,Rancho Santa Margarita,33.61737,-117.61131,1263.0,65960,199.6315789473684,52.22486144101346,Locally sparse - chargers nearby
92691,3829,1124,5,1,46,47,17,Mission Viejo,33.61051,-117.66627,1511.0,99810,81.46808510638297,66.05559232296493,Locally sparse - chargers nearby
92692,4905,1471,15,32,4,36,2,Mission Viejo,33.60948,-117.64396,1439.0,94100,136.25,65.39263377345378,Locally sparse - chargers nearby
92694,5793,1777,24,43,8,51,4,Mission Viejo,33.51502,-117.58065,422.0,50983,113.58823529411765,120.81279620853081,Isolated - underserved by both measures
92697,23,16,3,6,0,6,2,Irvine,33.65061,-117.85091,3477.0,122329,3.8333333333333335,35.18234109864826,"Fewer than 1,000 EVs"
92701,1032,204,34,51,80,131,34,Santa Ana,33.7486,-117.85877,4376.0,144289,7.877862595419847,32.97280621572212,Well served
92703,1311,282,5,6,2,8,5,Santa Ana,33.74853,-117.90621,4067.0,138344,163.875,34.016228178018196,Locally sparse - chargers nearby
92704,2466,594,7,6,20,26,10,Santa Ana,33.72038,-117.90807,3998.0,122880,94.84615384615384,30.735367683841922,Locally sparse - chargers nearby
92705,4187,1326,17,219,23,242,12,Santa Ana,33.755,-117.81488,3964.0,127326,17.301652892561982,32.12058526740666,Well served
92706,1287,343,10,16,0,16,0,Santa Ana,33.76602,-117.88174,3976.0,143284,80.4375,36.03722334004024,Locally sparse - chargers nearby
92707,1312,325,12,28,0,28,8,Santa Ana,33.70991,-117.87045,4049.0,135618,46.857142857142854,33.494196097801925,Well served
92708,5544,1703,17,24,40,64,24,Fountain Valley,33.71046,-117.95132,3447.0,106355,86.625,30.85436611546272,Locally sparse - chargers nearby
92780,2641,700,42,67,80,147,6,Tustin,33.73685,-117.81968,4025.0,129078,17.965986394557824,32.069068322981366,Well served
92782,4357,1292,12,11,20,31,2,Tustin,33.72833,-117.79753,3940.0,124233,140.5483870967742,31.531218274111676,Locally sparse - chargers nearby
92801,2220,441,21,36,70,106,21,Anaheim,33.84441,-117.95175,2515.0,124035,20.943396226415093,49.31809145129225,Well served
92802,1463,291,149,339,0,339,30,Anaheim,33.80831,-117.9237,3349.0,129756,4.315634218289086,38.74469991042102,Well served
92804,3205,666,6,39,0,39,0,Anaheim,33.81801,-117.97517,2782.0,117424,82.17948717948718,42.20848310567937,Locally sparse - chargers nearby
92805,3073,696,41,76,49,125,16,Anaheim,33.83003,-117.90568,2949.0,122114,24.584,41.40861308918277,Well served
92806,1823,486,20,70,26,96,23,Anaheim,33.83884,-117.87054,2543.0,109534,18.989583333333332,43.07274872198191,Well served
92807,3703,1168,11,8,27,35,3,Anaheim,33.85001,-117.78946,1935.0,84566,105.8,43.703359173126614,Locally sparse - chargers nearby
92808,2478,744,2,1,20,21,21,Anaheim,33.85623,-117.74018,850.0,77463,118.0,91.1329411764706,Isolated - underserved by both measures
92821,3822,1100,20,67,54,121,17,Brea,33.92997,-117.86986,2067.0,102098,31.58677685950413,49.394291243347844,Well served
92823,866,310,1,2,0,2,2,Brea,33.92536,-117.80024,1436.0,85133,433.0,59.28481894150418,"Fewer than 1,000 EVs"
92831,2004,632,51,82,4,86,4,Fullerton,33.8795,-117.89607,2362.0,117111,23.302325581395348,49.58128704487722,Well served
92832,1154,320,50,97,29,126,14,Fullerton,33.86871,-117.92914,2423.0,108238,9.158730158730158,44.67106892282295,Well served
92833,4519,1111,11,20,4,24,0,Fullerton,33.88051,-117.96112,2434.0,108655,188.29166666666666,44.6405094494659,Locally sparse - chargers nearby
92835,2750,861,7,10,0,10,1,Fullerton,33.90171,-117.91529,2227.0,112798,275.0,50.65020206555905,Locally sparse - chargers nearby
92840,2443,551,6,14,36,50,6,Garden Grove,33.78584,-117.93202,3737.0,129707,48.86,34.70885737222371,Well served
92841,1878,428,0,0,0,0,0,,33.7868,-117.98207,3149.0,116745,,37.07367418228009,Locally sparse - chargers nearby
92843,1915,431,1,2,0,2,2,Garden Grove,33.76399,-117.93153,3712.0,132397,957.5,35.66729525862069,Locally sparse - chargers nearby
92844,1243,273,1,0,2,2,0,Garden Grove,33.76561,-117.96952,3616.0,118762,621.5,32.843473451327434,Locally sparse - chargers nearby
92845,929,256,1,0,16,16,0,Garden Grove,33.78292,-118.0264,2938.0,109483,58.0625,37.264465622872706,"Fewer than 1,000 EVs"
92860,911,282,4,0,8,8,3,Norco,33.9262,-117.54913,564.0,40225,113.875,71.3209219858156,"Fewer than 1,000 EVs"
92861,782,295,0,0,0,0,0,,33.81801,-117.81031,2593.0,103667,,39.979560354801386,"Fewer than 1,000 EVs"
92865,1299,431,1,0,6,6,0,Orange,33.82887,-117.84925,2601.0,114833,216.5,44.14955786236063,Locally sparse - chargers nearby
92866,596,192,8,15,0,15,0,Orange,33.78453,-117.84479,3845.0,121422,39.733333333333334,31.57919375812744,"Fewer than 1,000 EVs"
92867,3071,1036,8,12,12,24,4,Orange,33.81443,-117.79617,2680.0,94700,127.95833333333333,35.33582089552239,Locally sparse - chargers nearby
92868,1303,286,68,117,22,139,23,Orange,33.78799,-117.87637,3799.0,139382,9.37410071942446,36.68912871808371,Well served
92869,2645,854,2,4,0,4,0,Orange,33.79479,-117.7621,2918.0,104901,661.25,35.94962302947224,Locally sparse - chargers nearby
92870,3584,1083,5,7,1,8,1,Placentia,33.88087,-117.85522,2131.0,107917,448.0,50.64148287189113,Locally sparse - chargers nearby
92879,2040,527,10,10,11,21,9,Corona,33.87979,-117.5357,281.0,31578,97.14285714285714,112.37722419928825,Isolated - underserved by both measures
92880,5936,1511,6,9,5,14,4,Corona,33.92096,-117.61052,599.0,49143,424.0,82.04173622704508,Isolated - underserved by both measures
92881,2296,686,4,5,27,32,23,Corona,33.82163,-117.56763,176.0,23539,71.75,133.7443181818182,Isolated - underserved by both measures
92882,3635,949,18,27,18,45,13,Corona,33.86367,-117.59989,275.0,38024,80.77777777777777,138.26909090909092,Isolated - underserved by both measures
92883,3762,877,3,6,0,6,2,Corona,33.75994,-117.47827,96.0,17419,627.0,181.44791666666666,Isolated - underserved by both measures
92886,5832,1875,16,30,22,52,6,Yorba Linda,33.89517,-117.80154,1885.0,85873,112.15384615384616,45.55596816976127,Locally sparse - chargers nearby
92887,2388,796,2,5,3,8,4,Yorba Linda,33.88727,-117.73389,796.0,66013,298.5,82.93090452261306,Isolated - underserved by both measures
93001,1572,480,21,62,8,70,17,Ventura,34.35321,-119.31868,231.0,4187,22.457142857142856,18.125541125541126,Well served
93003,2373,609,20,33,35,68,25,Ventura,34.28434,-119.22256,339.0,13450,34.89705882352941,39.67551622418879,Well served
93004,1351,338,5,10,0,10,2,Ventura,34.27901,-119.16537,458.0,12987,135.1,28.35589519650655,Locally sparse - chargers nearby
93010,2509,665,34,62,56,118,16,Camarillo,34.23007,-119.07437,450.0,19825,21.26271186440678,44.05555555555556,Well served
93012,2914,760,11,66,0,66,9,Camarillo,34.20518,-118.99309,546.0,25120,44.15151515151515,46.00732600732601,Well served
93013,800,207,7,28,2,30,3,Carpinteria,34.42697,-119.48032,63.0,2410,26.666666666666668,38.25396825396825,"Fewer than 1,000 EVs"
93015,628,106,3,8,1,9,0,Fillmore,34.40969,-118.87807,195.0,3349,69.77777777777777,17.174358974358974,"Fewer than 1,000 EVs"
93021,2721,794,94,174,12,186,2,Moorpark,34.30417,-118.88274,562.0,22900,14.629032258064516,40.74733096085409,Well served
93022,242,78,0,0,0,0,0,,34.40324,-119.29836,159.0,5490,,34.528301886792455,"Fewer than 1,000 EVs"
93023,1303,454,11,67,16,83,22,Ojai,34.50372,-119.24856,89.0,1545,15.698795180722891,17.359550561797754,Well served
93030,1204,267,8,11,8,19,2,Oxnard,34.2051,-119.1753,504.0,12033,63.36842105263158,23.875,Well served
93033,1134,197,40,68,2,70,2,Oxnard,34.15401,-119.12296,396.0,12574,16.2,31.752525252525253,Well served
93035,1351,404,6,11,0,11,2,Oxnard,34.19034,-119.22879,361.0,12033,122.81818181818181,33.33240997229917,Locally sparse - chargers nearby
93036,1589,360,21,26,30,56,37,Oxnard,34.24911,-119.15977,516.0,15901,28.375,30.815891472868216,Well served
93040,76,4,0,0,0,0,0,,34.59337,-118.93657,0.0,76,,,"Fewer than 1,000 EVs"
93041,519,112,7,12,0,12,2,Port Hueneme,34.14956,-119.17458,422.0,12033,43.25,28.51421800947867,"Fewer than 1,000 EVs"
93042,2,1,0,0,0,0,0,,33.24997,-119.50963,0.0,2,,,"Fewer than 1,000 EVs"
93043,3,1,0,0,0,0,0,,34.17001,-119.2026,442.0,12033,,27.22398190045249,"Fewer than 1,000 EVs"
93060,737,148,7,8,6,14,2,Santa Paula,34.36543,-119.09563,115.0,8776,52.642857142857146,76.31304347826087,"Fewer than 1,000 EVs"
93063,3543,1009,4,12,24,36,4,Simi Valley,34.30922,-118.69041,641.0,38503,98.41666666666667,60.06708268330733,Locally sparse - chargers nearby
93064,2,1,0,0,0,0,0,,34.24527,-118.69984,1114.0,56319,,50.5556552962298,"Fewer than 1,000 EVs"
93065,5173,1433,11,23,37,60,31,Simi Valley,34.26206,-118.77151,805.0,33566,86.21666666666667,41.69689440993789,Locally sparse - chargers nearby
93066,217,86,1,1,0,1,1,Somis,34.28851,-119.02848,439.0,15962,217.0,36.35990888382688,"Fewer than 1,000 EVs"
93067,77,19,0,0,0,0,0,,34.42162,-119.59277,251.0,6717,,26.760956175298805,"Fewer than 1,000 EVs"
93101,1216,396,45,82,31,113,24,Santa Barbara,34.41925,-119.70808,368.0,9246,10.761061946902656,25.125,Well served
93103,1022,329,6,16,2,18,12,Santa Barbara,34.43888,-119.68173,346.0,9246,56.77777777777778,26.722543352601157,Well served
93105,2006,684,6,6,22,28,6,Santa Barbara,34.52702,-119.76082,336.0,7636,71.64285714285714,22.726190476190474,Locally sparse - chargers nearby
93106,69,26,11,22,0,22,6,Santa Barbara,34.41719,-119.85111,351.0,7636,3.1363636363636362,21.754985754985753,"Fewer than 1,000 EVs"
93108,1533,554,11,26,8,34,10,Santa Barbara,34.44934,-119.60397,261.0,6717,45.088235294117645,25.735632183908045,Well served
93109,849,328,8,16,0,16,4,Santa Barbara,34.40662,-119.72682,368.0,9246,53.0625,25.125,"Fewer than 1,000 EVs"
93110,1220,403,6,41,0,41,5,Santa Barbara,34.43913,-119.7666,388.0,9246,29.75609756097561,23.829896907216494,Well served
93111,1254,383,5,7,0,7,0,Goleta,34.44932,-119.80223,376.0,7636,179.14285714285714,20.30851063829787,Locally sparse - chargers nearby
93117,1977,584,35,80,18,98,37,Goleta,34.49102,-120.08201,98.0,2449,20.1734693877551,24.989795918367346,Well served
93201,6,1,0,0,0,0,0,,35.8555,-119.48338,0.0,6,,,"Fewer than 1,000 EVs"
93202,43,4,0,0,0,0,0,,36.3187,-119.7076,100.0,1805,,18.05,"Fewer than 1,000 EVs"
93203,215,32,7,39,78,117,10,Arvin,35.12158,-118.8468,117.0,312,1.8376068376068375,2.6666666666666665,"Fewer than 1,000 EVs"
93204,80,23,4,3,8,11,0,Avenal,35.90819,-120.06776,127.0,89,7.2727272727272725,0.7007874015748031,"Fewer than 1,000 EVs"
93205,11,4,0,0,0,0,0,,35.5387,-118.45463,0.0,80,,,"Fewer than 1,000 EVs"
93206,9,5,7,0,44,44,10,Buttonwillow,35.44402,-119.47578,44.0,9,0.20454545454545456,0.20454545454545456,"Fewer than 1,000 EVs"
93207,5,0,0,0,0,0,0,,35.88721,-118.63153,0.0,27,,,"Fewer than 1,000 EVs"
93210,164,41,11,9,107,116,25,Coalinga,36.19519,-120.43245,116.0,164,1.4137931034482758,1.4137931034482758,"Fewer than 1,000 EVs"
93212,90,25,0,0,0,0,0,,36.01649,-119.56937,0.0,90,,,"Fewer than 1,000 EVs"
93215,479,66,10,23,14,37,6,Delano,35.7764,-119.18835,45.0,678,12.945945945945946,15.066666666666666,"Fewer than 1,000 EVs"
93218,7,0,0,0,0,0,0,,35.86194,-119.03822,0.0,68,,,"Fewer than 1,000 EVs"
93219,49,11,0,0,0,0,0,,35.87908,-119.28818,35.0,567,,16.2,"Fewer than 1,000 EVs"
93220,3,1,0,0,0,0,0,,35.3705,-118.78369,28.0,1149,,41.035714285714285,"Fewer than 1,000 EVs"
93221,264,60,3,5,0,5,0,Exeter,36.29637,-119.02992,34.0,515,52.8,15.147058823529411,"Fewer than 1,000 EVs"
93222,94,30,0,0,0,0,0,,34.89835,-119.25983,0.0,99,,,"Fewer than 1,000 EVs"
93223,78,14,5,8,0,8,0,Farmersville,36.30117,-119.20789,170.0,2178,9.75,12.811764705882354,"Fewer than 1,000 EVs"
93224,4,3,0,0,0,0,0,,35.21687,-119.58087,5.0,4,,0.8,"Fewer than 1,000 EVs"
93225,174,53,0,0,0,0,0,,34.78532,-119.04196,41.0,174,,4.2439024390243905,"Fewer than 1,000 EVs"
93226,2,1,0,0,0,0,0,,35.7476,-118.73462,0.0,3,,,"Fewer than 1,000 EVs"
93227,1,0,0,0,0,0,0,,36.34441,-119.41856,157.0,2530,,16.11464968152866,"Fewer than 1,000 EVs"
93230,1230,237,46,70,9,79,12,Hanford,36.28967,-119.62514,92.0,1273,15.569620253164556,13.83695652173913,Well served
93234,64,11,4,6,0,6,2,Huron,36.19608,-120.08477,115.0,64,10.666666666666666,0.5565217391304348,"Fewer than 1,000 EVs"
93235,37,4,0,0,0,0,0,,36.38507,-119.22314,121.0,2676,,22.115702479338843,"Fewer than 1,000 EVs"
93238,21,16,0,0,0,0,0,,35.82799,-118.47137,0.0,58,,,"Fewer than 1,000 EVs"
93239,9,3,7,3,113,116,40,Kettleman City,36.03293,-119.98645,120.0,89,0.07758620689655173,0.7416666666666667,"Fewer than 1,000 EVs"
93240,52,19,0,0,0,0,0,,35.62425,-118.4645,0.0,95,,,"Fewer than 1,000 EVs"
93241,97,15,3,11,0,11,0,Lamont,35.24922,-118.91224,108.0,2876,8.818181818181818,26.62962962962963,"Fewer than 1,000 EVs"
93242,24,8,0,0,0,0,0,,36.44115,-119.73024,79.0,482,,6.10126582278481,"Fewer than 1,000 EVs"
93243,27,6,6,4,64,68,26,Lebec,34.84057,-118.81769,68.0,27,0.39705882352941174,0.39705882352941174,"Fewer than 1,000 EVs"
93244,6,2,0,0,0,0,0,,36.3908,-118.99733,8.0,425,,53.125,"Fewer than 1,000 EVs"
93245,508,105,6,20,1,21,10,Lemoore,36.28614,-119.83405,49.0,568,24.19047619047619,11.591836734693878,"Fewer than 1,000 EVs"
93246,5,3,1,0,10,10,0,Highland,36.31921,-119.93135,15.0,557,0.5,37.13333333333333,"Fewer than 1,000 EVs"
93247,167,50,6,18,6,24,0,Lindsay,36.20234,-119.08277,56.0,558,6.958333333333333,9.964285714285714,"Fewer than 1,000 EVs"
93249,19,6,7,35,189,224,1,Lost Hills,35.67033,-119.85814,224.0,19,0.08482142857142858,0.08482142857142858,"Fewer than 1,000 EVs"
93250,138,31,6,6,10,16,0,McFarland,35.66456,-119.20278,67.0,617,8.625,9.208955223880597,"Fewer than 1,000 EVs"
93251,1,0,0,0,0,0,0,,35.37059,-119.69735,0.0,1,,,"Fewer than 1,000 EVs"
93252,5,2,0,0,0,0,0,,34.80685,-119.34664,0.0,99,,,"Fewer than 1,000 EVs"
93254,8,3,2,7,0,7,0,New Cuyama,34.92498,-119.74834,7.0,8,1.1428571428571428,1.1428571428571428,"Fewer than 1,000 EVs"
93255,5,1,0,0,0,0,0,,35.68292,-118.0798,0.0,31,,,"Fewer than 1,000 EVs"
93256,39,6,0,0,0,0,0,,35.96805,-119.31251,0.0,109,,,"Fewer than 1,000 EVs"
93257,816,144,9,30,12,42,6,Porterville,35.98708,-118.89493,42.0,865,19.428571428571427,20.595238095238095,"Fewer than 1,000 EVs"
93258,19,1,0,0,0,0,0,,36.05833,-119.15209,34.0,117,,3.4411764705882355,"Fewer than 1,000 EVs"
93260,1,1,0,0,0,0,0,,35.81909,-118.66116,0.0,8,,,"Fewer than 1,000 EVs"
93261,12,2,0,0,0,0,0,,35.81147,-119.11673,37.0,547,,14.783783783783784,"Fewer than 1,000 EVs"
93262,3,1,0,0,0,0,0,,36.50256,-118.68109,2.0,3,,1.5,"Fewer than 1,000 EVs"
93263,565,58,4,34,1,35,0,Shafter,35.48722,-119.27835,97.0,2001,16.142857142857142,20.628865979381445,"Fewer than 1,000 EVs"
93265,98,31,0,0,0,0,0,,36.20713,-118.70876,0.0,98,,,"Fewer than 1,000 EVs"
93266,12,5,0,0,0,0,0,,36.17176,-119.85628,21.0,520,,24.761904761904763,"Fewer than 1,000 EVs"
93267,49,16,0,0,0,0,0,,36.14279,-119.0742,58.0,235,,4.051724137931035,"Fewer than 1,000 EVs"
93268,102,23,2,5,0,5,1,Taft,35.16725,-119.40785,5.0,102,20.4,20.4,"Fewer than 1,000 EVs"
93270,49,9,0,0,0,0,0,,35.94703,-119.05669,34.0,903,,26.558823529411764,"Fewer than 1,000 EVs"
93271,59,20,2,3,0,3,2,Three Rivers,36.43661,-118.86903,3.0,65,19.666666666666668,21.666666666666668,"Fewer than 1,000 EVs"
93272,21,7,0,0,0,0,0,,36.04818,-119.34535,9.0,1121,,124.55555555555556,"Fewer than 1,000 EVs"
93274,1061,193,11,28,9,37,8,Tulare,36.17978,-119.37949,69.0,1941,28.675675675675677,28.130434782608695,Well served
93277,859,203,10,26,12,38,2,Visalia,36.29963,-119.38139,181.0,3664,22.605263157894736,20.243093922651934,"Fewer than 1,000 EVs"
93280,221,54,5,12,2,14,0,Wasco,35.65204,-119.44716,14.0,221,15.785714285714286,15.785714285714286,"Fewer than 1,000 EVs"
93283,17,4,0,0,0,0,0,,35.58478,-118.28854,0.0,28,,,"Fewer than 1,000 EVs"
93285,32,8,0,0,0,0,0,,35.72233,-118.50871,0.0,105,,,"Fewer than 1,000 EVs"
93286,96,22,5,8,0,8,0,Woodlake,36.45149,-119.1079,8.0,991,12.0,123.875,"Fewer than 1,000 EVs"
93287,2,0,0,0,0,0,0,,35.72387,-118.91958,0.0,2,,,"Fewer than 1,000 EVs"
93291,1665,342,26,37,41,78,2,Visalia,36.38931,-119.36838,152.0,3695,21.346153846153847,24.30921052631579,Well served
93292,773,181,11,15,5,20,4,Visalia,36.3763,-119.22183,121.0,2676,38.65,22.115702479338843,"Fewer than 1,000 EVs"
93301,287,94,51,89,15,104,6,Bakersfield,35.38428,-119.02057,419.0,3386,2.7596153846153846,8.081145584725537,"Fewer than 1,000 EVs"
93304,362,78,5,20,6,26,0,Bakersfield,35.33938,-119.02368,430.0,4153,13.923076923076923,9.658139534883722,"Fewer than 1,000 EVs"
93305,243,56,3,11,8,19,0,Bakersfield,35.38989,-118.98515,421.0,3386,12.789473684210526,8.042755344418053,"Fewer than 1,000 EVs"
93306,1146,250,4,22,2,24,0,Bakersfield,35.46595,-118.78445,24.0,1149,47.75,47.875,Well served
93307,670,122,6,8,2,10,0,Bakersfield,35.2487,-118.93253,189.0,3521,67.0,18.62962962962963,"Fewer than 1,000 EVs"
93308,717,153,21,31,97,128,2,Bakersfield,35.5498,-118.93389,128.0,717,5.6015625,5.6015625,"Fewer than 1,000 EVs"
93309,860,187,10,32,16,48,4,Bakersfield,35.34266,-119.06461,438.0,4056,17.916666666666668,9.26027397260274,"Fewer than 1,000 EVs"
93311,2539,490,17,24,22,46,6,Bakersfield,35.15378,-119.16567,46.0,4071,55.19565217391305,88.5,Locally fine - crowded region
93312,1634,368,2,5,8,13,0,Bakersfield,35.39186,-119.11954,449.0,4822,125.6923076923077,10.739420935412026,Locally sparse - chargers nearby
93313,1532,228,16,32,27,59,6,Bakersfield,35.16363,-119.04715,59.0,4838,25.966101694915253,82.0,Locally fine - crowded region
93314,1436,267,2,2,10,12,10,Bakersfield,35.385,-119.23741,142.0,3635,119.66666666666667,25.598591549295776,Locally sparse - chargers nearby
93401,2349,702,83,146,36,182,30,San Luis Obispo,35.23539,-120.61834,499.0,6318,12.906593406593407,12.661322645290582,Well served
93402,806,267,1,0,15,15,0,Baywood-Los Osos,35.29082,-120.8392,249.0,2486,53.733333333333334,9.983935742971887,"Fewer than 1,000 EVs"
93405,1025,311,23,44,49,93,30,San Luis Obispo,35.29672,-120.72618,378.0,4840,11.021505376344086,12.804232804232804,Well served
93407,15,2,12,23,0,23,2,San Luis Obispo,35.30747,-120.66986,370.0,4840,0.6521739130434783,13.08108108108108,"Fewer than 1,000 EVs"
93408,9,9,0,0,0,0,0,,35.32117,-120.71889,368.0,6130,,16.657608695652176,"Fewer than 1,000 EVs"
93410,5,0,0,0,0,0,0,,35.30428,-120.65683,370.0,3403,,9.197297297297297,"Fewer than 1,000 EVs"
93420,1689,507,9,15,48,63,2,Arroyo Grande,35.16682,-120.46617,116.0,5584,26.80952380952381,48.13793103448276,Well served
93422,1290,366,15,20,43,63,9,Atascadero,35.4638,-120.69007,147.0,2334,20.476190476190474,15.877551020408163,Well served
93424,133,57,3,7,0,7,5,Avila Beach,35.20141,-120.78394,418.0,5006,19.0,11.976076555023923,"Fewer than 1,000 EVs"
93426,38,8,2,0,3,3,1,Bradley,35.84682,-120.97233,12.0,38,12.666666666666666,3.1666666666666665,"Fewer than 1,000 EVs"
93427,321,113,3,6,20,26,2,Buellton,34.62724,-120.22465,94.0,860,12.346153846153847,9.148936170212766,"Fewer than 1,000 EVs"
93428,363,128,7,16,0,16,12,Cambria,35.58995,-121.02943,35.0,520,22.6875,14.857142857142858,"Fewer than 1,000 EVs"
93430,157,59,3,6,0,6,4,Cayucos,35.49214,-120.92422,32.0,1018,26.166666666666668,31.8125,"Fewer than 1,000 EVs"
93432,58,12,1,3,0,3,3,Creston,35.47686,-120.47228,5.0,58,19.333333333333332,11.6,"Fewer than 1,000 EVs"
93433,424,129,3,2,20,22,2,Grover Beach,35.12045,-120.61894,281.0,6421,19.272727272727273,22.85053380782918,"Fewer than 1,000 EVs"
93434,126,14,0,0,0,0,0,,34.94086,-120.6113,11.0,1942,,176.54545454545453,"Fewer than 1,000 EVs"
93436,1072,232,11,45,12,57,27,Lompoc,34.60888,-120.4002,59.0,1072,18.80701754385965,18.16949152542373,Well served
93437,99,16,0,0,0,0,0,,34.76049,-120.51102,87.0,1623,,18.655172413793103,"Fewer than 1,000 EVs"
93440,67,15,2,2,4,6,2,Los Alamos,34.74606,-120.25292,42.0,477,11.166666666666666,11.357142857142858,"Fewer than 1,000 EVs"
93441,89,24,0,0,0,0,0,,34.73296,-120.09721,82.0,628,,7.658536585365853,"Fewer than 1,000 EVs"
93442,498,176,3,4,4,8,0,Morro Bay,35.4,-120.80495,117.0,3800,62.25,32.47863247863248,"Fewer than 1,000 EVs"
93444,1122,315,0,0,0,0,0,,35.03553,-120.50293,266.0,4055,,15.24436090225564,Locally sparse - chargers nearby
93445,168,40,0,0,0,0,0,,35.03319,-120.62002,151.0,3035,,20.09933774834437,"Fewer than 1,000 EVs"
93446,1471,388,56,128,69,197,155,Paso Robles,35.65861,-120.71888,219.0,2008,7.467005076142132,9.168949771689498,Well served
93449,669,206,24,46,22,68,38,Pismo Beach,35.15803,-120.6504,441.0,3743,9.838235294117647,8.487528344671201,"Fewer than 1,000 EVs"
93450,4,1,1,0,12,12,0,San Ardo,36.05791,-120.82894,12.0,6,0.3333333333333333,0.5,"Fewer than 1,000 EVs"
93451,96,21,0,0,0,0,0,,35.89398,-120.56733,0.0,96,,,"Fewer than 1,000 EVs"
93452,13,3,3,14,0,14,14,San Simeon,35.71078,-121.20396,14.0,13,0.9285714285714286,0.9285714285714286,"Fewer than 1,000 EVs"
93453,91,30,0,0,0,0,0,,35.31339,-120.1655,0.0,91,,,"Fewer than 1,000 EVs"
93454,610,118,34,71,54,125,6,Santa Maria,34.94834,-120.23425,125.0,610,4.88,4.88,"Fewer than 1,000 EVs"
93455,1524,289,12,41,30,71,6,Santa Maria,34.84195,-120.45522,219.0,2149,21.464788732394368,9.812785388127853,Well served
93458,526,79,5,8,1,9,1,Santa Maria,34.95477,-120.49042,195.0,3466,58.44444444444444,17.774358974358975,"Fewer than 1,000 EVs"
93460,314,100,10,25,8,33,15,Santa Ynez,34.66214,-119.90091,33.0,314,9.515151515151516,9.515151515151516,"Fewer than 1,000 EVs"
93461,21,3,1,0,1,1,1,Shandon,35.63519,-120.26951,1.0,21,21.0,21.0,"Fewer than 1,000 EVs"
93463,472,141,10,19,5,24,12,Solvang,34.60688,-120.13495,86.0,2859,19.666666666666668,33.24418604651163,"Fewer than 1,000 EVs"
93465,537,151,5,11,0,11,11,Templeton,35.54267,-120.73417,254.0,3298,48.81818181818182,12.984251968503937,"Fewer than 1,000 EVs"
93501,65,19,12,8,65,73,22,Mojave,35.0411,-118.22922,73.0,65,0.8904109589041096,0.8904109589041096,"Fewer than 1,000 EVs"
93505,211,48,1,2,0,2,0,California City,35.15708,-117.90934,2.0,211,105.5,105.5,"Fewer than 1,000 EVs"
93510,363,108,1,3,0,3,3,Acton,34.45627,-118.2109,21.0,6605,121.0,314.5238095238095,"Fewer than 1,000 EVs"
93512,3,0,0,0,0,0,0,,37.87379,-118.53455,0.0,3,,,"Fewer than 1,000 EVs"
93513,23,3,0,0,0,0,0,,37.18401,-118.17129,0.0,23,,,"Fewer than 1,000 EVs"
93514,272,62,7,6,49,55,16,Bishop,37.4947,-118.38514,55.0,272,4.945454545454545,4.945454545454545,"Fewer than 1,000 EVs"
93516,37,3,4,1,3,4,0,Boron,35.0081,-117.64268,4.0,37,9.25,9.25,"Fewer than 1,000 EVs"
93517,14,3,3,1,16,17,5,Bridgeport,38.27091,-119.27372,17.0,14,0.8235294117647058,0.8235294117647058,"Fewer than 1,000 EVs"
93518,10,3,0,0,0,0,0,,35.37675,-118.47314,0.0,10,,,"Fewer than 1,000 EVs"
93519,1,0,0,0,0,0,0,,35.3171,-117.95596,0.0,1,,,"Fewer than 1,000 EVs"
93522,1,1,0,0,0,0,0,,36.29836,-117.59681,0.0,1,,,"Fewer than 1,000 EVs"
93523,83,20,4,8,0,8,2,North Edwards,34.99788,-117.88308,8.0,84,10.375,10.5,"Fewer than 1,000 EVs"
93524,1,0,0,0,0,0,0,,34.90993,-117.85007,8.0,84,,10.5,"Fewer than 1,000 EVs"
93526,10,4,0,0,0,0,0,,36.85941,-118.25378,2.0,10,,5.0,"Fewer than 1,000 EVs"
93527,26,6,8,6,25,31,7,Inyokern,35.80294,-117.98504,31.0,31,0.8387096774193549,1.0,"Fewer than 1,000 EVs"
93528,1,0,0,0,0,0,0,,35.37194,-117.64193,0.0,1,,,"Fewer than 1,000 EVs"
93529,13,1,0,0,0,0,0,,37.7832,-119.1375,0.0,13,,,"Fewer than 1,000 EVs"
93530,1,0,0,0,0,0,0,,36.48458,-117.87201,0.0,1,,,"Fewer than 1,000 EVs"
93531,28,4,0,0,0,0,0,,35.22937,-118.60781,0.0,801,,,"Fewer than 1,000 EVs"
93532,91,31,0,0,0,0,0,,34.68571,-118.55914,0.0,91,,,"Fewer than 1,000 EVs"
93534,761,158,22,43,25,68,16,Lancaster,34.71759,-118.15079,251.0,3696,11.191176470588236,14.725099601593625,"Fewer than 1,000 EVs"
93535,1351,253,16,36,8,44,19,Lancaster,34.69908,-117.89613,44.0,1428,30.704545454545453,32.45454545454545,Well served
93536,2628,572,11,29,10,39,0,Lancaster,34.75267,-118.3889,39.0,3085,67.38461538461539,79.1025641025641,Isolated - underserved by both measures
93541,15,3,1,0,6,6,0,Lee Vining,37.99678,-119.01847,6.0,15,2.5,2.5,"Fewer than 1,000 EVs"
93543,199,36,2,2,0,2,0,Littlerock,34.47916,-117.97357,31.0,2725,99.5,87.90322580645162,"Fewer than 1,000 EVs"
93544,26,6,0,0,0,0,0,,34.49063,-117.75505,0.0,455,,,"Fewer than 1,000 EVs"
93545,38,9,1,0,16,16,16,Lone Pine,36.6046,-118.02721,16.0,38,2.375,2.375,"Fewer than 1,000 EVs"
93546,207,54,8,22,26,48,26,Mammoth Lakes,37.60573,-118.85219,48.0,207,4.3125,4.3125,"Fewer than 1,000 EVs"
93549,2,0,3,0,23,23,4,Olancha,36.27728,-117.96016,23.0,2,0.08695652173913043,0.08695652173913043,"Fewer than 1,000 EVs"
93550,1362,240,8,36,2,38,4,Palmdale,34.38305,-118.04926,38.0,1612,35.8421052631579,42.421052631578945,Well served
93551,2935,660,18,22,54,76,34,Palmdale,34.59404,-118.22634,268.0,4059,38.61842105263158,15.145522388059701,Well served
93552,1113,207,2,2,0,2,0,Palmdale,34.58412,-118.02386,207.0,1312,556.5,6.338164251207729,Locally sparse - chargers nearby
93553,51,17,0,0,0,0,0,,34.44515,-117.89611,2.0,1640,,820.0,"Fewer than 1,000 EVs"
93554,0,1,0,0,0,0,0,,35.36914,-117.75876,0.0,1,,,"Fewer than 1,000 EVs"
93555,536,148,6,8,17,25,0,Ridgecrest,35.58596,-117.68446,52.0,536,21.44,10.307692307692308,"Fewer than 1,000 EVs"
93560,457,95,2,14,0,14,0,Rosamond,34.87116,-118.32594,14.0,3085,32.642857142857146,220.35714285714286,"Fewer than 1,000 EVs"
93561,754,173,15,37,22,59,4,Tehachapi,35.10904,-118.52016,59.0,801,12.779661016949152,13.576271186440678,"Fewer than 1,000 EVs"
93562,9,6,2,10,4,14,0,Searles Valley,35.70667,-117.34263,14.0,9,0.6428571428571429,0.6428571428571429,"Fewer than 1,000 EVs"
93563,2,0,0,0,0,0,0,,34.38662,-117.83646,0.0,250,,,"Fewer than 1,000 EVs"
93581,19,7,0,0,0,0,0,,35.11288,-118.57035,59.0,801,,13.576271186440678,"Fewer than 1,000 EVs"
93591,77,18,0,0,0,0,0,,34.59656,-117.80955,2.0,1454,,727.0,"Fewer than 1,000 EVs"
93601,33,8,1,10,0,10,10,Ahwahnee,37.39395,-119.73702,59.0,173,3.3,2.9322033898305087,"Fewer than 1,000 EVs"
93602,48,14,0,0,0,0,0,,37.0644,-119.37484,2.0,113,,56.5,"Fewer than 1,000 EVs"
93603,2,1,0,0,0,0,0,,36.55118,-118.99607,0.0,98,,,"Fewer than 1,000 EVs"
93604,12,7,0,0,0,0,0,,37.3717,-119.52215,59.0,205,,3.4745762711864407,"Fewer than 1,000 EVs"
93605,16,4,0,0,0,0,0,,37.17622,-119.24953,0.0,36,,,"Fewer than 1,000 EVs"
93606,3,2,0,0,0,0,0,,36.79871,-120.01625,117.0,2665,,22.77777777777778,"Fewer than 1,000 EVs"
93608,5,0,0,0,0,0,0,,36.5055,-120.3418,0.0,5,,,"Fewer than 1,000 EVs"
93609,78,22,0,0,0,0,0,,36.52616,-119.86388,0.0,813,,,"Fewer than 1,000 EVs"
93610,298,63,7,3,23,26,3,Chowchilla,37.09047,-120.29036,26.0,298,11.461538461538462,11.461538461538462,"Fewer than 1,000 EVs"
93611,1577,473,12,21,0,21,4,Clovis,36.82552,-119.68115,503.0,15600,75.0952380952381,31.013916500994036,Locally sparse - chargers nearby
93612,524,143,17,65,30,95,17,Clovis,36.81548,-119.71076,535.0,13931,5.515789473684211,26.039252336448598,"Fewer than 1,000 EVs"
93614,258,88,4,26,0,26,18,Coarsegold,37.21282,-119.72659,62.0,265,9.923076923076923,4.274193548387097,"Fewer than 1,000 EVs"
93615,26,3,0,0,0,0,0,,36.50374,-119.28385,14.0,2961,,211.5,"Fewer than 1,000 EVs"
93616,34,7,1,2,0,2,0,Del Rey,36.65468,-119.59437,90.0,3437,17.0,38.18888888888889,"Fewer than 1,000 EVs"
93618,328,50,3,7,0,7,0,Dinuba,36.52213,-119.38661,40.0,2855,46.857142857142854,71.375,"Fewer than 1,000 EVs"
93619,3397,817,0,0,0,0,0,,36.91656,-119.57372,75.0,5006,,66.74666666666667,Isolated - underserved by both measures
93620,105,22,0,0,0,0,0,,37.0448,-120.6223,0.0,112,,,"Fewer than 1,000 EVs"
93621,8,1,0,0,0,0,0,,36.8067,-119.13602,0.0,56,,,"Fewer than 1,000 EVs"
93622,118,23,7,3,78,81,63,Firebaugh,36.79283,-120.62434,81.0,118,1.4567901234567902,1.4567901234567902,"Fewer than 1,000 EVs"
93623,2,0,3,4,8,12,10,Fish Camp,37.47478,-119.66071,79.0,173,0.16666666666666666,2.189873417721519,"Fewer than 1,000 EVs"
93624,2,1,0,0,0,0,0,,36.37258,-120.12125,0.0,4,,,"Fewer than 1,000 EVs"
93625,230,40,4,11,0,11,1,Fowler,36.62423,-119.67173,113.0,3935,20.90909090909091,34.823008849557525,"Fewer than 1,000 EVs"
93626,181,44,0,0,0,0,0,,37.03278,-119.68601,4.0,1485,,371.25,"Fewer than 1,000 EVs"
93627,2,0,0,0,0,0,0,,36.51568,-120.10635,1.0,29,,29.0,"Fewer than 1,000 EVs"
93628,3,0,0,0,0,0,0,,36.78149,-118.83839,0.0,3,,,"Fewer than 1,000 EVs"
93630,263,51,10,15,0,15,7,Kerman,36.71831,-120.12912,16.0,298,17.533333333333335,18.625,"Fewer than 1,000 EVs"
93631,350,86,2,3,0,3,3,Kingsburg,36.47653,-119.52131,62.0,1134,116.66666666666667,18.29032258064516,"Fewer than 1,000 EVs"
93635,1055,213,9,21,16,37,14,Los Banos,37.016,-120.88294,106.0,1055,28.513513513513512,9.952830188679245,Well served
93636,1147,131,1,2,0,2,0,Madera,36.98171,-119.87706,86.0,2909,573.5,33.825581395348834,Locally sparse - chargers nearby
93637,653,127,9,8,42,50,20,Madera,36.91099,-120.1922,58.0,653,13.06,11.258620689655173,"Fewer than 1,000 EVs"
93638,497,89,12,15,11,26,6,Madera,37.0424,-120.03816,60.0,1644,19.115384615384617,27.4,"Fewer than 1,000 EVs"
93640,82,24,9,14,0,14,1,Mendota,36.67215,-120.43778,14.0,89,5.857142857142857,6.357142857142857,"Fewer than 1,000 EVs"
93641,6,1,0,0,0,0,0,,36.70481,-119.02167,0.0,56,,,"Fewer than 1,000 EVs"
93643,54,20,0,0,0,0,0,,37.27155,-119.45004,0.0,67,,,"Fewer than 1,000 EVs"
93644,138,30,12,15,22,37,9,Oakhurst,37.41245,-119.59431,85.0,186,3.72972972972973,2.1882352941176473,"Fewer than 1,000 EVs"
93645,7,0,1,0,2,2,0,O'Neals,37.1641,-119.61824,28.0,447,3.5,15.964285714285714,"Fewer than 1,000 EVs"
93646,52,6,2,3,0,3,1,Orange Cove,36.63218,-119.28938,17.0,952,17.333333333333332,56.0,"Fewer than 1,000 EVs"
93647,76,13,1,4,0,4,0,Orosi,36.58449,-119.17773,7.0,254,19.0,36.285714285714285,"Fewer than 1,000 EVs"
93648,114,15,4,7,0,7,1,Parlier,36.6206,-119.52062,65.0,1490,16.285714285714285,22.923076923076923,"Fewer than 1,000 EVs"
93650,59,22,4,5,4,9,4,Fresno,36.84026,-119.80038,594.0,14223,6.555555555555555,23.944444444444443,"Fewer than 1,000 EVs"
93651,32,14,1,2,0,2,0,Prather,37.00296,-119.521,2.0,3658,16.0,1829.0,"Fewer than 1,000 EVs"
93652,3,1,0,0,0,0,0,,36.59502,-119.90458,0.0,745,,,"Fewer than 1,000 EVs"
93653,22,14,0,0,0,0,0,,37.24769,-119.91882,0.0,22,,,"Fewer than 1,000 EVs"
93654,425,103,2,3,0,3,3,Reedley,36.65747,-119.402,31.0,1553,141.66666666666666,50.096774193548384,"Fewer than 1,000 EVs"
93656,44,8,0,0,0,0,0,,36.45173,-119.93615,0.0,127,,,"Fewer than 1,000 EVs"
93657,631,141,4,11,0,11,2,Sanger,36.78853,-119.4378,11.0,1056,57.36363636363637,96.0,"Fewer than 1,000 EVs"
93660,25,8,1,1,0,1,1,San Joaquin,36.60932,-120.16514,6.0,297,25.0,49.5,"Fewer than 1,000 EVs"
93662,337,70,7,4,22,26,6,Selma,36.53963,-119.64287,45.0,1430,12.961538461538462,31.77777777777778,"Fewer than 1,000 EVs"
93664,20,8,0,0,0,0,0,,37.05671,-119.17981,0.0,69,,,"Fewer than 1,000 EVs"
93666,3,1,0,0,0,0,0,,36.54623,-119.33629,21.0,911,,43.38095238095238,"Fewer than 1,000 EVs"
93667,33,9,0,0,0,0,0,,36.96585,-119.31511,0.0,101,,,"Fewer than 1,000 EVs"
93668,7,2,0,0,0,0,0,,36.65663,-120.28997,15.0,377,,25.133333333333333,"Fewer than 1,000 EVs"
93669,1,0,0,0,0,0,0,,37.28334,-119.54297,59.0,212,,3.593220338983051,"Fewer than 1,000 EVs"
93670,1,0,0,0,0,0,0,,36.48564,-119.25442,48.0,3005,,62.604166666666664,"Fewer than 1,000 EVs"
93673,5,1,2,2,18,20,16,Madera,36.45229,-119.48232,55.0,2349,0.25,42.70909090909091,"Fewer than 1,000 EVs"
93675,42,13,0,0,0,0,0,,36.73251,-119.19285,0.0,108,,,"Fewer than 1,000 EVs"
93701,68,24,0,0,0,0,0,,36.74955,-119.78772,575.0,14001,,24.349565217391305,"Fewer than 1,000 EVs"
93702,324,71,1,0,6,6,0,Fresno,36.73942,-119.75422,541.0,13237,54.0,24.46765249537893,"Fewer than 1,000 EVs"
93703,248,50,6,15,0,15,0,Fresno,36.76884,-119.76249,578.0,14272,16.533333333333335,24.69204152249135,"Fewer than 1,000 EVs"
93704,666,232,20,20,0,20,0,Fresno,36.80012,-119.80202,594.0,14602,33.3,24.58249158249158,"Fewer than 1,000 EVs"
93705,364,94,0,0,0,0,0,,36.78667,-119.82851,594.0,14223,,23.944444444444443,"Fewer than 1,000 EVs"
93706,323,75,3,0,4,4,3,Fresno,36.65344,-119.90216,91.0,1868,80.75,20.52747252747253,"Fewer than 1,000 EVs"
93710,539,131,13,16,41,57,9,Fresno,36.82335,-119.76251,574.0,13931,9.456140350877194,24.270034843205575,"Fewer than 1,000 EVs"
93711,1458,427,7,23,3,26,6,Fresno,36.83508,-119.83309,594.0,14223,56.07692307692308,23.944444444444443,Well served
93720,1938,578,31,73,47,120,8,Fresno,36.8606,-119.76228,569.0,13931,16.15,24.483304042179263,Well served
93721,174,58,26,38,8,46,6,Fresno,36.73282,-119.78383,572.0,13560,3.782608695652174,23.706293706293707,"Fewer than 1,000 EVs"
93722,1728,410,24,13,53,66,26,Fresno,36.80003,-119.87791,525.0,10647,26.181818181818183,20.28,Well served
93723,671,93,0,0,0,0,0,,36.78693,-119.95271,260.0,5550,,21.346153846153847,"Fewer than 1,000 EVs"
93725,341,56,0,0,0,0,0,,36.62667,-119.73501,149.0,4162,,27.93288590604027,"Fewer than 1,000 EVs"
93726,405,104,8,18,0,18,0,Fresno,36.79374,-119.76161,574.0,13931,22.5,24.270034843205575,"Fewer than 1,000 EVs"
93727,2002,344,15,17,26,43,5,Fresno,36.75119,-119.69736,529.0,11543,46.55813953488372,21.820415879017013,Well served
93728,210,50,9,8,4,12,0,Fresno,36.75729,-119.81816,589.0,13660,17.5,23.191850594227503,"Fewer than 1,000 EVs"
93730,1265,341,3,3,0,3,0,Fresno,36.90354,-119.75512,458.0,12102,421.6666666666667,26.4235807860262,Locally sparse - chargers nearby
93737,379,67,0,0,0,0,0,,36.75358,-119.6456,440.0,9321,,21.18409090909091,"Fewer than 1,000 EVs"
93740,3,1,7,7,0,7,0,Fresno,36.81638,-119.74613,574.0,13931,0.42857142857142855,24.270034843205575,"Fewer than 1,000 EVs"
93901,601,170,20,39,29,68,8,Salinas,36.64794,-121.63044,190.0,5980,8.838235294117647,31.473684210526315,"Fewer than 1,000 EVs"
93905,562,106,8,8,8,16,0,Salinas,36.6849,-121.60562,166.0,5098,35.125,30.710843373493976,"Fewer than 1,000 EVs"
93906,1045,184,15,24,28,52,18,Salinas,36.72258,-121.63218,198.0,5544,20.096153846153847,28.0,Well served
93907,681,197,6,10,6,16,12,Salinas,36.76643,-121.66816,192.0,4911,42.5625,25.578125,"Fewer than 1,000 EVs"
93908,851,214,5,9,0,9,3,Salinas,36.62153,-121.60048,157.0,3097,94.55555555555556,19.726114649681527,"Fewer than 1,000 EVs"
93920,30,8,4,9,8,17,17,Big Sur,36.03164,-121.52592,17.0,34,1.7647058823529411,2.0,"Fewer than 1,000 EVs"
93921,217,105,4,12,0,12,7,Carmel-by-the-Sea,36.55359,-121.92259,281.0,4152,18.083333333333332,14.775800711743772,"Fewer than 1,000 EVs"
93923,1275,442,19,48,0,48,17,Carmel-by-the-Sea,36.40394,-121.79867,48.0,3507,26.5625,73.0625,Locally fine - crowded region
93924,616,216,3,9,0,9,7,Carmel Valley,36.39489,-121.63406,9.0,1891,68.44444444444444,210.11111111111111,"Fewer than 1,000 EVs"
93925,17,2,0,0,0,0,0,,36.60209,-121.42526,20.0,968,,48.4,"Fewer than 1,000 EVs"
93926,100,18,1,18,0,18,0,Gonzales,36.52567,-121.3991,50.0,395,5.555555555555555,7.9,"Fewer than 1,000 EVs"
93927,163,25,1,0,12,12,12,Greenfield,36.26978,-121.38018,12.0,441,13.583333333333334,36.75,"Fewer than 1,000 EVs"
93928,4,3,0,0,0,0,0,,36.06484,-121.38102,0.0,34,,,"Fewer than 1,000 EVs"
93930,189,43,6,2,23,25,2,King City,36.19924,-121.07282,25.0,191,7.56,7.64,"Fewer than 1,000 EVs"
93932,11,4,0,0,0,0,0,,36.00143,-121.05757,12.0,11,,0.9166666666666666,"Fewer than 1,000 EVs"
93933,1337,292,36,58,24,82,17,Marina,36.67566,-121.78237,387.0,6216,16.304878048780488,16.06201550387597,Well served
93940,1616,502,24,35,20,55,31,Monterey,36.45294,-121.8498,112.0,3108,29.381818181818183,27.75,Well served
93943,2,0,0,0,0,0,0,,36.59736,-121.87332,321.0,3873,,12.065420560747663,"Fewer than 1,000 EVs"
93944,12,2,0,0,0,0,0,,36.60058,-121.91858,305.0,3873,,12.698360655737705,"Fewer than 1,000 EVs"
93950,874,252,16,23,18,41,5,Pacific Grove,36.61899,-121.92575,295.0,3873,21.317073170731707,13.128813559322033,"Fewer than 1,000 EVs"
93953,549,194,7,15,2,17,14,Del Monte Forest,36.58566,-121.94329,287.0,2536,32.294117647058826,8.83623693379791,"Fewer than 1,000 EVs"
93954,2,0,0,0,0,0,0,,36.16434,-120.92441,0.0,195,,,"Fewer than 1,000 EVs"
93955,882,203,15,22,28,50,14,Sand City,36.62153,-121.79562,380.0,4495,17.64,11.828947368421053,"Fewer than 1,000 EVs"
93960,278,43,6,6,24,30,4,Soledad,36.40489,-121.32121,60.0,541,9.266666666666667,9.016666666666667,"Fewer than 1,000 EVs"
93962,21,6,0,0,0,0,0,,36.62472,-121.64649,237.0,5980,,25.23206751054852,"Fewer than 1,000 EVs"
94002,3809,1371,4,5,7,12,4,Belmont,37.51366,-122.29853,2815.0,55266,317.4166666666667,19.632682060390763,Locally sparse - chargers nearby
94005,521,210,43,130,0,130,2,Brisbane,37.6882,-122.40873,2899.0,87240,4.007692307692308,30.09313556398758,"Fewer than 1,000 EVs"
94010,6335,2335,145,260,40,300,12,Burlingame,37.57306,-122.37828,2542.0,54732,21.116666666666667,21.531077891424076,Well served
94014,2262,453,8,21,27,48,21,Daly City,37.6907,-122.44769,2679.0,79502,47.125,29.67599850690556,Well served
94015,3489,788,11,14,46,60,45,Daly City,37.68121,-122.48074,2541.0,79393,58.15,31.244785517512792,Well served
94018,296,112,2,3,0,3,0,El Granada,37.50603,-122.47321,1308.0,29815,98.66666666666667,22.79434250764526,"Fewer than 1,000 EVs"
94019,1271,546,11,23,12,35,20,Half Moon Bay,37.44826,-122.4023,1086.0,33554,36.31428571428572,30.896869244935544,Well served
94020,127,55,0,0,0,0,0,,37.28473,-122.21969,555.0,36259,,65.33153153153152,"Fewer than 1,000 EVs"
94021,7,8,0,0,0,0,0,,37.25028,-122.24958,16.0,6714,,419.625,"Fewer than 1,000 EVs"
94022,4522,2107,32,163,41,204,123,Los Altos Hills,37.35534,-122.14494,3755.0,101421,22.166666666666668,27.00958721704394,Well served
94024,5048,2184,4,30,4,34,30,Los Altos,37.35037,-122.09863,4776.0,111910,148.47058823529412,23.43174204355109,Locally sparse - chargers nearby
94025,6405,2611,309,574,49,623,84,Menlo Park,37.45087,-122.1829,3472.0,88144,10.280898876404494,25.387096774193548,Well served
94027,1578,778,3,6,0,6,2,Atherton,37.45399,-122.20313,3285.0,83912,263.0,25.543987823439878,Locally sparse - chargers nearby
94028,1527,714,5,8,12,20,2,Portola Valley,37.37492,-122.21136,2796.0,78848,76.35,28.200286123032903,Locally sparse - chargers nearby
94030,2461,765,29,48,15,63,12,Millbrae,37.59969,-122.40343,2506.0,60685,39.06349206349206,24.21588188347965,Well served
94037,328,131,0,0,0,0,0,,37.55327,-122.49584,1606.0,35082,,21.844333748443336,"Fewer than 1,000 EVs"
94038,249,104,1,1,0,1,1,Moss Beach,37.52946,-122.4849,1276.0,33617,249.0,26.345611285266457,"Fewer than 1,000 EVs"
94040,4859,1641,27,93,52,145,45,Mountain View,37.38034,-122.08531,5045.0,124904,33.51034482758621,24.757978196233896,Well served
94041,2029,711,3,24,0,24,0,Mountain View,37.38822,-122.07529,5327.0,127989,84.54166666666667,24.02646893185658,Locally sparse - chargers nearby
94043,7047,1596,103,213,26,239,14,Mountain View,37.41188,-122.06892,5450.0,136056,29.485355648535563,24.96440366972477,Well served
94044,2800,929,4,3,12,15,0,Pacifica,37.60544,-122.47993,1869.0,50256,186.66666666666666,26.8892455858748,Locally sparse - chargers nearby
94060,46,18,0,0,0,0,0,,37.22297,-122.33572,0.0,194,,,"Fewer than 1,000 EVs"
94061,2966,1090,15,26,12,38,4,Redwood City,37.46136,-122.23731,3102.0,70579,78.05263157894737,22.752740167633785,Locally sparse - chargers nearby
94062,4175,1786,18,44,2,46,5,Redwood City,37.42562,-122.29653,2680.0,61711,90.76086956521739,23.026492537313434,Locally sparse - chargers nearby
94063,1823,649,102,235,4,239,57,Redwood City,37.49367,-122.20823,3304.0,69289,7.627615062761507,20.971246973365616,Well served
94065,1897,803,62,115,2,117,43,Redwood City,37.53504,-122.24683,3038.0,64590,16.213675213675213,21.260697827518104,Well served
94066,2820,758,28,64,56,120,6,San Bruno,37.62539,-122.43229,2528.0,69822,23.5,27.619462025316455,Well served
94070,4682,1806,21,31,29,60,30,San Carlos,37.49739,-122.27021,2966.0,65345,78.03333333333333,22.031355360755224,Locally sparse - chargers nearby
94074,14,4,0,0,0,0,0,,37.32817,-122.34164,77.0,7167,,93.07792207792208,"Fewer than 1,000 EVs"
94080,7611,1025,199,417,98,515,81,South San Francisco,37.65541,-122.42083,2994.0,81708,14.77864077669903,27.29058116232465,Well served
94085,2865,842,24,70,3,73,31,Sunnyvale,37.38862,-122.01793,5781.0,153634,39.24657534246575,26.575678948278846,Well served
94086,5406,1640,111,206,19,225,30,Sunnyvale,37.37164,-122.02316,5477.0,159481,24.026666666666667,29.118312945042906,Well served
94087,7534,2723,26,90,46,136,38,Sunnyvale,37.35164,-122.03669,5422.0,134463,55.39705882352941,24.799520472150498,Well served
94089,2196,702,22,33,22,55,11,Sunnyvale,37.41192,-122.01441,5825.0,157524,39.92727272727273,27.04274678111588,Well served
94102,882,292,22,50,12,62,23,San Francisco,37.77956,-122.41931,3141.0,82479,14.225806451612904,26.25883476599809,"Fewer than 1,000 EVs"
94103,1538,476,59,110,89,199,22,San Francisco,37.77299,-122.41136,3181.0,86567,7.728643216080402,27.213769254951274,Well served
94104,136,56,7,26,0,26,10,San Francisco,37.79144,-122.40211,3143.0,95162,5.230769230769231,30.277441934457524,"Fewer than 1,000 EVs"
94105,1367,563,60,94,6,100,25,San Francisco,37.79239,-122.39707,3183.0,96267,13.67,30.24410933081998,Well served
94107,3025,910,37,68,26,94,27,San Francisco,37.76473,-122.39508,3241.0,90509,32.180851063829785,27.92625732798519,Well served
94108,314,116,26,60,0,60,28,San Francisco,37.79189,-122.40854,3127.0,93247,5.233333333333333,29.81995522865366,"Fewer than 1,000 EVs"
94109,1921,604,20,38,2,40,10,San Francisco,37.79334,-122.42138,3059.0,88449,48.025,28.914351095129128,Well served
94110,3556,1238,7,11,3,14,5,San Francisco,37.74975,-122.41528,3233.0,82697,254.0,25.57902876585215,Locally sparse - chargers nearby
94111,315,104,35,86,8,94,49,San Francisco,37.79847,-122.3998,3055.0,96820,3.351063829787234,31.692307692307693,"Fewer than 1,000 EVs"
94112,3882,945,6,19,0,19,7,San Francisco,37.7206,-122.44311,2499.0,78736,204.31578947368422,31.50700280112045,Locally sparse - chargers nearby
94114,3058,1177,0,0,0,0,0,,37.75814,-122.43547,3003.0,79824,,26.581418581418582,Locally sparse - chargers nearby
94115,1941,648,7,51,3,54,12,San Francisco,37.78608,-122.43742,2941.0,78899,35.94444444444444,26.82726963617817,Well served
94116,3280,967,11,16,0,16,0,San Francisco,37.74457,-122.48611,2266.0,73796,205.0,32.566637246248895,Locally sparse - chargers nearby
94117,2176,791,4,6,2,8,0,San Francisco,37.77002,-122.44425,2950.0,76035,272.0,25.77457627118644,Locally sparse - chargers nearby
94118,2484,811,7,17,38,55,9,San Francisco,37.7801,-122.46185,2132.0,69469,45.163636363636364,32.583958724202624,Well served
94121,2661,770,2,2,4,6,0,San Francisco,37.77849,-122.49548,1828.0,68176,443.5,37.29540481400438,Locally sparse - chargers nearby
94122,3520,1058,8,12,16,28,9,San Francisco,37.76113,-122.48433,2283.0,70996,125.71428571428571,31.097678493210687,Locally sparse - chargers nearby
94123,1869,601,39,40,16,56,2,San Francisco,37.80112,-122.43645,2668.0,78412,33.375,29.389805097451273,Well served
94124,2100,702,7,13,6,19,2,San Francisco,37.73204,-122.3858,3462.0,87039,110.52631578947368,25.141247833622185,Locally sparse - chargers nearby
94127,2303,747,0,0,0,0,0,,37.73642,-122.45961,2393.0,75336,,31.481821980777266,Locally sparse - chargers nearby
94128,17,10,105,203,0,203,12,San Francisco,37.62197,-122.38388,2567.0,73183,0.08374384236453201,28.50915465523958,"Fewer than 1,000 EVs"
94129,300,111,6,14,6,20,8,San Francisco,37.79743,-122.46662,1762.0,63139,15.0,35.83371169125993,"Fewer than 1,000 EVs"
94130,109,27,0,0,0,0,0,,37.81975,-122.36898,2579.0,100277,,38.88212485459481,"Fewer than 1,000 EVs"
94131,2859,1098,1,2,0,2,0,San Francisco,37.74569,-122.44243,2794.0,79710,1429.5,28.528990694345026,Locally sparse - chargers nearby
94132,1613,419,25,55,3,58,18,San Francisco,37.72219,-122.48475,2382.0,74043,27.810344827586206,31.084382871536523,Well served
94133,908,305,6,10,0,10,1,San Francisco,37.80193,-122.41092,2841.0,85924,90.8,30.244280183034142,"Fewer than 1,000 EVs"
94134,1987,490,0,0,0,0,0,,37.71887,-122.41124,3311.0,80363,,24.27151917849592,Locally sparse - chargers nearby
94158,733,278,90,185,0,185,42,San Francisco,37.77116,-122.39153,3322.0,91938,3.962162162162162,27.67549668874172,"Fewer than 1,000 EVs"
94188,21,6,0,0,0,0,0,,37.7407,-122.38091,3458.0,87638,,25.343551185656448,"Fewer than 1,000 EVs"
94301,2945,1406,30,99,20,119,26,Palo Alto,37.44424,-122.14992,3289.0,95336,24.747899159663866,28.98631802979629,Well served
94303,4336,1707,24,66,39,105,33,Palo Alto,37.45064,-122.11928,4193.0,111743,41.2952380952381,26.649892678273314,Well served
94304,2667,151,70,153,26,179,40,Palo Alto,37.39744,-122.16699,3212.0,89422,14.899441340782124,27.83997509339975,Well served
94305,722,235,54,106,0,106,20,Stanford,37.41623,-122.17069,3126.0,95128,6.811320754716981,30.431222008957135,"Fewer than 1,000 EVs"
94306,4323,1704,86,187,0,187,59,Palo Alto,37.41627,-122.13088,4164.0,109538,23.11764705882353,26.3059558117195,Well served
94401,1835,575,38,115,2,117,8,San Mateo,37.57445,-122.31942,2702.0,53770,15.683760683760683,19.900074019245004,Well served
94402,3308,1188,60,101,20,121,10,San Mateo,37.54035,-122.33388,2862.0,59002,27.33884297520661,20.615653389238293,Well served
94403,4286,1341,139,272,118,390,50,San Mateo,37.53844,-122.30454,3112.0,54668,10.98974358974359,17.566838046272494,Well served
94404,4455,1529,67,141,30,171,20,Foster City,37.5562,-122.26905,3193.0,52084,26.05263157894737,16.311932352020044,Well served
94501,4604,1626,26,47,29,76,22,Alameda,37.77525,-122.27493,2612.0,86446,60.578947368421055,33.09571209800919,Well served
94502,1627,609,25,48,0,48,8,Alameda,37.73686,-122.24114,2625.0,69383,33.895833333333336,26.431619047619048,Well served
94503,1442,368,19,34,0,34,2,American Canyon,38.19454,-122.23042,632.0,12460,42.411764705882355,19.71518987341772,Well served
94505,1004,292,0,0,0,0,0,,37.86638,-121.5868,85.0,11450,,134.7058823529412,Isolated - underserved by both measures
94506,4282,1410,2,2,16,18,0,Danville,37.80862,-121.90498,913.0,50291,237.88888888888889,55.083242059145675,Locally sparse - chargers nearby
94507,2332,833,2,2,16,18,0,Alamo,37.85429,-122.00664,673.0,52121,129.55555555555554,77.44576523031203,Isolated - underserved by both measures
94508,147,51,1,2,0,2,2,Angwin,38.57909,-122.44451,176.0,809,73.5,4.596590909090909,"Fewer than 1,000 EVs"
94509,1658,376,13,18,21,39,6,Antioch,37.99214,-121.8142,267.0,18231,42.51282051282051,68.28089887640449,Locally fine - crowded region
94510,1861,715,6,8,16,24,3,Benicia,38.09756,-122.13189,474.0,18510,77.54166666666667,39.050632911392405,Locally sparse - chargers nearby
94511,116,14,0,0,0,0,0,,38.02883,-121.64039,163.0,13155,,80.70552147239263,"Fewer than 1,000 EVs"
94512,1,0,0,0,0,0,0,,38.1263,-121.83793,72.0,6576,,91.33333333333333,"Fewer than 1,000 EVs"
94513,4806,1185,29,62,32,94,6,Brentwood,37.92541,-121.68452,189.0,12585,51.12765957446808,66.58730158730158,Locally fine - crowded region
94514,18,5,1,2,0,2,0,Byron,37.83071,-121.63392,150.0,12819,9.0,85.46,"Fewer than 1,000 EVs"
94515,363,107,21,44,0,44,38,Calistoga,38.62449,-122.62503,63.0,462,8.25,7.333333333333333,"Fewer than 1,000 EVs"
94516,22,6,0,0,0,0,0,,37.82748,-122.16629,1575.0,74611,,47.37206349206349,"Fewer than 1,000 EVs"
94517,856,280,0,0,0,0,0,,37.8926,-121.88252,600.0,37326,,62.21,"Fewer than 1,000 EVs"
94518,1437,383,0,0,0,0,0,,37.95052,-122.02209,565.0,36433,,64.48318584070796,Locally sparse - chargers nearby
94519,860,243,2,2,4,6,2,Concord,37.98881,-122.01275,565.0,32224,143.33333333333334,57.03362831858407,"Fewer than 1,000 EVs"
94520,1135,309,21,30,67,97,32,Concord,37.99344,-122.03532,554.0,31374,11.70103092783505,56.631768953068594,Well served
94521,2309,592,6,7,17,24,6,Concord,37.95293,-121.96971,548.0,33253,96.20833333333333,60.68065693430657,Locally sparse - chargers nearby
94523,2577,718,22,38,15,53,20,Pleasant Hill,37.95403,-122.07608,539.0,35491,48.62264150943396,65.84601113172542,Well served
94525,129,60,0,0,0,0,0,,38.04811,-122.2292,364.0,19936,,54.76923076923077,"Fewer than 1,000 EVs"
94526,3882,1250,6,11,1,12,2,Danville,37.81472,-121.98451,960.0,66486,323.5,69.25625,Isolated - underserved by both measures
94528,167,74,0,0,0,0,0,,37.84149,-121.95819,769.0,59360,,77.19115734720417,"Fewer than 1,000 EVs"
94530,2388,887,7,10,26,36,16,El Cerrito,37.92076,-122.30068,1210.0,56184,66.33333333333333,46.43305785123967,Well served
94531,2784,536,2,0,20,20,10,Antioch,37.95665,-121.77777,241.0,15921,139.2,66.06224066390041,Locally sparse - chargers nearby
94533,2753,537,19,38,67,105,31,Fairfield,38.28132,-122.00693,434.0,10966,26.21904761904762,25.267281105990783,Well served
94534,3169,900,34,57,58,115,19,Fairfield,38.24112,-122.12142,572.0,14098,27.556521739130435,24.646853146853147,Well served
94535,96,15,0,0,0,0,0,,38.27048,-121.93851,378.0,6229,,16.478835978835978,"Fewer than 1,000 EVs"
94536,7055,2497,4,4,15,19,3,Fremont,37.57072,-121.98555,1281.0,67825,371.3157894736842,52.94691647150663,Locally sparse - chargers nearby
94538,13172,2610,72,114,86,200,99,Fremont,37.50653,-121.96361,2557.0,86961,65.86,34.00899491591709,Well served
94539,9847,4140,34,87,11,98,12,Fremont,37.51635,-121.9119,1846.0,71089,100.4795918367347,38.50975081256772,Locally sparse - chargers nearby
94541,2810,820,7,23,42,65,16,Hayward,37.67376,-122.08707,1158.0,51090,43.23076923076923,44.119170984455955,Well served
94542,1586,545,25,50,0,50,12,Hayward,37.6553,-122.02584,1531.0,75264,31.72,49.16002612671456,Well served
94544,4364,803,50,97,33,130,16,Hayward,37.63352,-122.05678,1168.0,45594,33.56923076923077,39.03595890410959,Well served
94545,2052,614,38,68,12,80,11,Hayward,37.62957,-122.12048,987.0,56465,25.65,57.20871327254306,Well served
94546,3129,889,8,10,3,13,3,Castro Valley,37.73441,-122.09056,1150.0,69937,240.69230769230768,60.81478260869565,Locally sparse - chargers nearby
94547,2168,651,12,21,14,35,0,Hercules,38.00637,-122.26117,529.0,37332,61.94285714285714,70.57088846880907,Locally fine - crowded region
94548,14,8,0,0,0,0,0,,37.97481,-121.65265,186.0,14127,,75.95161290322581,"Fewer than 1,000 EVs"
94549,4098,1512,4,9,0,9,5,Lafayette,37.90133,-122.11933,774.0,67510,455.3333333333333,87.22222222222223,Isolated - underserved by both measures
94550,3967,1228,22,34,19,53,2,Livermore,37.51746,-121.59406,53.0,3967,74.84905660377359,74.84905660377359,Isolated - underserved by both measures
94551,2687,739,40,74,136,210,52,Livermore,37.75902,-121.76026,804.0,39946,12.795238095238096,49.68407960199005,Well served
94552,1989,698,0,0,0,0,0,,37.70456,-122.01359,1438.0,79674,,55.40611961057024,Locally sparse - chargers nearby
94553,2817,835,36,43,22,65,10,Martinez,37.97999,-122.15368,748.0,43570,43.33846153846154,58.24866310160428,Well served
94555,4503,1903,13,23,0,23,0,Fremont,37.55083,-122.08043,2513.0,88098,195.7826086956522,35.05690409868683,Locally sparse - chargers nearby
94556,2019,662,8,15,0,15,2,Moraga,37.83102,-122.10425,1571.0,71334,134.6,45.40674729471674,Locally sparse - chargers nearby
94558,3526,1064,72,197,65,262,91,Napa,38.50846,-122.26497,262.0,4347,13.458015267175572,16.591603053435115,Well served
94559,1444,456,60,138,0,138,45,Napa,38.25238,-122.29382,508.0,9020,10.46376811594203,17.755905511811022,Well served
94560,5344,1525,30,57,77,134,29,Newark,37.50771,-122.02523,4088.0,110632,39.88059701492537,27.062622309197653,Well served
94561,2185,438,16,26,18,44,0,Oakley,37.99311,-121.69172,219.0,13123,49.65909090909091,59.922374429223744,Well served
94562,21,6,5,12,0,12,12,Oakville,38.43071,-122.40874,284.0,4720,1.75,16.619718309859156,"Fewer than 1,000 EVs"
94563,3578,1463,0,0,0,0,0,,37.88196,-122.19419,1656.0,71441,,43.140700483091784,Locally sparse - chargers nearby
94564,1074,334,3,2,22,24,0,Pinole,37.98896,-122.27018,583.0,32042,44.75,54.96054888507719,Well served
94565,3502,749,20,38,8,46,10,Pittsburg,38.00926,-121.92886,369.0,20026,76.1304347826087,54.2710027100271,Locally sparse - chargers nearby
94566,5751,2136,30,55,35,90,22,Pleasanton,37.65032,-121.85881,1100.0,51913,63.9,47.193636363636365,Well served
94567,29,6,0,0,0,0,0,,38.66342,-122.4349,52.0,768,,14.76923076923077,"Fewer than 1,000 EVs"
94568,10666,3435,79,213,84,297,54,Dublin,37.71596,-121.90113,1162.0,47891,35.91245791245791,41.214285714285715,Well served
94569,6,2,0,0,0,0,0,,38.04411,-122.19201,460.0,20404,,44.356521739130436,"Fewer than 1,000 EVs"
94571,494,144,2,4,1,5,2,Rio Vista,38.1566,-121.7482,5.0,527,98.8,105.4,"Fewer than 1,000 EVs"
94572,379,104,0,0,0,0,0,,38.02392,-122.23285,436.0,30607,,70.19954128440367,"Fewer than 1,000 EVs"
94573,41,26,5,13,0,13,2,Rutherford,38.45726,-122.42348,220.0,6638,3.1538461538461537,30.172727272727272,"Fewer than 1,000 EVs"
94574,584,229,35,72,0,72,64,St. Helena,38.52742,-122.39261,182.0,4531,8.11111111111111,24.895604395604394,"Fewer than 1,000 EVs"
94575,2,0,0,0,0,0,0,,37.84235,-122.11012,1615.0,73837,,45.71950464396285,"Fewer than 1,000 EVs"
94576,8,2,1,2,0,2,2,Deer Park,38.54932,-122.47581,186.0,3084,4.0,16.580645161290324,"Fewer than 1,000 EVs"
94577,2464,779,8,25,23,48,18,San Leandro,37.71595,-122.16615,1408.0,53916,51.333333333333336,38.29261363636363,Well served
94578,1519,411,7,11,4,15,7,San Leandro,37.70675,-122.1256,879.0,58527,101.26666666666667,66.58361774744027,Isolated - underserved by both measures
94579,1314,378,7,18,0,18,8,San Leandro,37.68656,-122.15709,798.0,46661,73.0,58.47243107769424,Locally sparse - chargers nearby
94580,1317,324,4,6,0,6,0,San Lorenzo,37.67803,-122.13334,745.0,44077,219.5,59.163758389261744,Locally sparse - chargers nearby
94582,8254,3084,8,16,2,18,2,San Ramon,37.76357,-121.91469,1041.0,57115,458.55555555555554,54.8655139289145,Locally sparse - chargers nearby
94583,4643,1358,23,100,95,195,80,San Ramon,37.77245,-121.99157,1238.0,61788,23.81025641025641,49.90953150242326,Well served
94585,921,229,7,19,28,47,3,Suisun City,38.19061,-121.94216,211.0,3771,19.595744680851062,17.872037914691944,"Fewer than 1,000 EVs"
94586,94,34,0,0,0,0,0,,37.57327,-121.85472,1228.0,45065,,36.69788273615635,"Fewer than 1,000 EVs"
94587,5566,1732,30,46,25,71,8,Union City,37.59142,-122.06993,1451.0,55720,78.3943661971831,38.40110268780152,Locally sparse - chargers nearby
94588,3984,1403,55,129,76,205,46,Pleasanton,37.73801,-121.88178,1091.0,47891,19.434146341463414,43.896425297891845,Well served
94589,758,195,3,6,0,6,0,Vallejo,38.14162,-122.24596,457.0,15142,126.33333333333333,33.13347921225383,"Fewer than 1,000 EVs"
94590,1008,323,24,34,36,70,2,Vallejo,38.09546,-122.24986,342.0,18134,14.4,53.0233918128655,Well served
94591,2671,808,8,8,42,50,18,Vallejo,38.12702,-122.19635,428.0,13698,53.42,32.004672897196265,Well served
94592,107,36,1,2,0,2,2,Vallejo,38.12009,-122.3117,362.0,15081,53.5,41.66022099447514,"Fewer than 1,000 EVs"
94595,1546,519,2,0,10,10,0,Walnut Creek,37.87206,-122.06892,701.0,63098,154.6,90.01141226818831,Isolated - underserved by both measures
94596,2096,641,30,57,33,90,38,Walnut Creek,37.88902,-122.03676,683.0,47133,23.288888888888888,69.00878477306003,Locally fine - crowded region
94597,1891,584,17,34,18,52,17,Walnut Creek,37.91768,-122.0718,529.0,44212,36.36538461538461,83.5765595463138,Locally fine - crowded region
94598,2907,886,24,41,24,65,6,Walnut Creek,37.89238,-121.98283,671.0,50795,44.723076923076924,75.70044709388972,Locally fine - crowded region
94599,175,51,9,20,0,20,14,Yountville,38.41012,-122.37365,403.0,4712,8.75,11.692307692307692,"Fewer than 1,000 EVs"
94601,1105,306,0,0,0,0,0,,37.77684,-122.21822,1841.0,65050,,35.334057577403584,Locally sparse - chargers nearby
94602,2334,965,2,2,8,10,2,Oakland,37.80517,-122.20422,1409.0,65836,233.4,46.725337118523775,Locally sparse - chargers nearby
94603,582,142,2,3,8,11,3,Oakland,37.73923,-122.17554,1508.0,60013,52.90909090909091,39.79641909814324,"Fewer than 1,000 EVs"
94605,2298,785,3,3,0,3,0,Oakland,37.76062,-122.14903,1610.0,72584,766.0,45.083229813664595,Locally sparse - chargers nearby
94606,1246,396,5,8,3,11,5,Oakland,37.79179,-122.24455,2257.0,77008,113.27272727272727,34.11962782454586,Locally sparse - chargers nearby
94607,1293,427,158,372,28,400,41,Oakland,37.80721,-122.30024,2456.0,93348,3.2325,38.00814332247557,Well served
94608,1962,685,23,39,39,78,46,Emeryville,37.83611,-122.28621,2424.0,81623,25.153846153846153,33.67285478547855,Well served
94609,1156,411,17,29,2,31,0,Oakland,37.83476,-122.2642,2323.0,76601,37.29032258064516,32.97503228583728,Well served
94610,2461,1046,0,0,0,0,0,,37.81229,-122.24048,2201.0,77276,,35.109495683780096,Locally sparse - chargers nearby
94611,5202,2254,5,9,0,9,4,Piedmont,37.83191,-122.21592,1503.0,69557,578.0,46.278775781769795,Locally sparse - chargers nearby
94612,952,315,59,186,37,223,11,Oakland,37.80789,-122.2662,2401.0,79378,4.2690582959641254,33.06039150354019,"Fewer than 1,000 EVs"
94613,1,1,0,0,0,0,0,,37.78075,-122.18308,1463.0,66149,,45.21462747778537,"Fewer than 1,000 EVs"
94618,2197,940,0,0,0,0,0,,37.8442,-122.23868,1949.0,66791,,34.26936890713186,Locally sparse - chargers nearby
94619,1677,685,1,4,0,4,0,Oakland,37.79262,-122.16001,1575.0,80993,419.25,51.424126984126985,Locally sparse - chargers nearby
94621,594,191,15,73,17,90,23,Oakland,37.7379,-122.20794,1573.0,58274,6.6,37.04640813731723,"Fewer than 1,000 EVs"
94702,1313,457,3,6,0,6,2,Berkeley,37.86619,-122.28634,2282.0,77418,218.83333333333334,33.92550394390885,Locally sparse - chargers nearby
94703,1178,446,0,0,0,0,0,,37.86397,-122.27573,2247.0,77563,,34.51846906987094,Locally sparse - chargers nearby
94704,485,186,42,71,0,71,11,Berkeley,37.8664,-122.26088,2002.0,71727,6.830985915492958,35.827672327672325,"Fewer than 1,000 EVs"
94705,1658,737,8,11,4,15,1,Berkeley,37.86523,-122.2384,1546.0,71706,110.53333333333333,46.38163001293661,Locally sparse - chargers nearby
94706,1584,608,2,11,0,11,0,Albany,37.88969,-122.29581,1973.0,71005,144.0,35.98834262544349,Locally sparse - chargers nearby
94707,1913,863,1,0,2,2,0,Berkeley,37.89843,-122.27917,1480.0,63937,956.5,43.200675675675676,Locally sparse - chargers nearby
94708,1819,806,0,0,0,0,0,,37.90276,-122.26202,1300.0,63232,,48.64,Locally sparse - chargers nearby
94709,489,202,1,2,0,2,0,Berkeley,37.87835,-122.26613,1719.0,67520,244.5,39.27865037812682,"Fewer than 1,000 EVs"
94710,599,224,15,35,30,65,24,Berkeley,37.86705,-122.303,2333.0,72745,9.215384615384615,31.180882983283325,"Fewer than 1,000 EVs"
94720,2,1,2,27,0,27,0,Berkeley,37.87185,-122.25226,1622.0,71644,0.07407407407407407,44.17016029593095,"Fewer than 1,000 EVs"
94801,853,282,2,4,0,4,0,Richmond,37.95217,-122.38025,895.0,36461,213.25,40.73854748603352,"Fewer than 1,000 EVs"
94803,1680,540,0,0,0,0,0,,37.95683,-122.28235,670.0,46550,,69.4776119402985,Isolated - underserved by both measures
94804,1925,587,16,34,29,63,33,Richmond,37.92074,-122.34204,1781.0,56959,30.555555555555557,31.981471083660864,Well served
94805,856,306,1,0,4,4,0,Richmond,37.94215,-122.32364,801.0,46039,214.0,57.476903870162296,"Fewer than 1,000 EVs"
94806,2034,585,19,29,7,36,4,San Pablo,37.97811,-122.33618,580.0,34005,56.5,58.62931034482759,Well served
94901,3294,1195,26,51,8,59,10,San Rafael,37.98053,-122.50249,665.0,27991,55.83050847457627,42.09172932330827,Well served
94903,2824,1005,42,129,2,131,12,San Rafael,38.02485,-122.5522,532.0,23081,21.557251908396946,43.38533834586466,Well served
94904,1791,648,4,26,14,40,16,Larkspur,37.94841,-122.55288,539.0,24173,44.775,44.84786641929499,Well served
94920,2231,817,13,27,0,27,13,Belvedere Tiburon,37.88732,-122.46549,1871.0,69018,82.62962962962963,36.88829502939605,Locally sparse - chargers nearby
94922,27,6,0,0,0,0,0,,38.35683,-122.95098,55.0,3314,,60.25454545454546,"Fewer than 1,000 EVs"
94923,129,49,1,0,8,8,0,Bodega Bay,38.33588,-123.02647,16.0,2878,16.125,179.875,"Fewer than 1,000 EVs"
94924,84,38,0,0,0,0,0,,37.95411,-122.73171,100.0,10229,,102.29,"Fewer than 1,000 EVs"
94925,1281,406,6,14,16,30,10,Corte Madera,37.92386,-122.5132,675.0,28055,42.7,41.56296296296296,Well served
94928,1753,507,51,82,32,114,18,Rohnert Park,38.3459,-122.6935,522.0,15400,15.37719298245614,29.50191570881226,Well served
94929,19,10,1,1,0,1,0,Dillon Beach,38.25444,-122.96243,11.0,234,19.0,21.272727272727273,"Fewer than 1,000 EVs"
94930,815,298,3,6,0,6,4,Fairfax,37.97048,-122.61108,572.0,25175,135.83333333333334,44.01223776223776,"Fewer than 1,000 EVs"
94931,457,215,4,4,12,16,3,Cotati,38.32229,-122.71497,505.0,13146,28.5625,26.03168316831683,"Fewer than 1,000 EVs"
94933,57,23,0,0,0,0,0,,38.01753,-122.68814,367.0,16313,,44.44959128065395,"Fewer than 1,000 EVs"
94937,132,59,1,4,0,4,4,Inverness,38.09466,-122.92719,20.0,256,33.0,12.8,"Fewer than 1,000 EVs"
94938,52,22,0,0,0,0,0,,38.03024,-122.72953,95.0,7940,,83.57894736842105,"Fewer than 1,000 EVs"
94939,942,340,32,55,14,69,4,Larkspur,37.93725,-122.53518,527.0,24032,13.652173913043478,45.601518026565465,"Fewer than 1,000 EVs"
94940,18,11,0,0,0,0,0,,38.15754,-122.86376,23.0,2888,,125.56521739130434,"Fewer than 1,000 EVs"
94941,4580,1598,11,15,18,33,9,Mill Valley,37.92562,-122.60083,485.0,21756,138.78787878787878,44.85773195876288,Locally sparse - chargers nearby
94945,1436,489,24,22,36,58,30,Novato,38.1258,-122.55443,342.0,11745,24.75862068965517,34.3421052631579,Well served
94946,96,46,0,0,0,0,0,,38.07176,-122.68785,298.0,10892,,36.5503355704698,"Fewer than 1,000 EVs"
94947,1696,561,9,11,16,27,14,Novato,38.10705,-122.62813,358.0,10702,62.81481481481482,29.893854748603353,Well served
94949,1564,548,10,23,0,23,10,Novato,38.06576,-122.53172,484.0,18401,68.0,38.018595041322314,Locally sparse - chargers nearby
94950,11,4,2,1,6,7,0,Olema,38.02122,-122.76187,24.0,3194,1.5714285714285714,133.08333333333334,"Fewer than 1,000 EVs"
94951,293,122,0,0,0,0,0,,38.32252,-122.64492,443.0,14289,,32.25507900677201,"Fewer than 1,000 EVs"
94952,2585,945,19,31,30,61,33,Petaluma,38.23007,-122.76338,320.0,5134,42.377049180327866,16.04375,Well served
94954,2049,704,18,96,8,104,13,Petaluma,38.24624,-122.56627,293.0,8333,19.701923076923077,28.440273037542664,Well served
94956,106,46,3,9,0,9,0,Point Reyes Station,38.0476,-122.81046,20.0,785,11.777777777777779,39.25,"Fewer than 1,000 EVs"
94957,438,159,2,3,0,3,0,Ross,37.96343,-122.56174,582.0,24173,146.0,41.534364261168385,"Fewer than 1,000 EVs"
94960,1922,674,17,29,8,37,2,San Anselmo,37.99707,-122.57838,564.0,25396,51.945945945945944,45.02836879432624,Well served
94963,71,26,0,0,0,0,0,,38.00765,-122.66484,492.0,20549,,41.766260162601625,"Fewer than 1,000 EVs"
94964,16,5,0,0,0,0,0,,37.94235,-122.49244,614.0,28776,,46.86644951140065,"Fewer than 1,000 EVs"
94965,1204,473,9,15,18,33,19,Sausalito,37.85263,-122.52699,1563.0,59508,36.484848484848484,38.07293666026872,Well served
94970,48,18,3,12,0,12,4,Stinson Beach,37.91694,-122.65553,427.0,19588,4.0,45.87353629976581,"Fewer than 1,000 EVs"
94971,28,13,0,0,0,0,0,,38.23724,-122.89006,7.0,2690,,384.2857142857143,"Fewer than 1,000 EVs"
94972,13,4,0,0,0,0,0,,38.33665,-122.93934,49.0,2911,,59.40816326530612,"Fewer than 1,000 EVs"
94973,158,62,0,0,0,0,0,,38.01259,-122.63947,516.0,23282,,45.12015503875969,"Fewer than 1,000 EVs"
95002,128,55,7,13,0,13,0,San Jose,37.44075,-122.00047,5619.0,145572,9.846153846153847,25.90710090763481,"Fewer than 1,000 EVs"
95003,1849,742,4,10,4,14,6,Aptos,37.0089,-121.87775,256.0,8928,132.07142857142858,34.875,Locally sparse - chargers nearby
95004,186,76,0,0,0,0,0,,36.86818,-121.63237,85.0,3396,,39.95294117647059,"Fewer than 1,000 EVs"
95005,321,136,0,0,0,0,0,,37.09835,-122.08931,158.0,8304,,52.55696202531646,"Fewer than 1,000 EVs"
95006,471,218,0,0,0,0,0,,37.17129,-122.151,82.0,12017,,146.5487804878049,"Fewer than 1,000 EVs"
95007,23,9,0,0,0,0,0,,37.11019,-122.11434,65.0,7589,,116.75384615384615,"Fewer than 1,000 EVs"
95008,4789,1828,58,148,14,162,68,Campbell,37.27977,-121.95481,4573.0,137435,29.561728395061728,30.053575333479117,Well served
95010,481,163,6,16,29,45,2,Capitola,36.97721,-121.95466,234.0,10487,10.688888888888888,44.81623931623932,"Fewer than 1,000 EVs"
95012,167,36,0,0,0,0,0,,36.78373,-121.74164,269.0,3448,,12.817843866171003,"Fewer than 1,000 EVs"
95013,4,2,0,0,0,0,0,,37.21531,-121.73962,657.0,44284,,67.40334855403349,"Fewer than 1,000 EVs"
95014,9512,3697,129,283,52,335,115,Cupertino,37.30827,-122.07981,4112.0,108993,28.394029850746268,26.506079766536963,Well served
95017,35,16,0,0,0,0,0,,37.10529,-122.22913,5.0,4254,,850.8,"Fewer than 1,000 EVs"
95018,445,207,3,4,0,4,1,Felton,37.08027,-122.05824,218.0,10670,111.25,48.944954128440365,"Fewer than 1,000 EVs"
95019,92,14,0,0,0,0,0,,36.93575,-121.78458,82.0,4599,,56.08536585365854,"Fewer than 1,000 EVs"
95020,4203,1393,29,35,88,123,40,Gilroy,37.01461,-121.55718,178.0,4568,34.170731707317074,25.662921348314608,Well served
95023,2373,604,17,18,57,75,23,Hollister,36.92113,-121.36117,75.0,2373,31.64,31.64,Well served
95030,2542,1192,17,42,3,45,36,Los Gatos,37.22168,-121.98326,2351.0,95976,56.48888888888889,40.82347937048065,Well served
95032,4512,1930,10,16,32,48,27,Los Gatos,37.20859,-121.92359,2354.0,81194,94.0,34.491928632115545,Locally sparse - chargers nearby
95033,1274,579,1,4,0,4,4,Los Gatos,37.15701,-121.97771,749.0,40490,318.5,54.05874499332443,Locally sparse - chargers nearby
95035,9146,2837,78,163,134,297,53,Milpitas,37.44319,-121.87632,3425.0,95280,30.794612794612796,27.81897810218978,Well served
95037,5393,2217,21,39,22,61,32,Morgan Hill,37.13213,-121.67886,158.0,20545,88.40983606557377,130.03164556962025,Isolated - underserved by both measures
95039,32,11,0,0,0,0,0,,36.81515,-121.7779,143.0,4454,,31.146853146853147,"Fewer than 1,000 EVs"
95041,35,14,0,0,0,0,0,,37.05052,-122.05828,222.0,10635,,47.9054054054054,"Fewer than 1,000 EVs"
95043,13,4,2,3,0,3,0,Paicines,36.51652,-120.97677,3.0,13,4.333333333333333,4.333333333333333,"Fewer than 1,000 EVs"
95045,279,77,1,0,12,12,0,San Juan Bautista,36.83281,-121.52576,73.0,2191,23.25,30.013698630136986,"Fewer than 1,000 EVs"
95046,365,155,4,10,0,10,0,San Martin,37.09576,-121.59649,194.0,13261,36.5,68.35567010309278,"Fewer than 1,000 EVs"
95050,3270,965,41,121,14,135,21,Santa Clara,37.3504,-121.95238,5198.0,155503,24.22222222222222,29.91592920353982,Well served
95051,6916,2016,18,30,14,44,10,Santa Clara,37.3483,-121.98444,5284.0,144568,157.1818181818182,27.359576078728235,Locally sparse - chargers nearby
95053,4,0,5,10,0,10,0,Santa Clara,37.34848,-121.93737,5007.0,159100,0.4,31.77551428000799,"Fewer than 1,000 EVs"
95054,3480,1166,295,625,24,649,72,Santa Clara,37.39308,-121.96483,5101.0,160158,5.362095531587057,31.39737306410508,Well served
95060,2959,1243,26,65,11,76,25,Santa Cruz,37.01352,-122.10176,218.0,8925,38.93421052631579,40.940366972477065,Well served
95062,1885,695,4,6,16,22,22,Santa Cruz,36.97279,-121.99008,230.0,10395,85.68181818181819,45.19565217391305,Locally sparse - chargers nearby
95064,79,27,13,23,0,23,5,Santa Cruz,36.99158,-122.05886,224.0,8890,3.4347826086956523,39.6875,"Fewer than 1,000 EVs"
95065,602,258,3,14,0,14,10,Santa Cruz,37.03229,-121.98444,232.0,12013,43.0,51.7801724137931,"Fewer than 1,000 EVs"
95066,1345,537,7,12,16,28,18,Scotts Valley,37.0672,-122.01453,224.0,12013,48.035714285714285,53.629464285714285,Well served
95070,6737,3010,16,145,12,157,5,Saratoga,37.25624,-122.05151,2962.0,101939,42.910828025477706,34.41559756920999,Well served
95073,715,267,1,0,6,6,0,Soquel,37.04068,-121.93174,230.0,11990,119.16666666666667,52.130434782608695,"Fewer than 1,000 EVs"
95075,24,10,0,0,0,0,0,,36.80112,-121.19258,2.0,24,,12.0,"Fewer than 1,000 EVs"
95076,1959,576,23,41,26,67,29,Watsonville,36.94029,-121.75089,81.0,4118,29.238805970149254,50.839506172839506,Well served
95110,1215,356,82,183,18,201,76,San Jose,37.34656,-121.9097,4871.0,154052,6.044776119402985,31.62636009033053,Well served
95111,2841,742,2,2,6,8,2,San Jose,37.28401,-121.82731,2610.0,101036,355.125,38.71111111111111,Locally sparse - chargers nearby
95112,3013,1048,90,239,16,255,35,San Jose,37.34461,-121.88346,4699.0,122514,11.815686274509805,26.072355820387315,Well served
95113,334,108,64,136,0,136,29,San Jose,37.3339,-121.8905,4747.0,125056,2.4558823529411766,26.34421740046345,"Fewer than 1,000 EVs"
95116,1425,333,2,2,4,6,4,San Jose,37.35043,-121.85255,4141.0,114208,237.5,27.579811639700555,Locally sparse - chargers nearby
95117,1977,624,51,145,2,147,50,San Jose,37.31008,-121.96225,4889.0,139285,13.448979591836734,28.489466148496625,Well served
95118,3026,1123,14,57,77,134,97,San Jose,37.25589,-121.88991,3087.0,105450,22.582089552238806,34.159378036929056,Well served
95119,1188,364,6,114,36,150,0,San Jose,37.22756,-121.79077,1441.0,69400,7.92,48.160999306037475,Well served
95120,6427,3082,2,1,4,5,0,San Jose,37.18428,-121.83658,991.0,59465,1285.4,60.0050454086781,Locally sparse - chargers nearby
95121,2838,861,6,3,76,79,20,San Jose,37.30463,-121.80981,2481.0,86772,35.924050632911396,34.97460701330109,Well served
95122,1931,357,5,6,32,38,0,San Jose,37.32925,-121.83481,3850.0,108257,50.81578947368421,28.1187012987013,Well served
95123,5358,2003,10,40,37,77,6,San Jose,37.24479,-121.83306,2358.0,82467,69.58441558441558,34.97328244274809,Locally sparse - chargers nearby
95124,5847,2225,5,72,8,80,68,San Jose,37.25684,-121.92286,3655.0,125296,73.0875,34.28071135430917,Locally sparse - chargers nearby
95125,5625,2320,4,3,20,23,0,San Jose,37.29554,-121.89408,4529.0,127021,244.56521739130434,28.04614705232943,Locally sparse - chargers nearby
95126,2871,1085,41,101,12,113,32,San Jose,37.32687,-121.91677,4831.0,148193,25.4070796460177,30.6754295176982,Well served
95127,2895,792,2,0,20,20,0,San Jose,37.37453,-121.78733,2481.0,76158,144.75,30.696493349455864,Locally sparse - chargers nearby
95128,2738,850,60,165,36,201,89,San Jose,37.31579,-121.93647,4842.0,155503,13.621890547263682,32.11544816191656,Well served
95129,4844,1755,16,51,40,91,44,San Jose,37.30597,-122.00072,4955.0,135611,53.23076923076923,27.368516649848637,Well served
95130,1379,531,0,0,0,0,0,,37.28803,-121.98146,4628.0,136867,,29.573681936041485,Locally sparse - chargers nearby
95131,3212,1064,28,47,19,66,10,San Jose,37.38729,-121.89793,4655.0,143551,48.666666666666664,30.838023630504832,Well served
95132,3597,1084,1,1,3,4,4,San Jose,37.41994,-121.79059,1887.0,58868,899.25,31.196608373078963,Locally sparse - chargers nearby
95133,2440,691,37,55,6,61,7,San Jose,37.37171,-121.86057,4220.0,116814,40.0,27.681042654028435,Well served
95134,3564,1109,89,239,24,263,94,San Jose,37.43003,-121.94528,4724.0,136315,13.551330798479087,28.85584250635055,Well served
95135,3300,1562,9,16,0,16,0,San Jose,37.22285,-121.55913,61.0,12287,206.25,201.4262295081967,Isolated - underserved by both measures
95136,3933,1419,5,2,34,36,5,San Jose,37.27192,-121.85237,2907.0,97439,109.25,33.5187478500172,Locally sparse - chargers nearby
95138,3187,1404,13,20,16,36,2,San Jose,37.2462,-121.73287,794.0,54267,88.52777777777777,68.34634760705289,Isolated - underserved by both measures
95139,681,269,1,0,4,4,0,San Jose,37.22489,-121.76393,886.0,58393,170.25,65.90632054176072,"Fewer than 1,000 EVs"
95140,38,17,0,0,0,0,0,,37.3483,-121.64085,137.0,20032,,146.2189781021898,"Fewer than 1,000 EVs"
95148,4177,1364,2,8,0,8,0,San Jose,37.33252,-121.78142,2344.0,76834,522.125,32.77901023890785,Locally sparse - chargers nearby
95202,162,48,5,28,1,29,2,Stockton,37.95968,-121.28772,301.0,8349,5.586206896551724,27.737541528239202,"Fewer than 1,000 EVs"
95203,213,56,1,10,0,10,0,Stockton,37.95237,-121.33098,301.0,10316,21.3,34.27242524916944,"Fewer than 1,000 EVs"
95204,577,135,5,8,8,16,0,Stockton,37.97403,-121.31906,283.0,7136,36.0625,25.215547703180214,"Fewer than 1,000 EVs"
95205,430,77,1,2,0,2,0,Stockton,37.96425,-121.25955,296.0,8349,215.0,28.20608108108108,"Fewer than 1,000 EVs"
95206,1304,250,4,22,16,38,0,Stockton,37.8961,-121.41051,285.0,7771,34.31578947368421,27.266666666666666,Well served
95207,842,191,13,38,18,56,16,Stockton,38.00242,-121.325,310.0,7850,15.035714285714286,25.322580645161292,"Fewer than 1,000 EVs"
95209,1365,242,2,4,0,4,4,Stockton,38.04717,-121.35121,299.0,8165,341.25,27.307692307692307,Locally sparse - chargers nearby
95210,644,132,5,29,0,29,3,Stockton,38.03215,-121.29782,306.0,7913,22.20689655172414,25.859477124183005,"Fewer than 1,000 EVs"
95211,4,1,5,10,0,10,0,Stockton,37.98078,-121.31198,284.0,7136,0.4,25.12676056338028,"Fewer than 1,000 EVs"
95212,1195,209,4,16,13,29,1,Stockton,38.04897,-121.22684,276.0,6908,41.206896551724135,25.028985507246375,Well served
95215,345,72,1,7,0,7,0,Stockton,37.9444,-121.15276,195.0,4931,49.285714285714285,25.287179487179486,"Fewer than 1,000 EVs"
95219,1560,330,3,12,12,24,8,Stockton,38.0207,-121.51584,71.0,5240,65.0,73.80281690140845,Locally fine - crowded region
95220,183,56,3,4,0,4,3,Acampo,38.19779,-121.23603,74.0,3190,45.75,43.108108108108105,"Fewer than 1,000 EVs"
95221,5,1,0,0,0,0,0,,38.0724,-120.54852,21.0,339,,16.142857142857142,"Fewer than 1,000 EVs"
95222,120,32,1,2,0,2,0,Angels Camp,38.06127,-120.61791,21.0,389,60.0,18.523809523809526,"Fewer than 1,000 EVs"
95223,106,29,2,2,8,10,2,Bear Valley,38.4644,-119.85939,10.0,106,10.6,10.6,"Fewer than 1,000 EVs"
95224,11,4,0,0,0,0,0,,38.22706,-120.32562,13.0,249,,19.153846153846153,"Fewer than 1,000 EVs"
95225,11,1,0,0,0,0,0,,38.20399,-120.86488,16.0,340,,21.25,"Fewer than 1,000 EVs"
95226,1,0,0,0,0,0,0,,38.23377,-120.86232,24.0,667,,27.791666666666668,"Fewer than 1,000 EVs"
95227,18,6,0,0,0,0,0,,38.20678,-121.04615,6.0,1137,,189.5,"Fewer than 1,000 EVs"
95228,200,36,1,0,12,12,0,Copperopolis,37.94669,-120.68067,12.0,320,16.666666666666668,26.666666666666668,"Fewer than 1,000 EVs"
95230,12,6,0,0,0,0,0,,37.97361,-120.86492,0.0,12,,,"Fewer than 1,000 EVs"
95231,55,17,1,4,0,4,0,French Camp,37.87331,-121.29272,383.0,11314,13.75,29.54046997389034,"Fewer than 1,000 EVs"
95232,2,0,0,0,0,0,0,,38.36051,-120.57722,4.0,193,,48.25,"Fewer than 1,000 EVs"
95233,3,0,0,0,0,0,0,,38.18622,-120.36859,15.0,347,,23.133333333333333,"Fewer than 1,000 EVs"
95236,93,18,0,0,0,0,0,,38.04218,-121.03176,0.0,1395,,,"Fewer than 1,000 EVs"
95237,54,13,1,1,0,1,1,Lockeford,38.15953,-121.14845,46.0,2527,54.0,54.93478260869565,"Fewer than 1,000 EVs"
95240,957,230,15,28,0,28,6,Lodi,38.1177,-121.1627,82.0,3264,34.17857142857143,39.80487804878049,"Fewer than 1,000 EVs"
95242,1059,209,12,13,11,24,9,Lodi,38.13204,-121.38875,144.0,4223,44.125,29.32638888888889,Well served
95245,37,10,0,0,0,0,0,,38.30189,-120.61975,12.0,341,,28.416666666666668,"Fewer than 1,000 EVs"
95246,30,11,0,0,0,0,0,,38.23662,-120.49589,15.0,292,,19.466666666666665,"Fewer than 1,000 EVs"
95247,150,45,3,7,0,7,7,Murphys,38.14264,-120.44359,17.0,259,21.428571428571427,15.235294117647058,"Fewer than 1,000 EVs"
95248,5,3,0,0,0,0,0,,38.32433,-120.46051,8.0,105,,13.125,"Fewer than 1,000 EVs"
95249,54,14,0,0,0,0,0,,38.18986,-120.61784,9.0,246,,27.333333333333332,"Fewer than 1,000 EVs"
95251,10,3,0,0,0,0,0,,38.08024,-120.45769,33.0,832,,25.21212121212121,"Fewer than 1,000 EVs"
95252,287,65,1,0,12,12,0,Valley Springs,38.15871,-120.84214,16.0,322,23.916666666666668,20.125,"Fewer than 1,000 EVs"
95253,6,3,0,0,0,0,0,,38.14725,-121.19525,77.0,3988,,51.79220779220779,"Fewer than 1,000 EVs"
95254,23,10,0,0,0,0,0,,38.20323,-120.95857,16.0,543,,33.9375,"Fewer than 1,000 EVs"
95255,12,5,0,0,0,0,0,,38.42055,-120.47506,0.0,126,,,"Fewer than 1,000 EVs"
95257,8,2,0,0,0,0,0,,38.38068,-120.45255,0.0,27,,,"Fewer than 1,000 EVs"
95258,114,30,0,0,0,0,0,,38.16811,-121.31011,125.0,6410,,51.28,"Fewer than 1,000 EVs"
95301,707,161,4,9,18,27,0,Atwater,37.30634,-120.65119,70.0,1585,26.185185185185187,22.642857142857142,"Fewer than 1,000 EVs"
95303,17,5,0,0,0,0,0,,37.4714,-120.67744,57.0,875,,15.350877192982455,"Fewer than 1,000 EVs"
95304,786,224,8,12,19,31,9,Tracy,37.6773,-121.3948,133.0,9473,25.35483870967742,71.22556390977444,"Fewer than 1,000 EVs"
95305,3,1,1,10,0,10,0,Milpitas,37.8306,-120.34821,24.0,97,0.3,4.041666666666667,"Fewer than 1,000 EVs"
95306,21,7,0,0,0,0,0,,37.36015,-120.11581,0.0,21,,,"Fewer than 1,000 EVs"
95307,849,137,4,8,0,8,0,Ceres,37.55582,-120.95385,172.0,7798,106.125,45.33720930232558,"Fewer than 1,000 EVs"
95309,4,0,0,0,0,0,0,,37.87154,-120.43299,28.0,591,,21.107142857142858,"Fewer than 1,000 EVs"
95310,50,24,0,0,0,0,0,,38.09944,-120.36171,38.0,858,,22.57894736842105,"Fewer than 1,000 EVs"
95311,28,3,0,0,0,0,0,,37.70443,-120.08344,4.0,28,,7.0,"Fewer than 1,000 EVs"
95313,24,2,0,0,0,0,0,,37.43511,-121.03769,62.0,2080,,33.54838709677419,"Fewer than 1,000 EVs"
95315,192,35,2,6,4,10,5,Delhi,37.42243,-120.7733,99.0,3208,19.2,32.4040404040404,"Fewer than 1,000 EVs"
95316,160,48,0,0,0,0,0,,37.54613,-120.69212,29.0,2216,,76.41379310344827,"Fewer than 1,000 EVs"
95317,7,6,0,0,0,0,0,,37.12947,-120.5074,0.0,502,,,"Fewer than 1,000 EVs"
95318,15,4,2,2,8,10,0,El Portal,37.66618,-119.8064,10.0,15,1.5,1.5,"Fewer than 1,000 EVs"
95319,12,2,1,2,0,2,0,Empire,37.6309,-120.87728,192.0,7092,6.0,36.9375,"Fewer than 1,000 EVs"
95320,257,57,2,6,0,6,0,Escalon,37.82453,-121.01545,120.0,3191,42.833333333333336,26.591666666666665,"Fewer than 1,000 EVs"
95321,144,39,11,11,19,30,10,Groveland,37.97719,-119.75012,30.0,144,4.8,4.8,"Fewer than 1,000 EVs"
95322,133,33,5,1,68,69,12,Gustine,37.17622,-121.01861,69.0,133,1.9275362318840579,1.9275362318840579,"Fewer than 1,000 EVs"
95323,18,8,0,0,0,0,0,,37.60881,-120.68464,4.0,660,,165.0,"Fewer than 1,000 EVs"
95324,130,22,0,0,0,0,0,,37.39452,-120.89605,87.0,3158,,36.298850574712645,"Fewer than 1,000 EVs"
95325,1,0,0,0,0,0,0,,37.48058,-120.24208,0.0,17,,,"Fewer than 1,000 EVs"
95326,294,56,2,2,2,4,0,Independence,37.58998,-120.8531,142.0,6537,73.5,46.03521126760563,"Fewer than 1,000 EVs"
95327,90,15,4,6,1,7,5,Jamestown,37.84912,-120.4858,7.0,97,12.857142857142858,13.857142857142858,"Fewer than 1,000 EVs"
95328,97,16,0,0,0,0,0,,37.55797,-120.90932,156.0,7350,,47.11538461538461,"Fewer than 1,000 EVs"
95329,48,17,0,0,0,0,0,,37.67726,-120.41363,0.0,48,,,"Fewer than 1,000 EVs"
95330,3180,367,17,21,28,49,3,Lathrop,37.8117,-121.31331,372.0,10772,64.89795918367346,28.956989247311828,Well served
95333,21,4,0,0,0,0,0,,37.2447,-120.24277,19.0,61,,3.210526315789474,"Fewer than 1,000 EVs"
95334,347,56,1,0,12,12,0,Livingston,37.34756,-120.74624,49.0,1558,28.916666666666668,31.79591836734694,"Fewer than 1,000 EVs"
95335,8,3,0,0,0,0,0,,38.11894,-120.09239,2.0,129,,64.5,"Fewer than 1,000 EVs"
95336,1213,259,10,13,26,39,16,Manteca,37.83351,-121.1988,298.0,9037,31.102564102564102,30.325503355704697,Well served
95337,2989,428,42,66,40,106,20,Manteca,37.74171,-121.23834,242.0,9225,28.19811320754717,38.1198347107438,Well served
95338,194,57,3,4,12,16,2,Mariposa,37.50911,-119.98659,19.0,204,12.125,10.736842105263158,"Fewer than 1,000 EVs"
95340,780,182,6,28,32,60,2,Merced,37.34128,-120.40658,90.0,1874,13.0,20.822222222222223,"Fewer than 1,000 EVs"
95341,390,69,4,7,0,7,0,Merced,37.23037,-120.50715,90.0,1884,55.714285714285715,20.933333333333334,"Fewer than 1,000 EVs"
95345,10,1,1,3,0,3,3,Midpines,37.58784,-119.96408,19.0,204,3.3333333333333335,10.736842105263158,"Fewer than 1,000 EVs"
95346,26,0,0,0,0,0,0,,38.07045,-120.17291,10.0,218,,21.8,"Fewer than 1,000 EVs"
95348,664,123,4,7,1,8,5,Merced,37.41525,-120.4979,106.0,1601,83.0,15.10377358490566,"Fewer than 1,000 EVs"
95350,991,220,3,8,0,8,4,Modesto,37.67175,-121.00732,214.0,8217,123.875,38.39719626168224,"Fewer than 1,000 EVs"
95351,535,126,3,4,8,12,0,Modesto,37.6236,-120.99828,203.0,7848,44.583333333333336,38.66009852216749,"Fewer than 1,000 EVs"
95354,452,112,12,19,24,43,1,Modesto,37.63849,-120.96428,210.0,9212,10.511627906976743,43.86666666666667,"Fewer than 1,000 EVs"
95355,1658,345,6,2,5,7,0,Modesto,37.6727,-120.94717,207.0,7848,236.85714285714286,37.91304347826087,Locally sparse - chargers nearby
95356,1361,312,13,21,61,82,17,Modesto,37.71945,-121.02786,212.0,7516,16.597560975609756,35.45283018867924,Well served
95357,265,58,0,0,0,0,0,,37.66985,-120.87924,173.0,8453,,48.861271676300575,"Fewer than 1,000 EVs"
95358,424,89,4,26,0,26,2,Modesto,37.61578,-121.10059,196.0,6624,16.307692307692307,33.795918367346935,"Fewer than 1,000 EVs"
95360,244,58,0,0,0,0,0,,37.32918,-121.03827,0.0,398,,,"Fewer than 1,000 EVs"
95361,783,175,7,10,3,13,3,Oakdale,37.79342,-120.77654,17.0,783,60.23076923076923,46.05882352941177,"Fewer than 1,000 EVs"
95363,1148,224,6,4,40,44,12,Patterson,37.37251,-121.27192,44.0,1148,26.09090909090909,26.09090909090909,Well served
95364,6,1,0,0,0,0,0,,38.22908,-119.79174,0.0,8,,,"Fewer than 1,000 EVs"
95365,40,9,0,0,0,0,0,,37.3012,-120.33152,69.0,841,,12.18840579710145,"Fewer than 1,000 EVs"
95366,663,150,4,0,20,20,0,Ripon,37.76223,-121.12574,320.0,7809,33.15,24.403125,"Fewer than 1,000 EVs"
95367,575,102,0,0,0,0,0,,37.73089,-120.94669,207.0,6441,,31.115942028985508,"Fewer than 1,000 EVs"
95368,335,51,0,0,0,0,0,,37.71544,-121.09047,290.0,10240,,35.310344827586206,"Fewer than 1,000 EVs"
95369,16,2,0,0,0,0,0,,37.52435,-120.41301,0.0,681,,,"Fewer than 1,000 EVs"
95370,494,120,7,13,8,21,2,Sonora,37.98484,-120.34515,38.0,649,23.523809523809526,17.07894736842105,"Fewer than 1,000 EVs"
95372,47,9,0,0,0,0,0,,37.98927,-120.26272,34.0,754,,22.176470588235293,"Fewer than 1,000 EVs"
95374,24,4,0,0,0,0,0,,37.31636,-120.85683,22.0,693,,31.5,"Fewer than 1,000 EVs"
95375,2,0,0,0,0,0,0,,38.21493,-119.97031,0.0,16,,,"Fewer than 1,000 EVs"
95376,1818,426,17,30,24,54,2,Tracy,37.73678,-121.43404,174.0,13964,33.666666666666664,80.25287356321839,Locally fine - crowded region
95377,3876,615,17,38,6,44,0,Tracy,37.65293,-121.49598,139.0,10784,88.0909090909091,77.58273381294964,Isolated - underserved by both measures
95379,44,7,1,8,0,8,8,Tuolumne,37.96174,-120.21635,48.0,704,5.5,14.666666666666666,"Fewer than 1,000 EVs"
95380,833,167,17,26,28,54,7,Turlock,37.47226,-120.86978,95.0,3783,15.425925925925926,39.82105263157895,"Fewer than 1,000 EVs"
95382,1364,263,4,9,0,9,9,Turlock,37.52831,-120.85214,103.0,4648,151.55555555555554,45.12621359223301,Locally sparse - chargers nearby
95383,93,21,1,2,0,2,2,Twain Harte,38.09534,-120.22602,10.0,271,46.5,27.1,"Fewer than 1,000 EVs"
95385,4,1,0,0,0,0,0,,37.612,-121.24773,4.0,4218,,1054.5,"Fewer than 1,000 EVs"
95386,171,40,1,2,0,2,2,Waterford,37.67391,-120.63045,2.0,349,85.5,174.5,"Fewer than 1,000 EVs"
95387,15,1,2,0,4,4,0,Westley,37.55429,-121.2451,48.0,443,3.75,9.229166666666666,"Fewer than 1,000 EVs"
95388,141,31,0,0,0,0,0,,37.42171,-120.59715,58.0,2068,,35.6551724137931,"Fewer than 1,000 EVs"
95389,33,2,9,79,0,79,1,Yosemite National Park,37.73784,-119.52556,79.0,33,0.4177215189873418,0.4177215189873418,"Fewer than 1,000 EVs"
95391,4304,1019,1,12,0,12,12,Mountain House,37.76952,-121.5912,200.0,13707,358.6666666666667,68.535,Isolated - underserved by both measures
95401,1231,489,20,32,32,64,50,Santa Rosa,38.44922,-122.79307,479.0,14982,19.234375,31.2776617954071,Well served
95403,2223,640,29,97,6,103,20,Santa Rosa,38.50326,-122.75358,433.0,14527,21.58252427184466,33.54965357967667,Well served
95404,2671,890,11,21,0,21,11,Santa Rosa,38.46488,-122.65709,489.0,14094,127.19047619047619,28.822085889570552,Locally sparse - chargers nearby
95405,1248,523,4,7,0,7,5,Santa Rosa,38.43926,-122.66908,458.0,14551,178.28571428571428,31.770742358078603,Locally sparse - chargers nearby
95407,1097,349,30,58,10,68,12,Santa Rosa,38.39465,-122.74591,520.0,15278,16.13235294117647,29.380769230769232,Well served
95409,1771,599,1,2,0,2,0,Santa Rosa,38.46116,-122.60425,412.0,11488,885.5,27.883495145631066,Locally sparse - chargers nearby
95410,61,28,0,0,0,0,0,,39.21616,-123.70012,37.0,325,,8.783783783783784,"Fewer than 1,000 EVs"
95412,9,5,1,2,0,2,0,Annapolis,38.71168,-123.31967,10.0,92,4.5,9.2,"Fewer than 1,000 EVs"
95415,40,15,1,6,0,6,0,Boonville,39.0205,-123.36751,11.0,91,6.666666666666667,8.272727272727273,"Fewer than 1,000 EVs"
95419,16,7,0,0,0,0,0,,38.42336,-122.9582,77.0,4753,,61.72727272727273,"Fewer than 1,000 EVs"
95420,30,15,0,0,0,0,0,,39.35638,-123.76832,66.0,620,,9.393939393939394,"Fewer than 1,000 EVs"
95421,63,28,0,0,0,0,0,,38.58276,-123.18037,6.0,90,,15.0,"Fewer than 1,000 EVs"
95422,167,33,1,3,0,3,0,Clearlake,38.97829,-122.6423,6.0,502,55.666666666666664,83.66666666666667,"Fewer than 1,000 EVs"
95423,49,20,1,3,0,3,3,Clearlake Oaks,39.06749,-122.62753,6.0,254,16.333333333333332,42.333333333333336,"Fewer than 1,000 EVs"
95425,400,175,5,6,2,8,2,Cloverdale,38.81792,-123.02566,16.0,562,50.0,35.125,"Fewer than 1,000 EVs"
95426,51,17,0,0,0,0,0,,38.83449,-122.7361,11.0,374,,34.0,"Fewer than 1,000 EVs"
95427,19,13,0,0,0,0,0,,39.25326,-123.56932,4.0,305,,76.25,"Fewer than 1,000 EVs"
95428,13,6,0,0,0,0,0,,39.82489,-123.18126,0.0,13,,,"Fewer than 1,000 EVs"
95429,3,0,0,0,0,0,0,,39.73292,-123.34841,12.0,39,,3.25,"Fewer than 1,000 EVs"
95430,5,4,0,0,0,0,0,,38.46279,-123.04476,39.0,1076,,27.58974358974359,"Fewer than 1,000 EVs"
95431,3,2,0,0,0,0,0,,38.34897,-122.51625,321.0,8568,,26.69158878504673,"Fewer than 1,000 EVs"
95432,20,9,2,3,0,3,3,Elk,39.1083,-123.63829,12.0,160,6.666666666666667,13.333333333333334,"Fewer than 1,000 EVs"
95435,0,1,0,0,0,0,0,,39.00315,-122.8748,7.0,539,,77.0,"Fewer than 1,000 EVs"
95436,325,136,5,9,0,9,3,Forestville,38.49108,-122.91425,288.0,9594,36.111111111111114,33.3125,"Fewer than 1,000 EVs"
95437,374,174,10,15,14,29,5,Fort Bragg,39.44535,-123.69402,32.0,404,12.89655172413793,12.625,"Fewer than 1,000 EVs"
95439,18,13,2,3,0,3,3,Fulton,38.49055,-122.77591,456.0,14527,6.0,31.857456140350877,"Fewer than 1,000 EVs"
95441,119,52,5,9,8,17,7,Geyserville,38.73775,-123.0354,41.0,519,7.0,12.658536585365853,"Fewer than 1,000 EVs"
95442,242,85,5,7,1,8,4,Glen Ellen,38.3785,-122.51549,232.0,12487,30.25,53.82327586206897,"Fewer than 1,000 EVs"
95443,3,1,0,0,0,0,0,,39.05013,-122.73962,10.0,520,,52.0,"Fewer than 1,000 EVs"
95444,83,38,0,0,0,0,0,,38.43261,-122.86922,426.0,9389,,22.039906103286384,"Fewer than 1,000 EVs"
95445,148,73,0,0,0,0,0,,38.83762,-123.49404,0.0,293,,,"Fewer than 1,000 EVs"
95446,249,92,3,7,0,7,5,Guerneville,38.52525,-123.00423,115.0,2235,35.57142857142857,19.434782608695652,"Fewer than 1,000 EVs"
95448,1315,489,52,101,6,107,47,Healdsburg,38.62309,-122.89089,234.0,3322,12.289719626168225,14.196581196581196,Well served
95449,43,17,3,7,2,9,5,Hopland,38.94331,-123.09653,9.0,443,4.777777777777778,49.22222222222222,"Fewer than 1,000 EVs"
95450,27,12,3,6,0,6,6,Jenner,38.5229,-123.21508,6.0,90,4.5,15.0,"Fewer than 1,000 EVs"
95451,232,77,1,1,0,1,0,Kelseyville,38.9388,-122.80484,10.0,453,232.0,45.3,"Fewer than 1,000 EVs"
95452,120,53,2,1,2,3,1,Kenwood,38.42969,-122.5362,279.0,6593,40.0,23.630824372759857,"Fewer than 1,000 EVs"
95453,235,64,3,6,0,6,2,Lakeport,39.04346,-122.93918,17.0,304,39.166666666666664,17.88235294117647,"Fewer than 1,000 EVs"
95454,36,7,4,2,10,12,10,Laytonville,39.78063,-123.51631,12.0,42,3.0,3.5,"Fewer than 1,000 EVs"
95456,46,25,6,12,0,12,8,Little River,39.25851,-123.74585,40.0,326,3.8333333333333335,8.15,"Fewer than 1,000 EVs"
95457,51,22,0,0,0,0,0,,38.87967,-122.52753,4.0,556,,139.0,"Fewer than 1,000 EVs"
95458,35,10,0,0,0,0,0,,39.11667,-122.78204,16.0,380,,23.75,"Fewer than 1,000 EVs"
95459,28,10,0,0,0,0,0,,38.99068,-123.62627,9.0,146,,16.22222222222222,"Fewer than 1,000 EVs"
95460,170,81,7,25,0,25,25,Mendocino,39.30386,-123.73737,55.0,326,6.8,5.927272727272728,"Fewer than 1,000 EVs"
95461,91,29,4,8,0,8,3,Middletown,38.762,-122.59314,10.0,803,11.375,80.3,"Fewer than 1,000 EVs"
95462,67,27,2,3,0,3,0,Monte Rio,38.47263,-123.02064,38.0,3509,22.333333333333332,92.34210526315789,"Fewer than 1,000 EVs"
95463,9,7,0,0,0,0,0,,39.18957,-123.58059,12.0,151,,12.583333333333334,"Fewer than 1,000 EVs"
95464,34,12,0,0,0,0,0,,39.12736,-122.84733,16.0,334,,20.875,"Fewer than 1,000 EVs"
95465,163,86,1,2,0,2,2,Occidental,38.40556,-123.01963,50.0,3522,81.5,70.44,"Fewer than 1,000 EVs"
95466,42,18,5,8,1,9,7,Philo,39.08868,-123.51058,15.0,139,4.666666666666667,9.266666666666667,"Fewer than 1,000 EVs"
95467,247,80,0,0,0,0,0,,38.80453,-122.54948,11.0,389,,35.36363636363637,"Fewer than 1,000 EVs"
95468,56,29,2,7,0,7,2,Point Arena,38.9094,-123.60372,7.0,232,8.0,33.142857142857146,"Fewer than 1,000 EVs"
95469,22,7,0,0,0,0,0,,39.38853,-123.05972,0.0,22,,,"Fewer than 1,000 EVs"
95470,137,60,2,10,0,10,0,Redwood Valley,39.30019,-123.22984,58.0,875,13.7,15.086206896551724,"Fewer than 1,000 EVs"
95471,6,6,0,0,0,0,0,,38.53218,-122.97362,197.0,3662,,18.588832487309645,"Fewer than 1,000 EVs"
95472,2433,1107,12,16,14,30,9,Sebastopol,38.39738,-122.86668,436.0,9709,81.1,22.26834862385321,Locally sparse - chargers nearby
95476,2100,823,20,28,17,45,18,Sonoma,38.25531,-122.46055,338.0,5838,46.666666666666664,17.272189349112427,Well served
95480,3,2,0,0,0,0,0,,38.68463,-123.36802,10.0,92,,9.2,"Fewer than 1,000 EVs"
95482,738,236,37,76,24,100,19,Ukiah,39.1618,-123.23925,108.0,875,7.38,8.101851851851851,"Fewer than 1,000 EVs"
95485,24,8,2,2,8,10,2,Upper Lake,39.20828,-122.9259,10.0,96,2.4,9.6,"Fewer than 1,000 EVs"
95486,6,4,0,0,0,0,0,,38.4741,-123.02403,38.0,1076,,28.31578947368421,"Fewer than 1,000 EVs"
95488,7,6,0,0,0,0,0,,39.73679,-123.77199,3.0,7,,2.3333333333333335,"Fewer than 1,000 EVs"
95490,221,82,6,10,6,16,10,Willits,39.4883,-123.34725,21.0,221,13.8125,10.523809523809524,"Fewer than 1,000 EVs"
95492,1427,506,15,30,12,42,21,Windsor,38.53052,-122.81254,411.0,12980,33.976190476190474,31.581508515815084,Well served
95493,3,1,0,0,0,0,0,,39.20241,-122.97948,10.0,61,,6.1,"Fewer than 1,000 EVs"
95494,9,3,0,0,0,0,0,,38.89646,-123.34324,6.0,197,,32.833333333333336,"Fewer than 1,000 EVs"
95497,80,43,4,8,0,8,3,Sea Ranch,38.71976,-123.45601,10.0,240,10.0,24.0,"Fewer than 1,000 EVs"
95501,467,150,17,36,26,62,29,Eureka,40.80435,-124.14034,140.0,1772,7.532258064516129,12.657142857142857,"Fewer than 1,000 EVs"
95503,580,242,4,5,4,9,1,Eureka,40.72406,-124.09178,93.0,1802,64.44444444444444,19.376344086021504,"Fewer than 1,000 EVs"
95514,2,0,0,0,0,0,0,,40.29151,-123.67119,4.0,6,,1.5,"Fewer than 1,000 EVs"
95519,638,283,4,6,8,14,2,McKinleyville,40.95833,-124.04983,73.0,1342,45.57142857142857,18.383561643835616,"Fewer than 1,000 EVs"
95521,570,268,16,26,14,40,2,Arcata,40.84586,-124.04745,140.0,2405,14.25,17.178571428571427,"Fewer than 1,000 EVs"
95524,134,71,0,0,0,0,0,,40.82346,-124.05271,140.0,2405,,17.178571428571427,"Fewer than 1,000 EVs"
95525,58,31,9,17,0,17,3,Blue Lake,40.94845,-123.82629,17.0,95,3.411764705882353,5.588235294117647,"Fewer than 1,000 EVs"
95526,2,2,0,0,0,0,0,,40.44705,-123.6628,0.0,2,,,"Fewer than 1,000 EVs"
95527,6,0,0,0,0,0,0,,40.93593,-123.41966,0.0,11,,,"Fewer than 1,000 EVs"
95528,14,9,0,0,0,0,0,,40.4936,-123.92393,2.0,88,,44.0,"Fewer than 1,000 EVs"
95531,211,66,9,11,20,31,16,Crescent City,41.79288,-124.00473,31.0,211,6.806451612903226,6.806451612903226,"Fewer than 1,000 EVs"
95536,50,18,4,5,0,5,5,Ferndale,40.51069,-124.26547,37.0,342,10.0,9.243243243243244,"Fewer than 1,000 EVs"
95537,5,3,0,0,0,0,0,,40.745,-124.21472,77.0,1098,,14.25974025974026,"Fewer than 1,000 EVs"
95538,0,1,0,0,0,0,0,,41.86833,-124.15433,37.0,234,,6.324324324324325,"Fewer than 1,000 EVs"
95540,261,112,10,16,8,24,5,Fortuna,40.56671,-124.12651,37.0,407,10.875,11.0,"Fewer than 1,000 EVs"
95542,39,19,5,5,5,10,5,Garberville,40.08074,-123.77369,12.0,76,3.9,6.333333333333333,"Fewer than 1,000 EVs"
95543,16,8,0,0,0,0,0,,41.88847,-123.80238,0.0,16,,,"Fewer than 1,000 EVs"
95545,4,1,0,0,0,0,0,,40.26159,-124.08599,0.0,10,,,"Fewer than 1,000 EVs"
95546,15,0,6,40,8,48,12,Hoopa,41.18777,-123.74535,48.0,15,0.3125,0.3125,"Fewer than 1,000 EVs"
95547,30,18,0,0,0,0,0,,40.56952,-124.07751,37.0,341,,9.216216216216216,"Fewer than 1,000 EVs"
95548,7,5,3,2,2,4,3,Klamath,41.58633,-124.05859,4.0,7,1.75,1.75,"Fewer than 1,000 EVs"
95549,53,29,0,0,0,0,0,,40.65838,-123.89485,0.0,56,,,"Fewer than 1,000 EVs"
95550,3,0,0,0,0,0,0,,40.77695,-123.82951,2.0,56,,28.0,"Fewer than 1,000 EVs"
95551,30,11,4,4,2,6,0,Loleta,40.66977,-124.21961,89.0,892,5.0,10.02247191011236,"Fewer than 1,000 EVs"
95552,2,0,0,0,0,0,0,,40.34899,-123.42248,0.0,2,,,"Fewer than 1,000 EVs"
95553,10,4,1,2,2,4,0,Miranda,40.22981,-123.87133,9.0,48,2.5,5.333333333333333,"Fewer than 1,000 EVs"
95554,2,3,0,0,0,0,0,,40.27573,-123.78414,4.0,50,,12.5,"Fewer than 1,000 EVs"
95555,5,2,1,0,2,2,0,Orick,41.29519,-123.97774,2.0,5,2.5,2.5,"Fewer than 1,000 EVs"
95556,4,1,1,2,0,2,0,Orleans,41.31444,-123.59043,2.0,4,2.0,2.0,"Fewer than 1,000 EVs"
95558,6,4,0,0,0,0,0,,40.32673,-124.24017,0.0,10,,,"Fewer than 1,000 EVs"
95559,2,0,0,0,0,0,0,,40.18977,-123.7512,12.0,87,,7.25,"Fewer than 1,000 EVs"
95560,32,15,1,2,0,2,0,Redway,40.14606,-123.83816,16.0,108,16.0,6.75,"Fewer than 1,000 EVs"
95562,31,16,1,2,0,2,2,Rio Dell,40.45808,-124.1072,24.0,391,15.5,16.291666666666668,"Fewer than 1,000 EVs"
95563,3,2,0,0,0,0,0,,40.84248,-123.51225,3.0,46,,15.333333333333334,"Fewer than 1,000 EVs"
95564,16,5,0,0,0,0,0,,40.79023,-124.20312,107.0,1802,,16.8411214953271,"Fewer than 1,000 EVs"
95565,5,5,0,0,0,0,0,,40.45723,-124.01099,2.0,347,,173.5,"Fewer than 1,000 EVs"
95567,23,11,3,3,3,6,2,Smith River,41.9498,-124.1118,6.0,23,3.8333333333333335,3.8333333333333335,"Fewer than 1,000 EVs"
95569,2,0,0,0,0,0,0,,40.36078,-123.85818,4.0,34,,8.5,"Fewer than 1,000 EVs"
95570,166,91,2,4,0,4,4,Trinidad,41.11375,-124.08037,4.0,166,41.5,41.5,"Fewer than 1,000 EVs"
95571,6,4,0,0,0,0,0,,40.36495,-123.94157,0.0,27,,,"Fewer than 1,000 EVs"
95573,37,14,2,2,1,3,2,Willow Creek,40.89567,-123.65873,5.0,98,12.333333333333334,19.6,"Fewer than 1,000 EVs"
95585,3,1,1,1,2,3,0,Leggett,39.85872,-123.66619,3.0,42,1.0,14.0,"Fewer than 1,000 EVs"
95587,3,1,0,0,0,0,0,,39.96969,-123.75537,13.0,45,,3.4615384615384617,"Fewer than 1,000 EVs"
95589,23,10,1,4,0,4,0,Whitethorn,40.07927,-123.98596,6.0,55,5.75,9.166666666666666,"Fewer than 1,000 EVs"
95595,0,1,0,0,0,0,0,,40.11074,-123.26642,0.0,0,,,"Fewer than 1,000 EVs"
95601,20,5,2,4,0,4,0,Amador City,38.42713,-120.82997,34.0,701,5.0,20.61764705882353,"Fewer than 1,000 EVs"
95602,694,205,0,0,0,0,0,,38.99039,-121.10991,82.0,3557,,43.3780487804878,"Fewer than 1,000 EVs"
95603,1134,365,29,30,49,79,7,Auburn,38.91167,-121.08559,114.0,3973,14.354430379746836,34.85087719298246,Well served
95604,32,11,0,0,0,0,0,,38.9112,-121.0982,147.0,3952,,26.8843537414966,"Fewer than 1,000 EVs"
95605,523,159,13,19,17,36,0,West Sacramento,38.59289,-121.53929,1592.0,32758,14.527777777777779,20.576633165829147,"Fewer than 1,000 EVs"
95606,14,4,2,8,0,8,8,Brooks,38.75604,-122.19387,8.0,40,1.75,5.0,"Fewer than 1,000 EVs"
95607,11,4,0,0,0,0,0,,38.7899,-122.12585,17.0,117,,6.882352941176471,"Fewer than 1,000 EVs"
95608,2687,730,12,24,32,56,1,Carmichael,38.62611,-121.32886,1749.0,38379,47.982142857142854,21.943396226415093,Well served
95610,1372,280,5,15,18,33,1,Citrus Heights,38.69494,-121.27219,1075.0,48756,41.57575757575758,45.354418604651165,Well served
95612,45,10,0,0,0,0,0,,38.38644,-121.58118,152.0,14710,,96.77631578947368,"Fewer than 1,000 EVs"
95613,16,8,0,0,0,0,0,,38.81272,-120.89173,100.0,1656,,16.56,"Fewer than 1,000 EVs"
95614,151,47,0,0,0,0,0,,38.88649,-120.98896,88.0,2947,,33.48863636363637,"Fewer than 1,000 EVs"
95615,16,5,0,0,0,0,0,,38.31113,-121.54595,66.0,8883,,134.5909090909091,"Fewer than 1,000 EVs"
95616,2709,938,34,110,26,136,73,Davis,38.55819,-121.80044,315.0,5591,19.919117647058822,17.74920634920635,Well served
95618,2051,778,14,21,18,39,12,Davis,38.54348,-121.6917,332.0,9451,52.58974358974359,28.466867469879517,Well served
95619,69,22,0,0,0,0,0,,38.68218,-120.81401,125.0,2581,,20.648,"Fewer than 1,000 EVs"
95620,869,168,7,8,14,22,2,Dixon,38.40599,-121.75689,162.0,921,39.5,5.685185185185185,"Fewer than 1,000 EVs"
95621,1027,209,7,44,6,50,6,Citrus Heights,38.69551,-121.30862,1112.0,48002,20.54,43.16726618705036,Well served
95623,115,47,0,0,0,0,0,,38.6075,-120.84873,134.0,2510,,18.73134328358209,"Fewer than 1,000 EVs"
95624,3755,800,4,1,18,19,1,Elk Grove,38.43203,-121.30506,546.0,21010,197.6315789473684,38.47985347985348,Locally sparse - chargers nearby
95625,7,0,0,0,0,0,0,,38.35728,-121.90861,264.0,7745,,29.33712121212121,"Fewer than 1,000 EVs"
95626,172,47,0,0,0,0,0,,38.73378,-121.48898,601.0,24796,,41.257903494176375,"Fewer than 1,000 EVs"
95627,61,15,5,9,0,9,0,Esparto,38.72936,-122.00959,80.0,911,6.777777777777778,11.3875,"Fewer than 1,000 EVs"
95628,2230,628,7,12,0,12,4,Fair Oaks,38.65212,-121.2543,1064.0,39008,185.83333333333334,36.661654135338345,Locally sparse - chargers nearby
95629,25,21,0,0,0,0,0,,38.51277,-120.6875,26.0,374,,14.384615384615385,"Fewer than 1,000 EVs"
95630,7637,1675,57,161,66,227,48,Folsom,38.66558,-121.141,730.0,27696,33.6431718061674,37.93972602739726,Well served
95631,150,41,0,0,0,0,0,,39.05453,-120.75365,0.0,400,,,"Fewer than 1,000 EVs"
95632,817,173,5,4,24,28,6,Galt,38.27705,-121.26128,203.0,1517,29.178571428571427,7.472906403940887,"Fewer than 1,000 EVs"
95633,73,28,0,0,0,0,0,,38.84919,-120.82328,69.0,1322,,19.159420289855074,"Fewer than 1,000 EVs"
95634,44,12,1,2,0,2,0,Georgetown,38.9123,-120.69443,2.0,117,22.0,58.5,"Fewer than 1,000 EVs"
95635,21,8,0,0,0,0,0,,38.91111,-120.90043,67.0,1792,,26.746268656716417,"Fewer than 1,000 EVs"
95636,7,9,0,0,0,0,0,,38.6274,-120.51852,21.0,84,,4.0,"Fewer than 1,000 EVs"
95637,15,2,0,0,0,0,0,,38.85283,-122.2729,0.0,44,,,"Fewer than 1,000 EVs"
95638,68,23,0,0,0,0,0,,38.33969,-121.11481,0.0,1435,,,"Fewer than 1,000 EVs"
95639,13,1,0,0,0,0,0,,38.39202,-121.49599,499.0,16312,,32.68937875751503,"Fewer than 1,000 EVs"
95640,203,52,1,4,0,4,0,Lone,38.33922,-120.94024,21.0,461,50.75,21.952380952380953,"Fewer than 1,000 EVs"
95641,32,17,0,0,0,0,0,,38.15046,-121.60271,5.0,729,,145.8,"Fewer than 1,000 EVs"
95642,142,36,3,5,8,13,12,Jackson,38.3434,-120.76398,25.0,631,10.923076923076923,25.24,"Fewer than 1,000 EVs"
95645,14,7,2,4,0,4,0,Knights Landing,38.89025,-121.79992,71.0,24,3.5,0.3380281690140845,"Fewer than 1,000 EVs"
95646,6,1,4,14,0,14,8,Kirkwood,38.63828,-120.01813,14.0,14,0.42857142857142855,1.0,"Fewer than 1,000 EVs"
95648,3521,690,23,47,8,55,13,Lincoln,38.92643,-121.31101,140.0,7627,64.01818181818182,54.47857142857143,Well served
95650,957,295,2,4,8,12,0,Loomis,38.81339,-121.16831,545.0,16305,79.75,29.91743119266055,"Fewer than 1,000 EVs"
95651,34,13,1,3,0,3,3,Lotus,38.82088,-120.93515,139.0,1587,11.333333333333334,11.417266187050359,"Fewer than 1,000 EVs"
95652,238,134,5,10,0,10,8,McClellan Park,38.66265,-121.40079,1928.0,50662,23.8,26.276970954356848,"Fewer than 1,000 EVs"
95653,2,0,0,0,0,0,0,,38.69151,-121.97723,31.0,1290,,41.61290322580645,"Fewer than 1,000 EVs"
95655,247,50,0,0,0,0,0,,38.54976,-121.27898,1113.0,28122,,25.266846361185983,"Fewer than 1,000 EVs"
95658,390,105,1,1,0,1,0,Newcastle,38.87938,-121.15173,377.0,14573,390.0,38.6551724137931,"Fewer than 1,000 EVs"
95659,10,3,0,0,0,0,0,,38.84594,-121.57679,6.0,229,,38.166666666666664,"Fewer than 1,000 EVs"
95660,643,124,2,1,3,4,0,North Highland,38.67883,-121.3805,1954.0,47603,160.75,24.361821903787103,"Fewer than 1,000 EVs"
95661,1879,526,15,64,19,83,6,Roseville,38.74129,-121.24925,972.0,42921,22.63855421686747,44.157407407407405,Well served
95662,1064,300,1,0,2,2,0,Orangevale,38.68917,-121.21988,1027.0,43542,532.0,42.397273612463486,Locally sparse - chargers nearby
95663,192,50,0,0,0,0,0,,38.85739,-121.18251,493.0,18084,,36.6815415821501,"Fewer than 1,000 EVs"
95664,62,21,0,0,0,0,0,,38.79755,-121.05136,241.0,12330,,51.16182572614108,"Fewer than 1,000 EVs"
95665,71,13,0,0,0,0,0,,38.39587,-120.65238,21.0,490,,23.333333333333332,"Fewer than 1,000 EVs"
95666,93,24,0,0,0,0,0,,38.54113,-120.33076,0.0,93,,,"Fewer than 1,000 EVs"
95667,983,360,30,70,34,104,45,Placerville,38.73407,-120.79216,109.0,1428,9.451923076923077,13.100917431192661,"Fewer than 1,000 EVs"
95668,28,5,0,0,0,0,0,,38.82708,-121.49378,63.0,8425,,133.73015873015873,"Fewer than 1,000 EVs"
95669,83,23,4,9,0,9,9,Plymouth,38.49522,-120.89157,22.0,1635,9.222222222222221,74.31818181818181,"Fewer than 1,000 EVs"
95670,2397,526,24,65,30,95,0,Rancho Cordova,38.60461,-121.27963,1187.0,38182,25.231578947368423,32.16680707666386,Well served
95672,247,63,0,0,0,0,0,,38.72664,-120.99638,284.0,16673,,58.70774647887324,"Fewer than 1,000 EVs"
95673,400,100,0,0,0,0,0,,38.69029,-121.46603,1560.0,39218,,25.13974358974359,"Fewer than 1,000 EVs"
95674,15,2,0,0,0,0,0,,38.95396,-121.48187,6.0,5193,,865.5,"Fewer than 1,000 EVs"
95675,0,2,0,0,0,0,0,,38.54548,-120.74277,26.0,428,,16.46153846153846,"Fewer than 1,000 EVs"
95676,4,0,0,0,0,0,0,,38.87224,-121.71664,6.0,28,,4.666666666666667,"Fewer than 1,000 EVs"
95677,1698,456,24,34,64,98,21,Rocklin,38.79298,-121.23133,608.0,29189,17.3265306122449,48.00822368421053,Well served
95678,1783,454,35,54,85,139,42,Roseville,38.76536,-121.28847,735.0,32887,12.827338129496402,44.74421768707483,Well served
95679,4,4,0,0,0,0,0,,38.90524,-122.26727,0.0,19,,,"Fewer than 1,000 EVs"
95680,3,0,0,0,0,0,0,,38.24142,-121.57816,5.0,135,,27.0,"Fewer than 1,000 EVs"
95681,16,8,0,0,0,0,0,,38.99809,-121.35422,14.0,3690,,263.57142857142856,"Fewer than 1,000 EVs"
95682,1260,392,3,6,12,18,6,Cameron Park,38.60537,-120.96175,208.0,7305,70.0,35.12019230769231,Locally sparse - chargers nearby
95683,462,88,3,3,16,19,3,Rancho Murieta,38.51018,-121.09894,145.0,4196,24.31578947368421,28.93793103448276,"Fewer than 1,000 EVs"
95684,77,16,4,5,0,5,2,Somerset,38.59098,-120.55066,9.0,137,15.4,15.222222222222221,"Fewer than 1,000 EVs"
95685,153,39,4,8,0,8,8,Sutter Creek,38.42716,-120.76698,34.0,526,19.125,15.470588235294118,"Fewer than 1,000 EVs"
95686,16,4,0,0,0,0,0,,38.19039,-121.48543,12.0,1308,,109.0,"Fewer than 1,000 EVs"
95687,2452,582,23,34,42,76,32,Vacaville,38.3344,-121.91765,349.0,6876,32.26315789473684,19.702005730659025,Well served
95688,1568,478,21,33,58,91,17,Vacaville,38.41901,-122.02571,193.0,7166,17.23076923076923,37.129533678756474,Well served
95689,28,10,0,0,0,0,0,,38.47088,-120.61566,9.0,368,,40.888888888888886,"Fewer than 1,000 EVs"
95690,68,15,0,0,0,0,0,,38.23429,-121.58672,5.0,135,,27.0,"Fewer than 1,000 EVs"
95691,1969,500,20,25,10,35,4,West Sacramento,38.62394,-121.58272,1405.0,28195,56.25714285714286,20.06761565836299,Well served
95692,99,17,0,0,0,0,0,,39.04699,-121.40471,9.0,4601,,511.22222222222223,"Fewer than 1,000 EVs"
95693,329,87,0,0,0,0,0,,38.39851,-121.21956,262.0,7412,,28.290076335877863,"Fewer than 1,000 EVs"
95694,386,109,4,9,0,9,3,Winters,38.56163,-122.00609,18.0,1956,42.888888888888886,108.66666666666667,"Fewer than 1,000 EVs"
95695,831,218,19,42,8,50,7,Woodland,38.68847,-121.85666,122.0,4908,16.62,40.22950819672131,"Fewer than 1,000 EVs"
95697,4,1,0,0,0,0,0,,38.73284,-121.80701,114.0,2138,,18.75438596491228,"Fewer than 1,000 EVs"
95698,6,1,0,0,0,0,0,,38.8187,-121.91012,67.0,934,,13.940298507462687,"Fewer than 1,000 EVs"
95699,4,1,0,0,0,0,0,,38.44074,-120.85702,34.0,605,,17.794117647058822,"Fewer than 1,000 EVs"
95701,27,4,0,0,0,0,0,,39.22633,-120.76741,0.0,838,,,"Fewer than 1,000 EVs"
95703,51,20,0,0,0,0,0,,38.99156,-120.9864,102.0,2640,,25.88235294117647,"Fewer than 1,000 EVs"
95709,138,27,0,0,0,0,0,,38.74886,-120.68134,90.0,1190,,13.222222222222221,"Fewer than 1,000 EVs"
95713,245,75,5,2,16,18,2,Colfax,39.08477,-120.92788,18.0,1376,13.61111111111111,76.44444444444444,"Fewer than 1,000 EVs"
95714,8,0,0,0,0,0,0,,39.2013,-120.83677,14.0,890,,63.57142857142857,"Fewer than 1,000 EVs"
95715,2,1,0,0,0,0,0,,39.27495,-120.64388,16.0,29,,1.8125,"Fewer than 1,000 EVs"
95717,5,1,0,0,0,0,0,,39.14258,-120.84268,18.0,1040,,57.77777777777778,"Fewer than 1,000 EVs"
95720,2,2,0,0,0,0,0,,38.84536,-120.26021,0.0,5,,,"Fewer than 1,000 EVs"
95722,289,106,0,0,0,0,0,,39.00467,-121.02891,100.0,3241,,32.41,"Fewer than 1,000 EVs"
95726,162,40,5,3,15,18,3,Pollock Pines,38.75418,-120.41989,18.0,162,9.0,9.0,"Fewer than 1,000 EVs"
95728,32,7,5,4,14,18,4,Soda Springs,39.29673,-120.40358,36.0,32,1.7777777777777777,0.8888888888888888,"Fewer than 1,000 EVs"
95735,3,0,1,2,0,2,0,Twin Bridges,38.82986,-120.17936,10.0,518,1.5,51.8,"Fewer than 1,000 EVs"
95736,23,5,0,0,0,0,0,,39.03905,-120.97738,78.0,1924,,24.666666666666668,"Fewer than 1,000 EVs"
95742,2426,339,6,8,22,30,0,Rancho Cordova,38.5735,-121.19854,681.0,26626,80.86666666666666,39.098384728340676,Locally sparse - chargers nearby
95746,2348,757,6,8,8,16,3,Granite Bay,38.75009,-121.16712,754.0,31349,146.75,41.57692307692308,Locally sparse - chargers nearby
95747,7800,1187,8,14,14,28,4,Roseville,38.77963,-121.36798,651.0,24009,278.57142857142856,36.88018433179724,Locally sparse - chargers nearby
95757,5102,845,109,202,10,212,4,Elk Grove,38.33886,-121.43643,379.0,13930,24.066037735849058,36.754617414248024,Well served
95758,3355,698,16,25,47,72,27,Elk Grove,38.42932,-121.44603,859.0,27990,46.59722222222222,32.584400465657744,Well served
95762,5069,1575,11,17,14,31,8,El Dorado Hills,38.67694,-121.05755,335.0,17687,163.51612903225808,52.797014925373134,Locally sparse - chargers nearby
95765,3394,862,7,6,9,15,0,Rocklin,38.81982,-121.27772,543.0,30418,226.26666666666668,56.01841620626151,Locally sparse - chargers nearby
95776,1295,263,12,16,46,62,24,Woodland,38.68889,-121.70776,191.0,7397,20.887096774193548,38.72774869109948,Well served
95811,608,231,48,99,0,99,13,Sacramento,38.58761,-121.49077,1743.0,37456,6.141414141414141,21.48938611589214,"Fewer than 1,000 EVs"
95814,721,645,146,333,34,367,46,Sacramento,38.58064,-121.49488,1692.0,37721,1.9645776566757494,22.29373522458629,"Fewer than 1,000 EVs"
95815,444,98,18,64,72,136,24,Sacramento,38.60544,-121.44497,1879.0,44292,3.264705882352941,23.57211282597126,"Fewer than 1,000 EVs"
95816,2563,553,11,19,6,25,2,Sacramento,38.57555,-121.46543,1800.0,40935,102.52,22.741666666666667,Locally sparse - chargers nearby
95817,505,150,57,185,8,193,74,Sacramento,38.55057,-121.45713,1834.0,43692,2.616580310880829,23.823336968375138,"Fewer than 1,000 EVs"
95818,1723,543,2,0,12,12,6,Sacramento,38.55579,-121.49669,1687.0,37138,143.58333333333334,22.014226437462952,Locally sparse - chargers nearby
95819,1365,417,8,43,0,43,15,Sacramento,38.56816,-121.43772,1904.0,46934,31.74418604651163,24.650210084033613,Well served
95820,813,190,14,46,4,50,0,Sacramento,38.53491,-121.4442,1867.0,38843,16.26,20.80503481521157,"Fewer than 1,000 EVs"
95821,1118,246,4,7,0,7,0,Sacramento,38.62541,-121.38479,1965.0,45780,159.71428571428572,23.297709923664122,Locally sparse - chargers nearby
95822,1467,405,13,32,8,40,10,Sacramento,38.51273,-121.49556,1744.0,35681,36.675,20.459288990825687,Well served
95823,1379,192,12,16,54,70,0,Sacramento,38.47473,-121.44266,1679.0,36398,19.7,21.678379988088146,Well served
95824,441,62,1,5,0,5,0,Sacramento,38.51746,-121.44147,1755.0,40404,88.2,23.022222222222222,"Fewer than 1,000 EVs"
95825,978,240,5,44,14,58,0,Sacramento,38.5901,-121.40644,1982.0,48767,16.862068965517242,24.60494450050454,"Fewer than 1,000 EVs"
95826,1122,276,13,25,20,45,5,Sacramento,38.54554,-121.37885,1884.0,46835,24.933333333333334,24.859341825902334,Well served
95827,807,195,26,44,12,56,8,Sacramento,38.55151,-121.3253,1635.0,40087,14.410714285714286,24.518042813455658,"Fewer than 1,000 EVs"
95828,2030,311,4,6,6,12,2,Sacramento,38.48943,-121.39598,1684.0,32093,169.16666666666666,19.057600950118765,Locally sparse - chargers nearby
95829,2395,362,2,3,0,3,0,Sacramento,38.48759,-121.33326,1188.0,34224,798.3333333333334,28.80808080808081,Locally sparse - chargers nearby
95830,48,11,0,0,0,0,0,,38.49415,-121.27229,742.0,24048,,32.40970350404313,"Fewer than 1,000 EVs"
95831,2199,612,4,10,0,10,0,Sacramento,38.49599,-121.52948,1541.0,28012,219.9,18.17780661907852,Locally sparse - chargers nearby
95832,265,45,4,6,28,34,0,Sacramento,38.43979,-121.49888,1248.0,27519,7.794117647058823,22.05048076923077,"Fewer than 1,000 EVs"
95833,1433,306,36,102,12,114,7,Sacramento,38.61529,-121.51558,1603.0,30725,12.570175438596491,19.167186525265127,Well served
95834,2917,860,30,59,42,101,10,Sacramento,38.64207,-121.51967,1540.0,30397,28.88118811881188,19.73831168831169,Well served
95835,3272,637,17,61,0,61,0,Sacramento,38.67088,-121.52464,1376.0,28971,53.63934426229508,21.054505813953487,Well served
95837,26,10,3,4,8,12,4,Sacramento,38.68925,-121.59537,919.0,14531,2.1666666666666665,15.811751904243744,"Fewer than 1,000 EVs"
95838,751,128,5,9,3,12,0,Sacramento,38.64708,-121.44312,1868.0,39809,62.583333333333336,21.3110278372591,"Fewer than 1,000 EVs"
95841,582,132,6,54,14,68,14,Sacramento,38.66031,-121.34812,1894.0,47850,8.558823529411764,25.263991552270326,"Fewer than 1,000 EVs"
95842,845,159,4,2,20,22,2,Sacramento,38.687,-121.34889,1234.0,49428,38.40909090909091,40.055105348460295,"Fewer than 1,000 EVs"
95843,2148,313,1,1,0,1,1,Antelope,38.71532,-121.36366,1082.0,43571,2148.0,40.26894639556377,Locally sparse - chargers nearby
95864,1732,515,2,3,0,3,1,Sacramento,38.58512,-121.37655,1961.0,48397,577.3333333333334,24.67975522692504,Locally sparse - chargers nearby
95901,516,109,4,4,12,16,0,Marysville,39.2225,-121.48855,42.0,616,32.25,14.666666666666666,"Fewer than 1,000 EVs"
95903,39,6,0,0,0,0,0,,39.11337,-121.37192,9.0,710,,78.88888888888889,"Fewer than 1,000 EVs"
95910,1,0,0,0,0,0,0,,39.46742,-120.83158,2.0,802,,401.0,"Fewer than 1,000 EVs"
95912,59,14,0,0,0,0,0,,39.0016,-122.07462,7.0,79,,11.285714285714286,"Fewer than 1,000 EVs"
95913,3,3,0,0,0,0,0,,39.62899,-122.19215,12.0,164,,13.666666666666666,"Fewer than 1,000 EVs"
95914,11,4,0,0,0,0,0,,39.40756,-121.37878,12.0,415,,34.583333333333336,"Fewer than 1,000 EVs"
95916,3,3,0,0,0,0,0,,39.65945,-121.37375,0.0,8,,,"Fewer than 1,000 EVs"
95917,38,6,0,0,0,0,0,,39.42392,-121.77178,2.0,151,,75.5,"Fewer than 1,000 EVs"
95918,61,15,0,0,0,0,0,,39.301,-121.34547,9.0,1022,,113.55555555555556,"Fewer than 1,000 EVs"
95919,8,3,0,0,0,0,0,,39.43445,-121.26554,9.0,362,,40.22222222222222,"Fewer than 1,000 EVs"
95920,6,2,0,0,0,0,0,,39.46071,-121.93702,0.0,58,,,"Fewer than 1,000 EVs"
95922,3,0,0,0,0,0,0,,39.47033,-121.07736,4.0,39,,9.75,"Fewer than 1,000 EVs"
95925,2,1,0,0,0,0,0,,39.46798,-121.18006,13.0,53,,4.076923076923077,"Fewer than 1,000 EVs"
95926,686,204,3,4,1,5,2,Chico,39.74573,-121.84396,126.0,2534,137.2,20.11111111111111,"Fewer than 1,000 EVs"
95928,907,259,35,80,36,116,31,Chico,39.68317,-121.83528,126.0,1708,7.818965517241379,13.555555555555555,"Fewer than 1,000 EVs"
95930,3,1,0,0,0,0,0,,39.54679,-121.1606,0.0,21,,,"Fewer than 1,000 EVs"
95932,69,13,1,8,0,8,0,Colusa,39.26839,-122.00426,9.0,69,8.625,7.666666666666667,"Fewer than 1,000 EVs"
95934,4,0,0,0,0,0,0,,40.07463,-120.93108,12.0,13,,1.0833333333333333,"Fewer than 1,000 EVs"
95935,8,3,0,0,0,0,0,,39.37369,-121.19615,13.0,136,,10.461538461538462,"Fewer than 1,000 EVs"
95936,5,1,2,2,0,2,1,Downieville,39.56336,-120.79279,2.0,6,2.5,3.0,"Fewer than 1,000 EVs"
95937,16,5,6,2,65,67,6,Dunnigan,38.88403,-121.99847,67.0,92,0.23880597014925373,1.373134328358209,"Fewer than 1,000 EVs"
95938,90,29,0,0,0,0,0,,39.60504,-121.79708,118.0,1000,,8.474576271186441,"Fewer than 1,000 EVs"
95941,5,3,0,0,0,0,0,,39.5588,-121.24157,0.0,21,,,"Fewer than 1,000 EVs"
95942,42,17,0,0,0,0,0,,39.98954,-121.58872,0.0,120,,,"Fewer than 1,000 EVs"
95943,8,1,0,0,0,0,0,,39.57692,-122.0367,0.0,42,,,"Fewer than 1,000 EVs"
95945,605,182,12,20,2,22,4,Grass Valley,39.19426,-120.98199,52.0,921,27.5,17.71153846153846,"Fewer than 1,000 EVs"
95946,355,98,0,0,0,0,0,,39.21052,-121.20467,34.0,1145,,33.6764705882353,"Fewer than 1,000 EVs"
95947,9,5,0,0,0,0,0,,40.15942,-120.84409,0.0,20,,,"Fewer than 1,000 EVs"
95948,104,25,1,0,2,2,0,Gridley,39.34289,-121.75818,2.0,306,52.0,153.0,"Fewer than 1,000 EVs"
95949,601,210,1,0,12,12,0,Grass Valley,39.102,-121.13343,46.0,2060,50.083333333333336,44.78260869565217,"Fewer than 1,000 EVs"
95950,4,1,0,0,0,0,0,,39.05144,-121.92196,0.0,69,,,"Fewer than 1,000 EVs"
95951,25,3,0,0,0,0,0,,39.71473,-122.00197,49.0,1626,,33.183673469387756,"Fewer than 1,000 EVs"
95953,164,22,0,0,0,0,0,,39.25018,-121.77309,14.0,312,,22.285714285714285,"Fewer than 1,000 EVs"
95954,77,17,0,0,0,0,0,,39.94916,-121.54088,0.0,120,,,"Fewer than 1,000 EVs"
95955,10,0,0,0,0,0,0,,39.29657,-122.20454,9.0,10,,1.1111111111111112,"Fewer than 1,000 EVs"
95956,6,4,0,0,0,0,0,,39.8751,-121.12209,0.0,7,,,"Fewer than 1,000 EVs"
95957,6,2,0,0,0,0,0,,39.05366,-121.82379,0.0,1006,,,"Fewer than 1,000 EVs"
95959,796,303,1,4,0,4,0,Nevada City,39.34509,-120.86797,4.0,824,199.0,206.0,"Fewer than 1,000 EVs"
95960,23,7,0,0,0,0,0,,39.39121,-121.0583,4.0,36,,9.0,"Fewer than 1,000 EVs"
95961,911,111,1,1,0,1,0,Olivehurst,39.03343,-121.55754,46.0,2570,911.0,55.869565217391305,"Fewer than 1,000 EVs"
95962,30,12,2,9,0,9,0,Oregon House,39.32669,-121.26876,9.0,532,3.3333333333333335,59.111111111111114,"Fewer than 1,000 EVs"
95963,153,35,2,0,8,8,4,Orland,39.73682,-122.30329,8.0,156,19.125,19.5,"Fewer than 1,000 EVs"
95965,183,50,3,5,8,13,0,Oroville,39.59169,-121.59034,16.0,418,14.076923076923077,26.125,"Fewer than 1,000 EVs"
95966,294,80,1,3,0,3,3,Oroville,39.47332,-121.43284,16.0,324,98.0,20.25,"Fewer than 1,000 EVs"
95968,10,0,0,0,0,0,0,,39.43514,-121.55179,18.0,315,,17.5,"Fewer than 1,000 EVs"
95969,235,42,2,3,8,11,0,Paradise,39.72178,-121.63388,92.0,418,21.363636363636363,4.543478260869565,"Fewer than 1,000 EVs"
95970,3,1,0,0,0,0,0,,39.41159,-122.05176,0.0,9,,,"Fewer than 1,000 EVs"
95971,64,19,3,4,8,12,0,Quincy,39.92895,-120.91608,12.0,64,5.333333333333333,5.333333333333333,"Fewer than 1,000 EVs"
95972,1,0,0,0,0,0,0,,39.42955,-121.33624,12.0,415,,34.583333333333336,"Fewer than 1,000 EVs"
95973,916,224,3,4,1,5,0,Chico,39.88099,-121.8516,10.0,1607,183.2,160.7,"Fewer than 1,000 EVs"
95974,3,0,0,0,0,0,0,,39.4973,-121.75569,11.0,137,,12.454545454545455,"Fewer than 1,000 EVs"
95975,58,22,0,0,0,0,0,,39.22436,-121.15367,34.0,1689,,49.6764705882353,"Fewer than 1,000 EVs"
95977,40,18,0,0,0,0,0,,39.17967,-121.29007,0.0,1154,,,"Fewer than 1,000 EVs"
95978,1,0,0,0,0,0,0,,39.90826,-121.52941,0.0,120,,,"Fewer than 1,000 EVs"
95979,5,3,0,0,0,0,0,,39.29771,-122.47913,0.0,5,,,"Fewer than 1,000 EVs"
95982,44,10,0,0,0,0,0,,39.18051,-121.80746,20.0,1166,,58.3,"Fewer than 1,000 EVs"
95983,7,2,0,0,0,0,0,,40.05827,-120.73897,0.0,16,,,"Fewer than 1,000 EVs"
95984,1,0,0,0,0,0,0,,39.99654,-121.11951,4.0,7,,1.75,"Fewer than 1,000 EVs"
95987,52,10,4,2,21,23,14,Williams,39.10299,-122.2726,23.0,52,2.260869565217391,2.260869565217391,"Fewer than 1,000 EVs"
95988,74,25,1,0,4,4,4,Willows,39.49825,-122.28698,4.0,74,18.5,18.5,"Fewer than 1,000 EVs"
95991,593,132,3,9,6,15,4,Yuba City,39.02205,-121.61317,46.0,2471,39.53333333333333,53.71739130434783,"Fewer than 1,000 EVs"
95993,952,183,2,2,10,12,10,Yuba City,39.08171,-121.68798,44.0,2506,79.33333333333333,56.95454545454545,"Fewer than 1,000 EVs"
96001,830,197,14,26,12,38,0,Redding,40.57731,-122.45443,201.0,2340,21.842105263157894,11.64179104477612,"Fewer than 1,000 EVs"
96002,588,131,34,45,80,125,9,Redding,40.5299,-122.31679,232.0,2550,4.704,10.991379310344827,"Fewer than 1,000 EVs"
96003,791,172,6,19,20,39,0,Redding,40.66664,-122.31564,194.0,2458,20.28205128205128,12.670103092783505,"Fewer than 1,000 EVs"
96006,3,0,0,0,0,0,0,,41.15575,-120.83952,0.0,3,,,"Fewer than 1,000 EVs"
96007,210,41,4,2,13,15,4,Anderson,40.45507,-122.30468,192.0,798,14.0,4.15625,"Fewer than 1,000 EVs"
96008,23,8,0,0,0,0,0,,40.73559,-122.11091,0.0,41,,,"Fewer than 1,000 EVs"
96009,1,0,0,0,0,0,0,,41.06183,-121.04434,0.0,1,,,"Fewer than 1,000 EVs"
96010,2,0,0,0,0,0,0,,40.89735,-123.24365,0.0,8,,,"Fewer than 1,000 EVs"
96011,1,1,0,0,0,0,0,,41.05762,-121.89157,0.0,1,,,"Fewer than 1,000 EVs"
96013,16,2,1,0,8,8,0,Burney,40.97495,-121.68316,8.0,17,2.0,2.125,"Fewer than 1,000 EVs"
96014,1,1,0,0,0,0,0,,41.3579,-122.77305,0.0,1,,,"Fewer than 1,000 EVs"
96015,5,0,0,0,0,0,0,,41.49672,-120.87162,0.0,5,,,"Fewer than 1,000 EVs"
96016,1,0,0,0,0,0,0,,40.90675,-121.52032,8.0,28,,3.5,"Fewer than 1,000 EVs"
96017,4,1,0,0,0,0,0,,41.10776,-122.30751,5.0,24,,4.8,"Fewer than 1,000 EVs"
96019,118,29,0,0,0,0,0,,40.68729,-122.39927,174.0,1739,,9.994252873563218,"Fewer than 1,000 EVs"
96020,15,6,0,0,0,0,0,,40.30089,-121.26286,0.0,43,,,"Fewer than 1,000 EVs"
96021,122,36,8,41,20,61,38,Corning,39.91871,-122.26813,61.0,146,2.0,2.3934426229508197,"Fewer than 1,000 EVs"
96022,211,51,1,0,12,12,0,Cottonwood,40.34232,-122.44814,12.0,211,17.583333333333332,17.583333333333332,"Fewer than 1,000 EVs"
96023,1,0,0,0,0,0,0,,41.92108,-121.97592,0.0,1,,,"Fewer than 1,000 EVs"
96024,20,8,0,0,0,0,0,,40.58767,-122.90143,8.0,42,,5.25,"Fewer than 1,000 EVs"
96025,20,3,3,4,1,5,4,Dunsmuir,41.20409,-122.32523,54.0,197,4.0,3.6481481481481484,"Fewer than 1,000 EVs"
96027,13,1,0,0,0,0,0,,41.36558,-123.07799,0.0,13,,,"Fewer than 1,000 EVs"
96028,8,1,0,0,0,0,0,,41.00761,-121.45731,0.0,21,,,"Fewer than 1,000 EVs"
96029,1,1,0,0,0,0,0,,39.94003,-122.48743,0.0,1,,,"Fewer than 1,000 EVs"
96031,1,0,0,0,0,0,0,,41.17262,-123.18029,0.0,1,,,"Fewer than 1,000 EVs"
96032,19,6,0,0,0,0,0,,41.58503,-122.98291,0.0,21,,,"Fewer than 1,000 EVs"
96033,2,0,0,0,0,0,0,,40.75076,-122.60004,0.0,15,,,"Fewer than 1,000 EVs"
96034,3,0,0,0,0,0,0,,41.44177,-122.60772,0.0,3,,,"Fewer than 1,000 EVs"
96035,20,8,0,0,0,0,0,,40.04168,-122.18254,65.0,178,,2.7384615384615385,"Fewer than 1,000 EVs"
96037,2,1,0,0,0,0,0,,41.54368,-122.93177,0.0,21,,,"Fewer than 1,000 EVs"
96038,4,0,0,0,0,0,0,,41.60827,-122.54576,30.0,4,,0.13333333333333333,"Fewer than 1,000 EVs"
96039,1,1,0,0,0,0,0,,41.66376,-123.37711,0.0,1,,,"Fewer than 1,000 EVs"
96040,3,1,0,0,0,0,0,,40.79393,-121.47397,0.0,4,,,"Fewer than 1,000 EVs"
96041,12,5,0,0,0,0,0,,40.52059,-123.19991,0.0,12,,,"Fewer than 1,000 EVs"
96044,9,1,0,0,0,0,0,,41.95384,-122.64853,0.0,9,,,"Fewer than 1,000 EVs"
96046,3,1,0,0,0,0,0,,40.61118,-123.43151,0.0,3,,,"Fewer than 1,000 EVs"
96047,15,4,0,0,0,0,0,,40.47695,-122.69889,0.0,15,,,"Fewer than 1,000 EVs"
96048,9,2,0,0,0,0,0,,40.82613,-123.05594,8.0,61,,7.625,"Fewer than 1,000 EVs"
96050,1,1,0,0,0,0,0,,41.85389,-122.95689,0.0,2,,,"Fewer than 1,000 EVs"
96051,18,5,2,2,1,3,1,Lakehead,40.90112,-122.35664,3.0,18,6.0,6.0,"Fewer than 1,000 EVs"
96052,22,7,1,2,0,2,2,Lewiston,40.68515,-122.80342,10.0,94,11.0,9.4,"Fewer than 1,000 EVs"
96055,30,8,0,0,0,0,0,,40.10249,-122.03213,0.0,61,,,"Fewer than 1,000 EVs"
96056,12,3,0,0,0,0,0,,41.07178,-121.32607,0.0,20,,,"Fewer than 1,000 EVs"
96057,14,2,0,0,0,0,0,,41.26144,-122.0118,0.0,14,,,"Fewer than 1,000 EVs"
96058,3,0,0,0,0,0,0,,41.74536,-121.9337,0.0,3,,,"Fewer than 1,000 EVs"
96059,4,0,0,0,0,0,0,,40.42947,-121.83465,2.0,67,,33.5,"Fewer than 1,000 EVs"
96061,2,0,0,0,0,0,0,,40.34407,-121.48767,4.0,3,,0.75,"Fewer than 1,000 EVs"
96062,23,12,0,0,0,0,0,,40.56373,-122.06646,4.0,172,,43.0,"Fewer than 1,000 EVs"
96063,1,0,2,4,0,4,2,Mineral,40.35708,-121.60236,4.0,3,0.25,0.75,"Fewer than 1,000 EVs"
96064,33,4,0,0,0,0,0,,41.76371,-122.36433,0.0,33,,,"Fewer than 1,000 EVs"
96065,2,3,0,0,0,0,0,,40.88056,-121.95433,0.0,9,,,"Fewer than 1,000 EVs"
96067,173,51,11,12,37,49,24,Mount Shasta,41.31664,-122.31736,93.0,193,3.5306122448979593,2.075268817204301,"Fewer than 1,000 EVs"
96069,18,12,0,0,0,0,0,,40.68226,-122.02341,0.0,82,,,"Fewer than 1,000 EVs"
96073,131,34,1,4,0,4,0,Palo Cedro,40.59047,-122.20537,195.0,1533,32.75,7.861538461538461,"Fewer than 1,000 EVs"
96075,3,2,0,0,0,0,0,,40.35582,-121.87196,0.0,7,,,"Fewer than 1,000 EVs"
96076,1,0,0,0,0,0,0,,40.37547,-122.92996,0.0,1,,,"Fewer than 1,000 EVs"
96078,2,1,0,0,0,0,0,,40.08245,-122.17607,39.0,56,,1.435897435897436,"Fewer than 1,000 EVs"
96080,308,75,13,11,28,39,11,Red Bluff,40.16386,-122.39171,39.0,308,7.897435897435898,7.897435897435898,"Fewer than 1,000 EVs"
96084,7,1,0,0,0,0,0,,40.79395,-121.91519,0.0,27,,,"Fewer than 1,000 EVs"
96085,1,0,0,0,0,0,0,,41.73245,-123.05145,0.0,2,,,"Fewer than 1,000 EVs"
96087,13,0,0,0,0,0,0,,40.63296,-122.58067,0.0,845,,,"Fewer than 1,000 EVs"
96088,60,13,1,2,0,2,2,Shingletown,40.50983,-121.88848,2.0,75,30.0,37.5,"Fewer than 1,000 EVs"
96090,4,0,0,0,0,0,0,,40.00681,-122.12142,31.0,183,,5.903225806451613,"Fewer than 1,000 EVs"
96091,6,3,2,2,0,2,2,Coffee Creek,41.04567,-122.78053,2.0,6,3.0,3.0,"Fewer than 1,000 EVs"
96092,5,3,0,0,0,0,0,,39.97344,-121.97342,0.0,955,,,"Fewer than 1,000 EVs"
96093,52,16,1,0,8,8,0,Weaverville,40.77237,-122.94329,10.0,83,6.5,8.3,"Fewer than 1,000 EVs"
96094,98,15,6,2,37,39,0,Weed,41.51214,-122.36253,39.0,98,2.5128205128205128,2.5128205128205128,"Fewer than 1,000 EVs"
96096,11,5,0,0,0,0,0,,40.63738,-121.87552,2.0,89,,44.5,"Fewer than 1,000 EVs"
96097,64,12,7,4,26,30,5,Yreka,41.76234,-122.65921,30.0,64,2.1333333333333333,2.1333333333333333,"Fewer than 1,000 EVs"
96101,25,1,2,2,8,10,2,Alturas,41.45803,-120.5043,10.0,25,2.5,2.5,"Fewer than 1,000 EVs"
96103,16,1,2,4,0,4,4,Graeagle,39.78446,-120.66969,6.0,27,4.0,4.5,"Fewer than 1,000 EVs"
96104,3,0,0,0,0,0,0,,41.48248,-120.12725,0.0,3,,,"Fewer than 1,000 EVs"
96105,2,0,0,0,0,0,0,,39.82478,-120.1821,0.0,4,,,"Fewer than 1,000 EVs"
96106,11,1,1,2,0,2,2,Clio,39.73552,-120.54388,14.0,73,5.5,5.214285714285714,"Fewer than 1,000 EVs"
96107,6,1,1,0,4,4,0,Coleville,38.45215,-119.51421,4.0,6,1.5,1.5,"Fewer than 1,000 EVs"
96108,1,0,0,0,0,0,0,,41.77687,-120.42351,0.0,1,,,"Fewer than 1,000 EVs"
96109,7,0,0,0,0,0,0,,39.99747,-120.09521,0.0,7,,,"Fewer than 1,000 EVs"
96111,3,1,0,0,0,0,0,,39.41571,-120.01648,19.0,3,,0.15789473684210525,"Fewer than 1,000 EVs"
96113,1,0,0,0,0,0,0,,40.18577,-120.14609,0.0,1,,,"Fewer than 1,000 EVs"
96114,19,4,0,0,0,0,0,,40.2945,-120.49359,1.0,21,,21.0,"Fewer than 1,000 EVs"
96115,0,0,1,2,0,2,2,Lake City,41.70753,-120.14047,2.0,0,0.0,0.0,"Fewer than 1,000 EVs"
96117,2,1,0,0,0,0,0,,40.54556,-120.23978,0.0,2,,,"Fewer than 1,000 EVs"
96118,15,0,1,1,0,1,0,Loyalton,39.64823,-120.25392,1.0,15,15.0,15.0,"Fewer than 1,000 EVs"
96119,1,0,0,0,0,0,0,,41.03353,-120.55264,0.0,1,,,"Fewer than 1,000 EVs"
96120,31,7,2,4,0,4,4,Hope Valley,38.745,-119.82485,4.0,31,7.75,7.75,"Fewer than 1,000 EVs"
96121,1,0,0,0,0,0,0,,40.16938,-120.37659,0.0,1,,,"Fewer than 1,000 EVs"
96122,33,4,1,0,8,8,0,Portola,39.82082,-120.47652,13.0,46,4.125,3.5384615384615383,"Fewer than 1,000 EVs"
96124,5,1,0,0,0,0,0,,39.63918,-120.46194,2.0,29,,14.5,"Fewer than 1,000 EVs"
96125,8,0,0,0,0,0,0,,39.61526,-120.60493,3.0,24,,8.0,"Fewer than 1,000 EVs"
96126,5,2,0,0,0,0,0,,39.54764,-120.38999,0.0,10,,,"Fewer than 1,000 EVs"
96128,2,0,0,0,0,0,0,,40.34948,-120.40198,0.0,21,,,"Fewer than 1,000 EVs"
96129,2,2,0,0,0,0,0,,39.81848,-120.35346,11.0,37,,3.3636363636363638,"Fewer than 1,000 EVs"
96130,63,6,5,7,8,15,4,Susanville,40.54992,-120.63064,15.0,63,4.2,4.2,"Fewer than 1,000 EVs"
96133,2,1,0,0,0,0,0,,38.63181,-119.50423,4.0,2,,0.5,"Fewer than 1,000 EVs"
96134,5,1,1,2,0,2,0,Tulelake,41.8444,-121.41231,2.0,5,2.5,2.5,"Fewer than 1,000 EVs"
96137,28,8,0,0,0,0,0,,40.38554,-121.12478,0.0,43,,,"Fewer than 1,000 EVs"
96140,62,16,0,0,0,0,0,,39.23244,-120.10364,146.0,393,,2.691780821917808,"Fewer than 1,000 EVs"
96141,19,1,0,0,0,0,0,,39.10297,-120.19872,41.0,277,,6.7560975609756095,"Fewer than 1,000 EVs"
96142,23,9,0,0,0,0,0,,39.0138,-120.09592,83.0,547,,6.590361445783133,"Fewer than 1,000 EVs"
96143,57,7,0,0,0,0,0,,39.26174,-120.02817,90.0,325,,3.611111111111111,"Fewer than 1,000 EVs"
96145,167,40,8,12,6,18,8,Tahoe City,39.18203,-120.15143,106.0,412,9.277777777777779,3.8867924528301887,"Fewer than 1,000 EVs"
96146,68,22,3,23,0,23,11,Olympic Valley,39.22556,-120.23681,148.0,1465,2.9565217391304346,9.89864864864865,"Fewer than 1,000 EVs"
96148,39,7,1,2,0,2,2,Tahoe Vista,39.24978,-120.05767,124.0,393,19.5,3.1693548387096775,"Fewer than 1,000 EVs"
96150,505,102,21,53,38,91,24,South Lake Tahoe,38.88971,-120.04409,93.0,539,5.549450549450549,5.795698924731183,"Fewer than 1,000 EVs"
96155,8,0,0,0,0,0,0,,38.75294,-120.09222,24.0,522,,21.75,"Fewer than 1,000 EVs"
96161,1110,238,27,44,59,103,45,Truckee,39.34848,-120.22603,105.0,1178,10.776699029126213,11.219047619047618,Well served
